 <-1> 08/04/2026 10:15:41.404     [Error  ] - 警告:照会モードのためレコードは修正できません., Program: "メニュー　　　　　　　　　画面.サブメニュー起動.得意先ﾒﾝﾃﾅﾝｽ(ﾗｲﾝ) 　　　　画面".
 <-1> 08/04/2026 10:17:34.439     [Error  ] - 警告:照会モードのためレコードは修正できません., Program: "メニュー　　　　　　　　　画面.サブメニュー起動.得意先ﾒﾝﾃﾅﾝｽ(ﾗｲﾝ) 　　　　画面".
 <-1> 08/04/2026 10:17:42.253     [Error  ] - 小分類CDを入力して下さい。, Program: "メニュー　　　　　　　　　画面.サブメニュー起動.商品ﾒﾝﾃﾅﾝｽ(ﾗｲﾝ)　 　　　　画面.商品ﾒﾝﾃﾅﾝｽ(ｽｸﾘｰﾝ)　 　　　画面".
 <-1> 08/04/2026 10:17:58.196     [Error  ] - 警告:照会モードのためレコードは修正できません., Program: "メニュー　　　　　　　　　画面.サブメニュー起動.商品ﾒﾝﾃﾅﾝｽ(ﾗｲﾝ)　 　　　　画面".
 <-1> 08/04/2026 10:19:03.827     [Error  ] - ビューにレコードがありません., Program: "メニュー　　　　　　　　　画面.サブメニュー起動.商品ﾒﾝﾃﾅﾝｽ(ﾗｲﾝ)　 　　　　画面".
 <-1> 08/04/2026 11:33:25.214     [Error  ] - 警告:照会モードのためレコードは修正できません., Program: "メニュー　　　　　　　　　画面.サブメニュー起動.商品ﾒﾝﾃﾅﾝｽ(ﾗｲﾝ)　 　　　　画面".
 <-1> 08/04/2026 11:33:33.515     [Error  ] - 警告:照会モードのためレコードは修正できません., Program: "メニュー　　　　　　　　　画面.サブメニュー起動.商品ﾒﾝﾃﾅﾝｽ(ﾗｲﾝ)　 　　　　画面".
 <-1> 08/04/2026 11:33:45.390     [Error  ] - 警告:照会モードのためレコードは修正できません., Program: "メニュー　　　　　　　　　画面.サブメニュー起動.商品ﾒﾝﾃﾅﾝｽ(ﾗｲﾝ)　 　　　　画面".
 <-1> 08/04/2026 11:33:57.564     [Error  ] - 警告:照会モードのためレコードは修正できません., Program: "メニュー　　　　　　　　　画面.サブメニュー起動.商品ﾒﾝﾃﾅﾝｽ(ﾗｲﾝ)　 　　　　画面".
 <-1> 08/04/2026 11:34:06.461     [Error  ] - 警告:照会モードのためレコードは修正できません., Program: "メニュー　　　　　　　　　画面.サブメニュー起動.商品ﾒﾝﾃﾅﾝｽ(ﾗｲﾝ)　 　　　　画面".
 <-1> 08/04/2026 12:08:49.597     [Error  ] - 警告:照会モードのためレコードは修正できません., Program: "商品ﾒﾝﾃﾅﾝｽ(ﾗｲﾝ)　 　　　　画面".
 <-1> 08/04/2026 14:04:29.670     [Error  ] - ビューにレコードがありません., Program: "メニュー　　　　　　　　　画面.サブメニュー起動.商品ﾒﾝﾃﾅﾝｽ(ﾗｲﾝ)　 　　　　画面".
 <-1> 08/04/2026 14:05:16.019     [Error  ] - ビューにレコードがありません., Program: "メニュー　　　　　　　　　画面.サブメニュー起動.商品ﾒﾝﾃﾅﾝｽ(ﾗｲﾝ)　 　　　　画面".
 <-1> 08/04/2026 14:06:39.294     [Error  ] - ビューにレコードがありません., Program: "メニュー　　　　　　　　　画面.サブメニュー起動.商品ﾒﾝﾃﾅﾝｽ(ﾗｲﾝ)　 　　　　画面".
 <-1> 08/04/2026 14:09:37.694     [Error  ] - ビューにレコードがありません., Program: "メニュー　　　　　　　　　画面.サブメニュー起動.商品ﾒﾝﾃﾅﾝｽ(ﾗｲﾝ)　 　　　　画面".
 <-1> 08/04/2026 14:49:45.861     [Error  ] - ビューにレコードがありません., Program: "メニュー　　　　　　　　　画面.サブメニュー起動.商品ﾒﾝﾃﾅﾝｽ(ﾗｲﾝ)　 　　　　画面".
 <-1> 08/04/2026 14:50:41.752     [Error  ] - ビューにレコードがありません., Program: "メニュー　　　　　　　　　画面.サブメニュー起動.商品ﾒﾝﾃﾅﾝｽ(ﾗｲﾝ)　 　　　　画面".
 <-1> 08/04/2026 14:59:12.036     [Error  ] - 範囲内のレコードがありません., Program: "得意先別売上単価ﾒﾝﾃﾅﾝｽ　　画面".
 <-1> 08/04/2026 15:04:57.183     [Error  ] - 範囲内のレコードがありません., Program: "得意先別売上単価ﾒﾝﾃﾅﾝｽ　　画面".
 <-1> 08/04/2026 15:08:11.680     [Error  ] - 範囲内のレコードがありません., Program: "得意先別売上単価ﾒﾝﾃﾅﾝｽ　　画面".
 <-1> 08/04/2026 15:09:33.551     [Error  ] - 範囲内のレコードがありません., Program: "得意先別売上単価ﾒﾝﾃﾅﾝｽ　　画面".
 <-1> 08/04/2026 15:12:16.954     [Error  ] - 警告:照会モードのためレコードは修正できません., Program: "得意先ﾒﾝﾃﾅﾝｽ(ﾗｲﾝ) 　　　　画面".
 <-1> 08/04/2026 15:12:45.556     [Error  ] - 範囲内のレコードがありません., Program: "得意先別売上単価ﾒﾝﾃﾅﾝｽ　　画面".
 <-1> 08/04/2026 15:13:15.146     [Error  ] - 範囲内のレコードがありません., Program: "得意先別売上単価ﾒﾝﾃﾅﾝｽ　　画面".
 <-1> 08/04/2026 15:27:32.869     [Error  ] - 範囲内のレコードがありません., Program: "メニュー　　　　　　　　　画面.サブメニュー起動.仕入先別売上単価ﾒﾝﾃﾅﾝｽ　　画面".
 <-1> 08/04/2026 15:31:06.428     [Error  ] - 範囲内のレコードがありません., Program: "得意先別売上単価ﾒﾝﾃﾅﾝｽ　　画面".
 <-1> 08/04/2026 15:32:49.931     [Error  ] - 範囲内のレコードがありません., Program: "得意先別売上単価ﾒﾝﾃﾅﾝｽ　　画面".
 <-1> 08/04/2026 15:34:11.949     [Error  ] - 範囲内のレコードがありません., Program: "仕入先別売上単価ﾒﾝﾃﾅﾝｽ　　画面".
 <-1> 08/04/2026 15:58:01.928     [Error  ] - 警告:照会モードのためレコードは修正できません., Program: "メニュー　　　　　　　　　画面.サブメニュー起動.商品ﾒﾝﾃﾅﾝｽ(ﾗｲﾝ)　 　　　　画面".
 <-1> 08/04/2026 15:58:10.645     [Error  ] - 警告:照会モードのためレコードは修正できません., Program: "メニュー　　　　　　　　　画面.サブメニュー起動.商品ﾒﾝﾃﾅﾝｽ(ﾗｲﾝ)　 　　　　画面".
 <-1> 08/04/2026 16:50:55.703     [Error  ] - 範囲内のレコードがありません., Program: "メニュー　　　　　　　　　画面.サブメニュー起動.得意先別売上単価ﾒﾝﾃﾅﾝｽ　　画面".
 <-1> 08/04/2026 16:51:52.498     [Error  ] - 範囲内のレコードがありません., Program: "得意先別売上単価ﾒﾝﾃﾅﾝｽ　　画面".
 <-1> 08/04/2026 17:22:17.931     [Error  ] - 範囲内のレコードがありません., Program: "得意先別売上単価ﾒﾝﾃﾅﾝｽ　　画面".
 <-1> 08/04/2026 18:13:01.980     [Error  ] - 警告:照会モードのためレコードは修正できません., Program: "メニュー　　　　　　　　　画面.サブメニュー起動.商品ﾒﾝﾃﾅﾝｽ(ﾗｲﾝ)　 　　　　画面".
 <-1> 08/04/2026 18:13:10.320     [Error  ] - 警告:照会モードのためレコードは修正できません., Program: "メニュー　　　　　　　　　画面.サブメニュー起動.商品ﾒﾝﾃﾅﾝｽ(ﾗｲﾝ)　 　　　　画面".
 <-1> 09/04/2026 12:03:32.750     [Error  ] - 処理に失敗しました.他のユーザか処理にによってレコードが変更されています.データソース: product, Program: "メニュー　　　　　　　　　画面.サブメニュー起動.商品ﾒﾝﾃﾅﾝｽ(ﾗｲﾝ)　 　　　　画面.商品ﾒﾝﾃﾅﾝｽ(ｽｸﾘｰﾝ)　 　　　画面.商品ﾏｽﾀ書込".
 <-1> 09/04/2026 12:03:50.612     [Error  ] - 処理に失敗しました.他のユーザか処理にによってレコードが変更されています.データソース: product, Program: "メニュー　　　　　　　　　画面.サブメニュー起動.商品ﾒﾝﾃﾅﾝｽ(ﾗｲﾝ)　 　　　　画面.商品ﾒﾝﾃﾅﾝｽ(ｽｸﾘｰﾝ)　 　　　画面.商品ﾏｽﾀ書込".
 <-1> 09/04/2026 12:07:03.466     [Error  ] - 処理に失敗しました.他のユーザか処理にによってレコードが変更されています.データソース: product, Program: "商品ﾒﾝﾃﾅﾝｽ(ﾗｲﾝ)　 　　　　画面.商品ﾒﾝﾃﾅﾝｽ(ｽｸﾘｰﾝ)　 　　　画面.商品ﾏｽﾀ書込".
 <-1> 09/04/2026 15:31:04.562     [Error  ] - 警告:照会モードのためレコードは修正できません., Program: "メニュー　　　　　　　　　画面.サブメニュー起動.商品ﾒﾝﾃﾅﾝｽ(ﾗｲﾝ)　 　　　　画面".
 <-1> 09/04/2026 15:31:15.794     [Error  ] - 警告:照会モードのためレコードは修正できません., Program: "メニュー　　　　　　　　　画面.サブメニュー起動.商品ﾒﾝﾃﾅﾝｽ(ﾗｲﾝ)　 　　　　画面".
 <-1> 09/04/2026 17:34:47.003     [Error  ] - 警告:照会モードのためレコードは修正できません., Program: "メニュー　　　　　　　　　画面.サブメニュー起動.商品ﾒﾝﾃﾅﾝｽ(ﾗｲﾝ)　 　　　　画面".
 <-1> 09/04/2026 17:34:53.654     [Error  ] - 警告:照会モードのためレコードは修正できません., Program: "メニュー　　　　　　　　　画面.サブメニュー起動.商品ﾒﾝﾃﾅﾝｽ(ﾗｲﾝ)　 　　　　画面".
 <-1> 09/04/2026 17:37:23.591     [Error  ] - 警告:照会モードのためレコードは修正できません., Program: "メニュー　　　　　　　　　画面.サブメニュー起動.商品ﾒﾝﾃﾅﾝｽ(ﾗｲﾝ)　 　　　　画面".
 <-1> 09/04/2026 17:44:01.802     [Error  ] - 処理に失敗しました.他のユーザか処理にによってレコードが変更されています.データソース: product, Program: "メニュー　　　　　　　　　画面.サブメニュー起動.商品ﾒﾝﾃﾅﾝｽ(ﾗｲﾝ)　 　　　　画面.商品ﾒﾝﾃﾅﾝｽ(ｽｸﾘｰﾝ)　 　　　画面.商品ﾏｽﾀ書込".
 <-1> 09/04/2026 17:44:13.479     [Error  ] - 処理に失敗しました.他のユーザか処理にによってレコードが変更されています.データソース: product, Program: "メニュー　　　　　　　　　画面.サブメニュー起動.商品ﾒﾝﾃﾅﾝｽ(ﾗｲﾝ)　 　　　　画面.商品ﾒﾝﾃﾅﾝｽ(ｽｸﾘｰﾝ)　 　　　画面.商品ﾏｽﾀ書込".
 <-1> 09/04/2026 17:44:30.716     [Error  ] - 処理に失敗しました.他のユーザか処理にによってレコードが変更されています.データソース: product, Program: "メニュー　　　　　　　　　画面.サブメニュー起動.商品ﾒﾝﾃﾅﾝｽ(ﾗｲﾝ)　 　　　　画面.商品ﾒﾝﾃﾅﾝｽ(ｽｸﾘｰﾝ)　 　　　画面.商品ﾏｽﾀ書込".
 <-1> 09/04/2026 17:50:33.020     [Error  ] - 処理に失敗しました.他のユーザか処理にによってレコードが変更されています.データソース: product, Program: "商品ﾒﾝﾃﾅﾝｽ(ﾗｲﾝ)　 　　　　画面.商品ﾒﾝﾃﾅﾝｽ(ｽｸﾘｰﾝ)　 　　　画面.商品ﾏｽﾀ書込".
 <-1> 09/04/2026 17:50:36.252     [Error  ] - 警告:照会モードのためレコードは修正できません., Program: "商品ﾒﾝﾃﾅﾝｽ(ﾗｲﾝ)　 　　　　画面".
 <-1> 09/04/2026 17:50:49.523     [Error  ] - 処理に失敗しました.他のユーザか処理にによってレコードが変更されています.データソース: product, Program: "商品ﾒﾝﾃﾅﾝｽ(ﾗｲﾝ)　 　　　　画面.商品ﾒﾝﾃﾅﾝｽ(ｽｸﾘｰﾝ)　 　　　画面.商品ﾏｽﾀ書込".
 <-1> 09/04/2026 17:50:53.767     [Error  ] - 警告:照会モードのためレコードは修正できません., Program: "商品ﾒﾝﾃﾅﾝｽ(ﾗｲﾝ)　 　　　　画面".
 <-1> 09/04/2026 17:52:09.521     [Error  ] - 処理に失敗しました.他のユーザか処理にによってレコードが変更されています.データソース: product, Program: "商品ﾒﾝﾃﾅﾝｽ(ﾗｲﾝ)　 　　　　画面.商品ﾒﾝﾃﾅﾝｽ(ｽｸﾘｰﾝ)　 　　　画面.商品ﾏｽﾀ書込".
 <-1> 09/04/2026 17:52:11.148     [Error  ] - 警告:照会モードのためレコードは修正できません., Program: "商品ﾒﾝﾃﾅﾝｽ(ﾗｲﾝ)　 　　　　画面".
 <-1> 09/04/2026 17:57:05.856     [Error  ] - 処理に失敗しました.他のユーザか処理にによってレコードが変更されています.データソース: product, Program: "商品ﾒﾝﾃﾅﾝｽ(ﾗｲﾝ)　 　　　　画面.商品ﾒﾝﾃﾅﾝｽ(ｽｸﾘｰﾝ)　 　　　画面.商品ﾏｽﾀ書込".
 <-1> 09/04/2026 17:57:09.235     [Error  ] - 警告:照会モードのためレコードは修正できません., Program: "商品ﾒﾝﾃﾅﾝｽ(ﾗｲﾝ)　 　　　　画面".
 <-1> 09/04/2026 18:03:02.659     [Error  ] - ビューにレコードがありません., Program: "商品ﾒﾝﾃﾅﾝｽ(ﾗｲﾝ)　 　　　　画面".
 <-1> 09/04/2026 18:03:38.174     [Error  ] - 処理に失敗しました.他のユーザか処理にによってレコードが変更されています.データソース: product, Program: "商品ﾒﾝﾃﾅﾝｽ(ﾗｲﾝ)　 　　　　画面.商品ﾒﾝﾃﾅﾝｽ(ｽｸﾘｰﾝ)　 　　　画面.商品ﾏｽﾀ書込".
 <-1> 09/04/2026 18:03:46.989     [Error  ] - 警告:照会モードのためレコードは修正できません., Program: "商品ﾒﾝﾃﾅﾝｽ(ﾗｲﾝ)　 　　　　画面".
 <-1> 09/04/2026 18:05:29.783     [Error  ] - 処理に失敗しました.他のユーザか処理にによってレコードが変更されています.データソース: product, Program: "商品ﾒﾝﾃﾅﾝｽ(ﾗｲﾝ)　 　　　　画面.商品ﾒﾝﾃﾅﾝｽ(ｽｸﾘｰﾝ)　 　　　画面.商品ﾏｽﾀ書込".
 <-1> 09/04/2026 18:05:34.481     [Error  ] - 警告:照会モードのためレコードは修正できません., Program: "商品ﾒﾝﾃﾅﾝｽ(ﾗｲﾝ)　 　　　　画面".
 <-1> 09/04/2026 18:07:26.511     [Error  ] - 処理に失敗しました.他のユーザか処理にによってレコードが変更されています.データソース: product, Program: "商品ﾒﾝﾃﾅﾝｽ(ﾗｲﾝ)　 　　　　画面.商品ﾒﾝﾃﾅﾝｽ(ｽｸﾘｰﾝ)　 　　　画面.商品ﾏｽﾀ書込".
 <-1> 09/04/2026 18:07:31.187     [Error  ] - 警告:照会モードのためレコードは修正できません., Program: "商品ﾒﾝﾃﾅﾝｽ(ﾗｲﾝ)　 　　　　画面".
 <-1> 09/04/2026 18:08:57.002     [Error  ] - 処理に失敗しました.他のユーザか処理にによってレコードが変更されています.データソース: product, Program: "商品ﾒﾝﾃﾅﾝｽ(ｽｸﾘｰﾝ)　 　　　画面.商品ﾏｽﾀ書込".
 <-1> 09/04/2026 18:11:46.247     [Error  ] - 処理に失敗しました.他のユーザか処理にによってレコードが変更されています.データソース: product, Program: "商品ﾒﾝﾃﾅﾝｽ(ﾗｲﾝ)　 　　　　画面.商品ﾒﾝﾃﾅﾝｽ(ｽｸﾘｰﾝ)　 　　　画面.商品ﾏｽﾀ書込".
 <-1> 09/04/2026 18:12:02.313     [Error  ] - 処理に失敗しました.他のユーザか処理にによってレコードが変更されています.データソース: product, Program: "商品ﾒﾝﾃﾅﾝｽ(ﾗｲﾝ)　 　　　　画面.商品ﾒﾝﾃﾅﾝｽ(ｽｸﾘｰﾝ)　 　　　画面.商品ﾏｽﾀ書込".
 <-1> 09/04/2026 18:16:02.749     [Error  ] - 処理に失敗しました.他のユーザか処理にによってレコードが変更されています.データソース: product, Program: "商品ﾒﾝﾃﾅﾝｽ(ﾗｲﾝ)　 　　　　画面.商品ﾒﾝﾃﾅﾝｽ(ｽｸﾘｰﾝ)　 　　　画面.商品ﾏｽﾀ書込".
 <-1> 09/04/2026 18:16:06.716     [Error  ] - 警告:照会モードのためレコードは修正できません., Program: "商品ﾒﾝﾃﾅﾝｽ(ﾗｲﾝ)　 　　　　画面".
 <-1> 09/04/2026 18:17:27.480     [Error  ] - 処理に失敗しました.他のユーザか処理にによってレコードが変更されています.データソース: product, Program: "商品ﾒﾝﾃﾅﾝｽ(ﾗｲﾝ)　 　　　　画面.商品ﾒﾝﾃﾅﾝｽ(ｽｸﾘｰﾝ)　 　　　画面.商品ﾏｽﾀ書込".
 <-1> 09/04/2026 18:17:32.848     [Error  ] - 警告:照会モードのためレコードは修正できません., Program: "商品ﾒﾝﾃﾅﾝｽ(ﾗｲﾝ)　 　　　　画面".
 <-1> 09/04/2026 18:19:05.296     [Error  ] - 警告:照会モードのためレコードは修正できません., Program: "メニュー　　　　　　　　　画面.サブメニュー起動.商品ﾒﾝﾃﾅﾝｽ(ﾗｲﾝ)　 　　　　画面".
 <-1> 09/04/2026 18:20:23.396     [Error  ] - 処理に失敗しました.他のユーザか処理にによってレコードが変更されています.データソース: product, Program: "メニュー　　　　　　　　　画面.サブメニュー起動.商品ﾒﾝﾃﾅﾝｽ(ﾗｲﾝ)　 　　　　画面.商品ﾒﾝﾃﾅﾝｽ(ｽｸﾘｰﾝ)　 　　　画面.商品ﾏｽﾀ書込".
 <-1> 09/04/2026 18:20:28.303     [Error  ] - 警告:照会モードのためレコードは修正できません., Program: "メニュー　　　　　　　　　画面.サブメニュー起動.商品ﾒﾝﾃﾅﾝｽ(ﾗｲﾝ)　 　　　　画面".
 <-1> 09/04/2026 18:23:13.248     [Error  ] - 処理に失敗しました.他のユーザか処理にによってレコードが変更されています.データソース: product, Program: "メニュー　　　　　　　　　画面.サブメニュー起動.商品ﾒﾝﾃﾅﾝｽ(ﾗｲﾝ)　 　　　　画面.商品ﾒﾝﾃﾅﾝｽ(ｽｸﾘｰﾝ)　 　　　画面.商品ﾏｽﾀ書込".
 <-1> 09/04/2026 18:23:19.767     [Error  ] - 警告:照会モードのためレコードは修正できません., Program: "メニュー　　　　　　　　　画面.サブメニュー起動.商品ﾒﾝﾃﾅﾝｽ(ﾗｲﾝ)　 　　　　画面".
 <-1> 09/04/2026 18:23:30.804     [Error  ] - 処理に失敗しました.他のユーザか処理にによってレコードが変更されています.データソース: product, Program: "メニュー　　　　　　　　　画面.サブメニュー起動.商品ﾒﾝﾃﾅﾝｽ(ﾗｲﾝ)　 　　　　画面.商品ﾒﾝﾃﾅﾝｽ(ｽｸﾘｰﾝ)　 　　　画面.商品ﾏｽﾀ書込".
 <-1> 09/04/2026 18:23:34.753     [Error  ] - 警告:照会モードのためレコードは修正できません., Program: "メニュー　　　　　　　　　画面.サブメニュー起動.商品ﾒﾝﾃﾅﾝｽ(ﾗｲﾝ)　 　　　　画面".
 <-1> 09/04/2026 18:25:58.236     [Error  ] - 処理に失敗しました.他のユーザか処理にによってレコードが変更されています.データソース: product, Program: "メニュー　　　　　　　　　画面.サブメニュー起動.商品ﾒﾝﾃﾅﾝｽ(ﾗｲﾝ)　 　　　　画面.商品ﾒﾝﾃﾅﾝｽ(ｽｸﾘｰﾝ)　 　　　画面.商品ﾏｽﾀ書込".
 <-1> 09/04/2026 18:26:26.756     [Error  ] - 警告:照会モードのためレコードは修正できません., Program: "メニュー　　　　　　　　　画面.サブメニュー起動.商品ﾒﾝﾃﾅﾝｽ(ﾗｲﾝ)　 　　　　画面".
 <-1> 09/04/2026 18:28:54.693     [Error  ] - 処理に失敗しました.他のユーザか処理にによってレコードが変更されています.データソース: product, Program: "メニュー　　　　　　　　　画面.サブメニュー起動.商品ﾒﾝﾃﾅﾝｽ(ﾗｲﾝ)　 　　　　画面.商品ﾒﾝﾃﾅﾝｽ(ｽｸﾘｰﾝ)　 　　　画面.商品ﾏｽﾀ書込".
 <-1> 09/04/2026 18:28:57.387     [Error  ] - 警告:照会モードのためレコードは修正できません., Program: "メニュー　　　　　　　　　画面.サブメニュー起動.商品ﾒﾝﾃﾅﾝｽ(ﾗｲﾝ)　 　　　　画面".
 <-1> 09/04/2026 20:26:03.970     [Error  ] - 処理に失敗しました.他のユーザか処理にによってレコードが変更されています.データソース: product, Program: "商品ﾒﾝﾃﾅﾝｽ(ﾗｲﾝ)　 　　　　画面.商品ﾒﾝﾃﾅﾝｽ(ｽｸﾘｰﾝ)　 　　　画面.商品ﾏｽﾀ書込".
 <-1> 09/04/2026 20:26:06.206     [Error  ] - 警告:照会モードのためレコードは修正できません., Program: "商品ﾒﾝﾃﾅﾝｽ(ﾗｲﾝ)　 　　　　画面".
 <-1> 09/04/2026 21:20:25.885     [Error  ] - 警告:照会モードのためレコードは修正できません., Program: "メニュー　　　　　　　　　画面.サブメニュー起動.商品ﾒﾝﾃﾅﾝｽ(ﾗｲﾝ)　 　　　　画面".
 <-1> 09/04/2026 21:26:44.524     [Error  ] - 警告:照会モードのためレコードは修正できません., Program: "メニュー　　　　　　　　　画面.サブメニュー起動.商品ﾒﾝﾃﾅﾝｽ(ﾗｲﾝ)　 　　　　画面".
 <-1> 09/04/2026 21:26:52.026     [Error  ] - 警告:照会モードのためレコードは修正できません., Program: "メニュー　　　　　　　　　画面.サブメニュー起動.商品ﾒﾝﾃﾅﾝｽ(ﾗｲﾝ)　 　　　　画面".
 <-1> 10/04/2026 09:48:01.309     [Error  ] - 警告:照会モードのためレコードは修正できません., Program: "メニュー　　　　　　　　　画面.サブメニュー起動.商品ﾒﾝﾃﾅﾝｽ(ﾗｲﾝ)　 　　　　画面".
 <-1> 10/04/2026 09:48:17.181     [Error  ] - 小分類CDを入力して下さい。, Program: "メニュー　　　　　　　　　画面.サブメニュー起動.商品ﾒﾝﾃﾅﾝｽ(ﾗｲﾝ)　 　　　　画面.商品ﾒﾝﾃﾅﾝｽ(ｽｸﾘｰﾝ)　 　　　画面".
 <-1> 10/04/2026 09:48:40.839     [Error  ] - ビューにレコードがありません., Program: "メニュー　　　　　　　　　画面.サブメニュー起動.商品ﾒﾝﾃﾅﾝｽ(ﾗｲﾝ)　 　　　　画面".
 <-1> 10/04/2026 10:58:43.996     [Error  ] - 範囲内のレコードがありません., Program: "産地        　　　　　　　検索".
 <-1> 10/04/2026 11:00:36.219     [Error  ] - 範囲内のレコードがありません., Program: "産地        　　　　　　　検索".
 <-1> 10/04/2026 11:03:13.224     [Error  ] - 範囲内のレコードがありません., Program: "産地        　　　　　　　検索".
 <-1> 12/04/2026 23:13:09.735     [Error  ] - 警告:照会モードのためレコードは修正できません., Program: "得意先ﾒﾝﾃﾅﾝｽ(ﾗｲﾝ) 　　　　画面".
 <-1> 12/04/2026 23:30:31.111     [Error  ] - 小分類CDを入力して下さい。, Program: "メニュー　　　　　　　　　画面.メニュー起動.売上一覧　　　　　　　　　画面.売上入力　　　　　　　　　画面.明細入力.商品　　　　　　　　　　　検索.商品ﾒﾝﾃﾅﾝｽ(ｽｸﾘｰﾝ)　 　　　画面".
 <-1> 12/04/2026 23:31:09.487     [Error  ] - ビューにレコードがありません., Program: "メニュー　　　　　　　　　画面.サブメニュー起動.商品ﾒﾝﾃﾅﾝｽ(ﾗｲﾝ)　 　　　　画面".
 <-1> 14/04/2026 10:11:43.463     [Error  ] - SQLコマンドが正しくありません.データベース.: MySQL Database, Program: "メニュー　　　　　　　　　画面.メニュー起動.請求一覧　　　　　　　　　画面.請求データ 表示.請求書　　　　　　　　　　発行.請求書 打ち出し.消費税率　　　　　　　　　取得".
 <-1> 14/04/2026 10:11:43.465     [Error  ] - [MySQL][ODBC 8.0(a) Driver][mysqld-8.0.40]Incorrect DATE value: ' NULL ', Program: "メニュー　　　　　　　　　画面.メニュー起動.請求一覧　　　　　　　　　画面.請求データ 表示.請求書　　　　　　　　　　発行.請求書 打ち出し.消費税率　　　　　　　　　取得".
 <-1> 14/04/2026 10:13:27.865     [Error  ] - SQLコマンドが正しくありません.データベース.: MySQL Database, Program: "メニュー　　　　　　　　　画面.メニュー起動.請求一覧　　　　　　　　　画面.請求データ 表示.請求書　　　　　　　　　　発行.請求書 打ち出し.消費税率　　　　　　　　　取得".
 <-1> 14/04/2026 10:13:27.866     [Error  ] - [MySQL][ODBC 8.0(a) Driver][mysqld-8.0.40]Incorrect DATE value: ' NULL ', Program: "メニュー　　　　　　　　　画面.メニュー起動.請求一覧　　　　　　　　　画面.請求データ 表示.請求書　　　　　　　　　　発行.請求書 打ち出し.消費税率　　　　　　　　　取得".
 <-1> 14/04/2026 10:33:36.018     [Error  ] - SQLコマンドが正しくありません.データベース.: MySQL Database, Program: "メニュー　　　　　　　　　画面.メニュー起動.請求一覧　　　　　　　　　画面.請求データ 表示.請求書　　　　　　　　　　発行.請求書 打ち出し.消費税率　　　　　　　　　取得".
 <-1> 14/04/2026 10:33:36.019     [Error  ] - [MySQL][ODBC 8.0(a) Driver][mysqld-8.0.40]Incorrect DATE value: ' NULL ', Program: "メニュー　　　　　　　　　画面.メニュー起動.請求一覧　　　　　　　　　画面.請求データ 表示.請求書　　　　　　　　　　発行.請求書 打ち出し.消費税率　　　　　　　　　取得".
 <-1> 14/04/2026 13:27:36.623     [Error  ] - 警告:照会モードのためレコードは修正できません., Program: "メニュー　　　　　　　　　画面.サブメニュー起動.得意先ﾒﾝﾃﾅﾝｽ(ﾗｲﾝ) 　　　　画面".
 <-1> 14/04/2026 13:27:50.987     [Error  ] - 警告:照会モードのためレコードは修正できません., Program: "メニュー　　　　　　　　　画面.サブメニュー起動.得意先ﾒﾝﾃﾅﾝｽ(ﾗｲﾝ) 　　　　画面".
 <-1> 14/04/2026 13:27:57.932     [Error  ] - 警告:照会モードのためレコードは修正できません., Program: "メニュー　　　　　　　　　画面.サブメニュー起動.得意先ﾒﾝﾃﾅﾝｽ(ﾗｲﾝ) 　　　　画面".
 <-1> 14/04/2026 13:28:03.655     [Error  ] - 警告:照会モードのためレコードは修正できません., Program: "メニュー　　　　　　　　　画面.サブメニュー起動.得意先ﾒﾝﾃﾅﾝｽ(ﾗｲﾝ) 　　　　画面".
 <-1> 14/04/2026 13:35:12.351     [Error  ] - 警告:照会モードのためレコードは修正できません., Program: "メニュー　　　　　　　　　画面.サブメニュー起動.得意先ﾒﾝﾃﾅﾝｽ(ﾗｲﾝ) 　　　　画面".
 <-1> 14/04/2026 13:52:21.144     [Error  ] - 警告:照会モードのためレコードは修正できません., Program: "メニュー　　　　　　　　　画面.サブメニュー起動.得意先ﾒﾝﾃﾅﾝｽ(ﾗｲﾝ) 　　　　画面".
 <-1> 14/04/2026 13:57:43.426     [Error  ] - 警告:照会モードのためレコードは修正できません., Program: "メニュー　　　　　　　　　画面.サブメニュー起動.得意先ﾒﾝﾃﾅﾝｽ(ﾗｲﾝ) 　　　　画面".
 <-1> 15/04/2026 23:48:51.266     [Error  ] - 警告:照会モードのためレコードは修正できません., Program: "メニュー　　　　　　　　　画面.サブメニュー起動.得意先ﾒﾝﾃﾅﾝｽ(ﾗｲﾝ) 　　　　画面".
 <-1> 15/04/2026 23:50:30.348     [Error  ] - 警告:照会モードのためレコードは修正できません., Program: "メニュー　　　　　　　　　画面.サブメニュー起動.得意先ﾒﾝﾃﾅﾝｽ(ﾗｲﾝ) 　　　　画面".
 <-1> 28/04/2026 15:40:35.640     [Error  ] - 小分類CDを入力して下さい。, Program: "メニュー　　　　　　　　　画面.サブメニュー起動.商品ﾒﾝﾃﾅﾝｽ(ﾗｲﾝ)　 　　　　画面.商品ﾒﾝﾃﾅﾝｽ(ｽｸﾘｰﾝ)　 　　　画面".
 <-1> 28/04/2026 15:40:54.420     [Error  ] - ビューにレコードがありません., Program: "メニュー　　　　　　　　　画面.サブメニュー起動.商品ﾒﾝﾃﾅﾝｽ(ﾗｲﾝ)　 　　　　画面".
 <-1> 28/04/2026 15:44:27.150     [Error  ] - 小分類CDを入力して下さい。, Program: "メニュー　　　　　　　　　画面.メニュー起動.売上一覧　　　　　　　　　画面.売上入力　　　　　　　　　画面.明細入力.商品　　　　　　　　　　　検索.商品ﾒﾝﾃﾅﾝｽ(ｽｸﾘｰﾝ)　 　　　画面".
 <-1> 28/04/2026 15:45:19.125     [Error  ] - ビューにレコードがありません., Program: "メニュー　　　　　　　　　画面.サブメニュー起動.商品ﾒﾝﾃﾅﾝｽ(ﾗｲﾝ)　 　　　　画面".
 <-1> 30/04/2026 09:32:31.832     [Error  ] - 警告:照会モードのためレコードは修正できません., Program: "メニュー　　　　　　　　　画面.サブメニュー起動.得意先ﾒﾝﾃﾅﾝｽ(ﾗｲﾝ) 　　　　画面".
 <-1> 30/04/2026 09:33:04.759     [Error  ] - 警告:照会モードのためレコードは修正できません., Program: "メニュー　　　　　　　　　画面.サブメニュー起動.得意先ﾒﾝﾃﾅﾝｽ(ﾗｲﾝ) 　　　　画面".
 <-1> 30/04/2026 11:11:32.725     [Error  ] - 警告:照会モードのためレコードは修正できません., Program: "メニュー　　　　　　　　　画面.サブメニュー起動.得意先ﾒﾝﾃﾅﾝｽ(ﾗｲﾝ) 　　　　画面".
 <-1> 30/04/2026 14:38:28.902     [Error  ] - 範囲内のレコードがありません., Program: "照会 - M_単価_ﾏｽﾀ".
 <-1> 01/05/2026 12:56:22.641     [Error  ] - 範囲内のレコードがありません., Program: "照会 - M_商品_ﾏｽﾀ".
 <-1> 01/05/2026 13:35:15.692     [Error  ] - 小分類CDを入力して下さい。, Program: "メニュー　　　　　　　　　画面.サブメニュー起動.商品ﾒﾝﾃﾅﾝｽ(ﾗｲﾝ)　 　　　　画面.商品ﾒﾝﾃﾅﾝｽ(ｽｸﾘｰﾝ)　 　　　画面".
 <-1> 01/05/2026 13:35:35.061     [Error  ] - ビューにレコードがありません., Program: "メニュー　　　　　　　　　画面.サブメニュー起動.商品ﾒﾝﾃﾅﾝｽ(ﾗｲﾝ)　 　　　　画面".
 <-1> 01/05/2026 14:31:44.605     [Error  ] - ビューにレコードがありません., Program: "メニュー　　　　　　　　　画面.サブメニュー起動.商品ﾒﾝﾃﾅﾝｽ(ﾗｲﾝ)　 　　　　画面".
 <-1> 01/05/2026 14:57:55.514     [Error  ] - ビューにレコードがありません., Program: "メニュー　　　　　　　　　画面.サブメニュー起動.商品ﾒﾝﾃﾅﾝｽ(ﾗｲﾝ)　 　　　　画面".
 <-1> 07/05/2026 12:16:49.085     [Error  ] - 警告:照会モードのためレコードは修正できません., Program: "メニュー　　　　　　　　　画面.サブメニュー起動.得意先ﾒﾝﾃﾅﾝｽ(ﾗｲﾝ) 　　　　画面".
 <-1> 07/05/2026 12:18:35.551     [Error  ] - 範囲内のレコードがありません., Program: "照会 - M_得意先_ﾏｽﾀ".
 <-1> 07/05/2026 12:19:08.961     [Error  ] - 警告:照会モードのためレコードは修正できません., Program: "メニュー　　　　　　　　　画面.サブメニュー起動.得意先ﾒﾝﾃﾅﾝｽ(ﾗｲﾝ) 　　　　画面".
 <-1> 07/05/2026 15:00:03.122     [Error  ] - 範囲内のレコードがありません., Program: "伝票明細並べ替え　　　　　画面.売上入力　　　　　　　　　画面.明細入力.等級        　　　　　　　検索".
 <-1> 07/05/2026 15:04:38.139     [Error  ] - 小分類CDを入力して下さい。, Program: "メニュー　　　　　　　　　画面.サブメニュー起動.商品ﾒﾝﾃﾅﾝｽ(ﾗｲﾝ)　 　　　　画面.商品ﾒﾝﾃﾅﾝｽ(ｽｸﾘｰﾝ)　 　　　画面".
 <-1> 12/05/2026 16:02:22.326     [Error  ] - オープンできません.データソース: order, Program: "照会 - F_並び順_ﾌｧｲﾙ".
 <-1> 12/05/2026 16:04:53.025     [Error  ] - オープンできません.データソース: order, Program: "照会 - F_並び順_ﾌｧｲﾙ".
 <-1> 12/05/2026 16:11:02.675     [Error  ] - オープンできません.データソース: sort_order, Program: "照会 - F_並び順_ﾌｧｲﾙ".
 <-1> 13/05/2026 14:36:00.498     [Error  ] - 設定されているタスク初期モードは使用できません., Program: "伝票明細並べ替え　　　　　画面.売上明細READ(SQL)".
 <-1> 13/05/2026 14:36:12.246     [Error  ] - 設定されているタスク初期モードは使用できません., Program: "伝票明細並べ替え　　　　　画面.売上明細READ(SQL)".
 <-1> 13/05/2026 14:40:04.719     [Error  ] - 設定されているタスク初期モードは使用できません., Program: "伝票明細並べ替え　　　　　画面.売上明細READ(SQL)".
 <-1> 13/05/2026 14:45:09.488     [Error  ] - 設定されているタスク初期モードは使用できません., Program: "伝票明細並べ替え　　　　　画面.売上明細READ(SQL)".
 <-1> 13/05/2026 14:45:13.050     [Error  ] - 設定されているタスク初期モードは使用できません., Program: "伝票明細並べ替え　　　　　画面.売上明細READ(SQL)".
 <-1> 13/05/2026 14:47:06.093     [Error  ] - 設定されているタスク初期モードは使用できません., Program: "伝票明細並べ替え　　　　　画面.売上明細READ(SQL)".
 <-1> 13/05/2026 14:47:09.226     [Error  ] - 設定されているタスク初期モードは使用できません., Program: "伝票明細並べ替え　　　　　画面.売上明細READ(SQL)".
 <-1> 13/05/2026 14:48:21.832     [Error  ] - 設定されているタスク初期モードは使用できません., Program: "伝票明細並べ替え　　　　　画面.売上明細READ(SQL)".
 <-1> 13/05/2026 14:48:27.810     [Error  ] - 設定されているタスク初期モードは使用できません., Program: "伝票明細並べ替え　　　　　画面.売上明細READ(SQL)".
 <-1> 13/05/2026 14:49:09.026     [Error  ] - 設定されているタスク初期モードは使用できません., Program: "伝票明細並べ替え　　　　　画面.売上明細READ(SQL)".
 <-1> 13/05/2026 14:49:40.378     [Error  ] - 設定されているタスク初期モードは使用できません., Program: "伝票明細並べ替え　　　　　画面.売上明細READ(SQL)".
 <-1> 13/05/2026 15:32:17.111     [Error  ] - インデックスが重複しています.データソース: WKNBJUN, Program: "伝票明細並べ替え　　　　　画面.売上明細READ".
 <-1> 13/05/2026 15:32:19.221     [Error  ] - インデックスが重複しています.データソース: WKNBJUN, Program: "伝票明細並べ替え　　　　　画面.売上明細READ".
 <-1> 13/05/2026 15:39:03.655     [Error  ] - インデックスが重複しています.データソース: WKNBJUN, Program: "伝票明細並べ替え　　　　　画面.売上明細READ".
 <-1> 13/05/2026 17:00:16.721     [Error  ] - 読込専用テーブルは更新できません.データソース: WKNBJUN, Program: "伝票明細並べ替え　　　　　画面.売上明細 表示.行番号変更".
 <-1> 14/05/2026 10:21:02.703     [Error  ] - 更新できません.データソース: payables_file, Program: "メインメニュー            画面.メニュー起動.買掛一覧　　　　　　　　　画面.買掛締計算　　　　　　　　処理.買掛ﾃﾞｰﾀ 書込".
 <-1> 14/05/2026 10:21:54.410     [Error  ] - 警告:照会モードのためレコードは修正できません., Program: "メインメニュー            画面.サブメニュー起動.仕入先ﾒﾝﾃﾅﾝｽ(ﾗｲﾝ) 　　　　画面".
 <-1> 14/05/2026 10:27:02.200     [Error  ] - 警告:照会モードのためレコードは修正できません., Program: "メインメニュー            画面.サブメニュー起動.仕入先ﾒﾝﾃﾅﾝｽ(ﾗｲﾝ) 　　　　画面".
 <-1> 14/05/2026 10:44:57.320     [Error  ] - 警告:照会モードのためレコードは修正できません., Program: "仕入先ﾒﾝﾃﾅﾝｽ(ﾗｲﾝ) 　　　　画面".
 <-1> 14/05/2026 11:02:02.794     [Error  ] - 警告:照会モードのためレコードは修正できません., Program: "メインメニュー            画面.サブメニュー起動.得意先ﾒﾝﾃﾅﾝｽ(ﾗｲﾝ) 　　　　画面".
 <-1> 14/05/2026 11:02:11.282     [Error  ] - 警告:照会モードのためレコードは修正できません., Program: "メインメニュー            画面.サブメニュー起動.得意先ﾒﾝﾃﾅﾝｽ(ﾗｲﾝ) 　　　　画面".
 <-1> 14/05/2026 11:02:21.485     [Error  ] - 警告:照会モードのためレコードは修正できません., Program: "メインメニュー            画面.サブメニュー起動.得意先ﾒﾝﾃﾅﾝｽ(ﾗｲﾝ) 　　　　画面".
 <-1> 14/05/2026 11:08:34.516     [Error  ] - 警告:照会モードのためレコードは修正できません., Program: "メインメニュー            画面.サブメニュー起動.得意先ﾒﾝﾃﾅﾝｽ(ﾗｲﾝ) 　　　　画面".
 <-1> 14/05/2026 11:10:47.170     [Error  ] - 警告:照会モードのためレコードは修正できません., Program: "得意先ﾒﾝﾃﾅﾝｽ(ﾗｲﾝ) 　　　　画面".
 <-1> 14/05/2026 11:11:25.260     [Error  ] - 警告:照会モードのためレコードは修正できません., Program: "得意先ﾒﾝﾃﾅﾝｽ(ﾗｲﾝ) 　　　　画面".
 <-1> 14/05/2026 11:13:55.596     [Error  ] - 警告:照会モードのためレコードは修正できません., Program: "得意先ﾒﾝﾃﾅﾝｽ(ﾗｲﾝ) 　　　　画面".
 <-1> 14/05/2026 11:18:58.542     [Error  ] - 警告:照会モードのためレコードは修正できません., Program: "得意先ﾒﾝﾃﾅﾝｽ(ﾗｲﾝ) 　　　　画面".
 <-1> 14/05/2026 11:21:38.555     [Error  ] - 警告:照会モードのためレコードは修正できません., Program: "得意先ﾒﾝﾃﾅﾝｽ(ﾗｲﾝ) 　　　　画面".
 <-1> 14/05/2026 11:23:33.571     [Error  ] - 警告:照会モードのためレコードは修正できません., Program: "仕入先ﾒﾝﾃﾅﾝｽ(ﾗｲﾝ) 　　　　画面".
 <-1> 14/05/2026 16:44:48.517     [Error  ] - 更新できません.データソース: customer, Program: "メインメニュー            画面.サブメニュー起動.得意先ﾒﾝﾃﾅﾝｽ(ﾗｲﾝ) 　　　　画面.得意先削除".
 <-1> 14/05/2026 16:44:55.113     [Error  ] - 警告:照会モードのためレコードは修正できません., Program: "メインメニュー            画面.サブメニュー起動.得意先ﾒﾝﾃﾅﾝｽ(ﾗｲﾝ) 　　　　画面".
 <-1> 14/05/2026 16:46:16.729     [Error  ] - 更新できません.データソース: customer, Program: "メインメニュー            画面.サブメニュー起動.得意先ﾒﾝﾃﾅﾝｽ(ﾗｲﾝ) 　　　　画面.得意先削除".
 <-1> 14/05/2026 16:46:31.582     [Error  ] - 警告:照会モードのためレコードは修正できません., Program: "メインメニュー            画面.サブメニュー起動.得意先ﾒﾝﾃﾅﾝｽ(ﾗｲﾝ) 　　　　画面".
 <-1> 14/05/2026 16:46:51.622     [Error  ] - 更新できません.データソース: customer, Program: "メインメニュー            画面.サブメニュー起動.得意先ﾒﾝﾃﾅﾝｽ(ﾗｲﾝ) 　　　　画面.得意先削除".
 <-1> 14/05/2026 16:46:59.535     [Error  ] - 警告:照会モードのためレコードは修正できません., Program: "メインメニュー            画面.サブメニュー起動.得意先ﾒﾝﾃﾅﾝｽ(ﾗｲﾝ) 　　　　画面".
 <-1> 14/05/2026 16:48:34.004     [Error  ] - 更新できません.データソース: customer, Program: "メインメニュー            画面.サブメニュー起動.得意先ﾒﾝﾃﾅﾝｽ(ﾗｲﾝ) 　　　　画面.得意先削除".
 <-1> 14/05/2026 16:48:40.438     [Error  ] - 警告:照会モードのためレコードは修正できません., Program: "メインメニュー            画面.サブメニュー起動.得意先ﾒﾝﾃﾅﾝｽ(ﾗｲﾝ) 　　　　画面".
 <-1> 14/05/2026 16:49:31.412     [Error  ] - 警告:照会モードのためレコードは修正できません., Program: "メインメニュー            画面.サブメニュー起動.得意先ﾒﾝﾃﾅﾝｽ(ﾗｲﾝ) 　　　　画面".
 <-1> 19/05/2026 12:00:34.205     [Error  ] - 小分類CDを入力して下さい。, Program: "メインメニュー            画面.サブメニュー起動.商品ﾒﾝﾃﾅﾝｽ(ﾗｲﾝ)　 　　　　画面.商品ﾒﾝﾃﾅﾝｽ(ｽｸﾘｰﾝ)　 　　　画面".
 <-1> 19/05/2026 12:00:34.861     [Error  ] - 小分類CDを入力して下さい。, Program: "メインメニュー            画面.サブメニュー起動.商品ﾒﾝﾃﾅﾝｽ(ﾗｲﾝ)　 　　　　画面.商品ﾒﾝﾃﾅﾝｽ(ｽｸﾘｰﾝ)　 　　　画面".
 <-1> 19/05/2026 12:02:02.615     [Error  ] - 処理に失敗しました.他のユーザか処理にによってレコードが変更されています.データソース: product, Program: "照会 - M_商品_ﾏｽﾀ".
 <-1> 19/05/2026 14:35:21.150     [Error  ] - 処理に失敗しました.他のユーザか処理にによってレコードが変更されています.データソース: product, Program: "照会 - M_商品_ﾏｽﾀ".
 <-1> 19/05/2026 16:00:14.292     [Error  ] - 小分類CDを入力して下さい。, Program: "商品ﾒﾝﾃﾅﾝｽ(ﾗｲﾝ)　 　　　　画面.商品ﾒﾝﾃﾅﾝｽ(ｽｸﾘｰﾝ)　 　　　画面".
 <-1> 19/05/2026 16:00:34.737     [Error  ] - ビューにレコードがありません., Program: "商品ﾒﾝﾃﾅﾝｽ(ﾗｲﾝ)　 　　　　画面".
 <-1> 19/05/2026 16:09:39.847     [Error  ] - オープンできません.データソース: supplier, Program: "照会 - M_仕入先_ﾏｽﾀ".
 <-1> 19/05/2026 16:33:05.594     [Error  ] - 警告:照会モードのためレコードは修正できません., Program: "仕入先ﾒﾝﾃﾅﾝｽ(ﾗｲﾝ) 　　　　画面".
 <-1> 19/05/2026 16:34:27.707     [Error  ] - 警告:照会モードのためレコードは修正できません., Program: "メインメニュー            画面.サブメニュー起動.仕入先ﾒﾝﾃﾅﾝｽ(ﾗｲﾝ) 　　　　画面".
 <-1> 19/05/2026 16:38:18.965     [Error  ] - 小分類CDを入力して下さい。, Program: "メインメニュー            画面.サブメニュー起動.商品ﾒﾝﾃﾅﾝｽ(ﾗｲﾝ)　 　　　　画面.商品ﾒﾝﾃﾅﾝｽ(ｽｸﾘｰﾝ)　 　　　画面".
 <-1> 19/05/2026 16:38:37.449     [Error  ] - ビューにレコードがありません., Program: "メインメニュー            画面.サブメニュー起動.商品ﾒﾝﾃﾅﾝｽ(ﾗｲﾝ)　 　　　　画面".
 <-1> 20/05/2026 17:24:56.557     [Error  ] - オープンできません.データソース: printer, Program: "照会 - M_ﾌﾟﾘﾝﾀ_ﾏｽﾀ".
 <-1> 22/05/2026 11:33:13.003     [Error  ] - 警告:照会モードのためレコードは修正できません., Program: "メインメニュー            画面.サブメニュー起動.得意先ﾒﾝﾃﾅﾝｽ(ﾗｲﾝ) 　　　　画面".
 <-1> 22/05/2026 12:03:34.160     [Error  ] - 警告:照会モードのためレコードは修正できません., Program: "メインメニュー            画面.サブメニュー起動.得意先ﾒﾝﾃﾅﾝｽ(ﾗｲﾝ) 　　　　画面".
 <-1> 22/05/2026 12:09:07.086     [Error  ] - 警告:照会モードのためレコードは修正できません., Program: "メインメニュー            画面.サブメニュー起動.得意先ﾒﾝﾃﾅﾝｽ(ﾗｲﾝ) 　　　　画面".
 <-1> 23/05/2026 18:21:19.491     [Error  ] - 警告:照会モードのためレコードは修正できません., Program: "メインメニュー            画面.サブメニュー起動.得意先ﾒﾝﾃﾅﾝｽ(ﾗｲﾝ) 　　　　画面".
 <-1> 26/05/2026 15:23:31.679     [Error  ] - 得意先CDを入力してください。, Program: "伝票明細並べ替え　　　　　画面".
 <-1> 26/05/2026 15:23:32.708     [Error  ] - 得意先CDを入力してください。, Program: "伝票明細並べ替え　　　　　画面".
 <-1> 26/05/2026 15:23:54.875     [Error  ] - 得意先CDを入力してください。, Program: "伝票明細並べ替え　　　　　画面".
 <-1> 26/05/2026 15:25:02.186     [Error  ] - 得意先CDを入力してください。, Program: "伝票明細並べ替え　　　　　画面".
 <-1> 26/05/2026 15:25:03.182     [Error  ] - 得意先CDを入力してください。, Program: "伝票明細並べ替え　　　　　画面".
 <-1> 26/05/2026 15:25:21.101     [Error  ] - 得意先CDを入力してください。, Program: "伝票明細並べ替え　　　　　画面".
 <-1> 26/05/2026 15:25:34.928     [Error  ] - 得意先CDを入力してください。, Program: "伝票明細並べ替え　　　　　画面".
 <-1> 26/05/2026 15:25:40.943     [Error  ] - 得意先CDを入力してください。, Program: "伝票明細並べ替え　　　　　画面".
 <-1> 26/05/2026 15:29:08.651     [Error  ] - 得意先CDを入力してください。, Program: "伝票明細並べ替え　　　　　画面".
 <-1> 26/05/2026 15:29:10.031     [Error  ] - 得意先CDを入力してください。, Program: "伝票明細並べ替え　　　　　画面".
 <-1> 26/05/2026 15:29:51.979     [Error  ] - 得意先CDを入力してください。, Program: "伝票明細並べ替え　　　　　画面".
 <-1> 26/05/2026 15:29:53.686     [Error  ] - 得意先CDを入力してください。, Program: "伝票明細並べ替え　　　　　画面".
 <-1> 26/05/2026 15:30:18.305     [Error  ] - 得意先CDを入力してください。, Program: "伝票明細並べ替え　　　　　画面".
 <-1> 26/05/2026 15:31:05.860     [Error  ] - 得意先CDを入力してください。, Program: "伝票明細並べ替え　　　　　画面".
 <-1> 26/05/2026 15:32:15.480     [Error  ] - 得意先CDを入力してください。, Program: "伝票明細並べ替え　　　　　画面".
 <-1> 26/05/2026 15:35:10.272     [Error  ] - 得意先CDを入力してください。, Program: "伝票明細並べ替え　　　　　画面".
 <-1> 26/05/2026 15:35:12.813     [Error  ] - 得意先CDを入力してください。, Program: "伝票明細並べ替え　　　　　画面".
 <-1> 26/05/2026 15:35:34.582     [Error  ] - 得意先CDを入力してください。, Program: "伝票明細並べ替え　　　　　画面".
 <-1> 26/05/2026 15:35:52.713     [Error  ] - 得意先CDを入力してください。, Program: "伝票明細並べ替え　　　　　画面".
 <-1> 26/05/2026 15:35:54.500     [Error  ] - 得意先CDを入力してください。, Program: "伝票明細並べ替え　　　　　画面".
 <-1> 26/05/2026 15:36:18.952     [Error  ] - 得意先CDを入力してください。, Program: "伝票明細並べ替え　　　　　画面".
 <-1> 26/05/2026 15:38:21.840     [Error  ] - 得意先CDを入力してください。, Program: "伝票明細並べ替え　　　　　画面".
 <-1> 26/05/2026 15:38:22.157     [Error  ] - 得意先CDを入力してください。, Program: "伝票明細並べ替え　　　　　画面".
 <-1> 26/05/2026 15:41:26.268     [Error  ] - 得意先の範囲指定に誤りがあります。, Program: "伝票明細並べ替え　　　　　画面".
 <-1> 26/05/2026 15:41:28.179     [Error  ] - 得意先の範囲指定に誤りがあります。, Program: "伝票明細並べ替え　　　　　画面".
 <-1> 26/05/2026 15:42:30.882     [Error  ] - 得意先CDを入力してください。, Program: "伝票明細並べ替え　　　　　画面".
 <-1> 26/05/2026 15:42:37.184     [Error  ] - 得意先CDを入力してください。, Program: "伝票明細並べ替え　　　　　画面".
 <-1> 26/05/2026 15:42:38.306     [Error  ] - 得意先CDを入力してください。, Program: "伝票明細並べ替え　　　　　画面".
 <-1> 26/05/2026 15:42:48.260     [Error  ] - 得意先CDを入力してください。, Program: "伝票明細並べ替え　　　　　画面".
 <-1> 26/05/2026 15:43:15.174     [Error  ] - 得意先CDを入力してください。, Program: "伝票明細並べ替え　　　　　画面".
 <-1> 26/05/2026 15:43:51.728     [Error  ] - 得意先CDを入力してください。, Program: "伝票明細並べ替え　　　　　画面".
 <-1> 26/05/2026 16:53:05.949     [Error  ] - 得意先CDを入力してください。, Program: "伝票明細並べ替え　　　　　画面".
 <-1> 26/05/2026 16:53:22.322     [Error  ] - 得意先の範囲指定に誤りがあります。, Program: "伝票明細並べ替え　　　　　画面".
 <-1> 26/05/2026 16:53:24.536     [Error  ] - 得意先の範囲指定に誤りがあります。, Program: "伝票明細並べ替え　　　　　画面".
 <-1> 26/05/2026 16:53:59.373     [Error  ] - 得意先CDを入力してください。, Program: "伝票明細並べ替え　　　　　画面".
 <-1> 26/05/2026 16:54:07.461     [Error  ] - 得意先CDを入力してください。, Program: "伝票明細並べ替え　　　　　画面".
 <-1> 26/05/2026 16:54:32.786     [Error  ] - 得意先CDを入力してください。, Program: "伝票明細並べ替え　　　　　画面".
 <-1> 26/05/2026 16:57:18.787     [Error  ] - 得意先CDを入力してください。, Program: "伝票明細並べ替え　　　　　画面".
 <-1> 26/05/2026 16:57:20.013     [Error  ] - 得意先CDを入力してください。, Program: "伝票明細並べ替え　　　　　画面".
 <-1> 26/05/2026 16:58:02.200     [Error  ] - 得意先CDを入力してください。, Program: "伝票明細並べ替え　　　　　画面".
 <-1> 26/05/2026 16:58:28.261     [Error  ] - 得意先CDを入力してください。, Program: "伝票明細並べ替え　　　　　画面".
 <-1> 26/05/2026 16:58:36.964     [Error  ] - 得意先CDを入力してください。, Program: "伝票明細並べ替え　　　　　画面".
 <-1> 26/05/2026 16:59:50.199     [Error  ] - 得意先CDを入力してください。, Program: "伝票明細並べ替え　　　　　画面".
 <-1> 26/05/2026 17:00:56.428     [Error  ] - 得意先CDを入力してください。, Program: "伝票明細並べ替え　　　　　画面".
 <-1> 26/05/2026 17:01:17.499     [Error  ] - 得意先CDを入力してください。, Program: "伝票明細並べ替え　　　　　画面".
 <-1> 26/05/2026 17:01:25.682     [Error  ] - 得意先CDを入力してください。, Program: "伝票明細並べ替え　　　　　画面".
 <-1> 26/05/2026 17:01:26.889     [Error  ] - 得意先CDを入力してください。, Program: "伝票明細並べ替え　　　　　画面".
 <-1> 26/05/2026 17:01:27.640     [Error  ] - 得意先CDを入力してください。, Program: "伝票明細並べ替え　　　　　画面".
 <-1> 26/05/2026 17:14:31.272     [Error  ] - 得意先CDを入力してください。, Program: "伝票明細並べ替え　　　　　画面".
 <-1> 26/05/2026 17:15:13.692     [Error  ] - 得意先CDを入力してください。, Program: "伝票明細並べ替え　　　　　画面".
 <-1> 26/05/2026 18:02:01.650     [Error  ] - 得意先CDを入力してください。, Program: "伝票明細並べ替え　　　　　画面".
 <-1> 26/05/2026 18:02:02.009     [Error  ] - 得意先CDを入力してください。, Program: "伝票明細並べ替え　　　　　画面".
 <-1> 26/05/2026 18:02:03.475     [Error  ] - 得意先CDを入力してください。, Program: "伝票明細並べ替え　　　　　画面".
 <-1> 26/05/2026 18:02:04.740     [Error  ] - 得意先CDを入力してください。, Program: "伝票明細並べ替え　　　　　画面".
 <-1> 26/05/2026 18:02:05.366     [Error  ] - 得意先CDを入力してください。, Program: "伝票明細並べ替え　　　　　画面".
 <-1> 26/05/2026 18:02:05.977     [Error  ] - 得意先CDを入力してください。, Program: "伝票明細並べ替え　　　　　画面".
 <-1> 26/05/2026 18:02:06.347     [Error  ] - 得意先CDを入力してください。, Program: "伝票明細並べ替え　　　　　画面".
 <-1> 26/05/2026 18:04:03.963     [Error  ] - 得意先CDを入力してください。, Program: "伝票明細並べ替え　　　　　画面".
 <-1> 26/05/2026 18:06:16.775     [Error  ] - 得意先CDを入力してください。, Program: "伝票明細並べ替え　　　　　画面".
 <-1> 26/05/2026 18:09:49.362     [Error  ] - 得意先CDを入力してください。, Program: "伝票明細並べ替え　　　　　画面".
 <-1> 26/05/2026 18:11:39.387     [Error  ] - 得意先CDを入力してください。, Program: "伝票明細並べ替え　　　　　画面".
 <-1> 26/05/2026 18:12:44.217     [Error  ] - 得意先CDを入力してください。, Program: "伝票明細並べ替え　　　　　画面".
 <-1> 26/05/2026 18:13:35.745     [Error  ] - 得意先CDを入力してください。, Program: "伝票明細並べ替え　　　　　画面".
 <-1> 26/05/2026 18:15:25.624     [Error  ] - 得意先CDを入力してください。, Program: "伝票明細並べ替え　　　　　画面".
 <-1> 26/05/2026 18:17:35.144     [Error  ] - 得意先CDを入力してください。, Program: "伝票明細並べ替え　　　　　画面".
 <-1> 26/05/2026 18:18:47.095     [Error  ] - 得意先CDを入力してください。, Program: "伝票明細並べ替え　　　　　画面".
 <-1> 26/05/2026 18:19:09.628     [Error  ] - 得意先CDを入力してください。, Program: "伝票明細並べ替え　　　　　画面".
 <-1> 26/05/2026 18:19:54.230     [Error  ] - 得意先CDを入力してください。, Program: "伝票明細並べ替え　　　　　画面".
 <-1> 26/05/2026 18:19:54.528     [Error  ] - 得意先CDを入力してください。, Program: "伝票明細並べ替え　　　　　画面".
 <-1> 26/05/2026 18:30:03.792     [Error  ] - 得意先CDを入力してください。, Program: "伝票明細並べ替え　　　　　画面".
 <-1> 26/05/2026 18:33:32.140     [Error  ] - 得意先CDを入力してください。, Program: "伝票明細並べ替え　　　　　画面".
 <-1> 26/05/2026 18:33:38.739     [Error  ] - 得意先CDを入力してください。, Program: "伝票明細並べ替え　　　　　画面".
 <-1> 26/05/2026 18:36:04.909     [Error  ] - 得意先CDを入力してください。, Program: "伝票明細並べ替え　　　　　画面".
 <-1> 26/05/2026 18:36:05.210     [Error  ] - 得意先CDを入力してください。, Program: "伝票明細並べ替え　　　　　画面".
 <-1> 26/05/2026 18:36:30.625     [Error  ] - 得意先CDを入力してください。, Program: "伝票明細並べ替え　　　　　画面".
 <-1> 26/05/2026 18:49:56.346     [Error  ] - 警告:照会モードのためレコードは修正できません., Program: "メインメニュー            画面.サブメニュー起動.得意先ﾒﾝﾃﾅﾝｽ(ﾗｲﾝ) 　　　　画面".
 <-1> 26/05/2026 18:50:30.515     [Error  ] - 得意先CDを入力してください。, Program: "伝票明細並べ替え　　　　　画面".
 <-1> 26/05/2026 18:50:41.093     [Error  ] - 得意先CDを入力してください。, Program: "伝票明細並べ替え　　　　　画面".
 <-1> 26/05/2026 18:51:39.568     [Error  ] - 得意先CDを入力してください。, Program: "伝票明細並べ替え　　　　　画面".
 <-1> 26/05/2026 18:56:02.361     [Error  ] - 得意先CDを入力してください。, Program: "伝票明細並べ替え　　　　　画面".
 <-1> 26/05/2026 18:58:47.918     [Error  ] - 得意先CDを入力してください。, Program: "伝票明細並べ替え　　　　　画面".
 <-1> 26/05/2026 19:00:21.851     [Error  ] - 得意先CDを入力してください。, Program: "伝票明細並べ替え　　　　　画面".
 <-1> 27/05/2026 09:51:20.414     [Error  ] - 得意先CDを入力してください。, Program: "伝票明細並べ替え　　　　　画面".
 <-1> 27/05/2026 09:51:40.680     [Error  ] - 得意先CDを入力してください。, Program: "伝票明細並べ替え　　　　　画面".
 <-1> 27/05/2026 09:53:31.612     [Error  ] - 得意先CDを入力してください。, Program: "伝票明細並べ替え　　　　　画面".
 <-1> 27/05/2026 09:59:42.722     [Error  ] - 得意先CDを入力してください。, Program: "伝票明細並べ替え　　　　　画面".
 <-1> 27/05/2026 10:00:34.536     [Error  ] - 得意先CDを入力してください。, Program: "伝票明細並べ替え　　　　　画面".
 <-1> 27/05/2026 10:03:44.005     [Error  ] - 得意先CDを入力してください。, Program: "伝票明細並べ替え　　　　　画面".
 <-1> 27/05/2026 10:04:52.964     [Error  ] - 得意先CDを入力してください。, Program: "伝票明細並べ替え　　　　　画面".
 <-1> 27/05/2026 10:05:25.711     [Error  ] - 得意先CDを入力してください。, Program: "伝票明細並べ替え　　　　　画面".
 <-1> 27/05/2026 10:05:29.980     [Error  ] - 得意先CDを入力してください。, Program: "伝票明細並べ替え　　　　　画面".
 <-1> 27/05/2026 10:06:12.930     [Error  ] - 得意先CDを入力してください。, Program: "伝票明細並べ替え　　　　　画面".
 <-1> 27/05/2026 10:52:29.580     [Error  ] - 得意先CDを入力してください。, Program: "伝票明細並べ替え　　　　　画面".
 <-1> 27/05/2026 11:00:34.323     [Error  ] - 得意先CDを入力してください。, Program: "伝票明細並べ替え　　　　　画面".
 <-1> 27/05/2026 11:00:53.797     [Error  ] - 得意先CDを入力してください。, Program: "伝票明細並べ替え　　　　　画面".
 <-1> 27/05/2026 11:00:58.080     [Error  ] - 得意先の範囲指定に誤りがあります。, Program: "伝票明細並べ替え　　　　　画面".
 <-1> 27/05/2026 11:01:07.629     [Error  ] - 得意先CDを入力してください。, Program: "伝票明細並べ替え　　　　　画面".
 <-1> 27/05/2026 11:01:18.521     [Error  ] - 得意先の範囲指定に誤りがあります。, Program: "伝票明細並べ替え　　　　　画面".
 <-1> 27/05/2026 11:01:22.089     [Error  ] - 得意先CDを入力してください。, Program: "伝票明細並べ替え　　　　　画面".
 <-1> 27/05/2026 11:02:14.025     [Error  ] - 得意先CDを入力してください。, Program: "伝票明細並べ替え　　　　　画面".
 <-1> 27/05/2026 11:02:17.506     [Error  ] - 得意先CDを入力してください。, Program: "伝票明細並べ替え　　　　　画面".
 <-1> 27/05/2026 11:04:13.292     [Error  ] - 得意先CDを入力してください。, Program: "伝票明細並べ替え　　　　　画面".
 <-1> 27/05/2026 11:04:13.704     [Error  ] - 得意先CDを入力してください。, Program: "伝票明細並べ替え　　　　　画面".
 <-1> 27/05/2026 11:04:14.439     [Error  ] - 得意先CDを入力してください。, Program: "伝票明細並べ替え　　　　　画面".
 <-1> 27/05/2026 11:04:15.030     [Error  ] - 得意先CDを入力してください。, Program: "伝票明細並べ替え　　　　　画面".
 <-1> 27/05/2026 11:04:40.330     [Error  ] - 得意先CDを入力してください。, Program: "伝票明細並べ替え　　　　　画面".
 <-1> 27/05/2026 11:04:49.517     [Error  ] - 得意先CDを入力してください。, Program: "伝票明細並べ替え　　　　　画面".
 <-1> 27/05/2026 11:04:52.795     [Error  ] - 得意先CDを入力してください。, Program: "伝票明細並べ替え　　　　　画面".
 <-1> 27/05/2026 11:44:30.172     [Error  ] - 得意先CDを入力してください。, Program: "伝票明細並べ替え　　　　　画面".
 <-1> 27/05/2026 11:44:34.468     [Error  ] - 得意先の範囲指定に誤りがあります。, Program: "伝票明細並べ替え　　　　　画面".
 <-1> 27/05/2026 11:44:34.759     [Error  ] - 得意先の範囲指定に誤りがあります。, Program: "伝票明細並べ替え　　　　　画面".
 <-1> 27/05/2026 11:45:44.357     [Error  ] - 得意先CDを入力してください。, Program: "伝票明細並べ替え　　　　　画面".
 <-1> 27/05/2026 11:47:05.741     [Error  ] - 得意先CDを入力してください。, Program: "伝票明細並べ替え　　　　　画面".
 <-1> 27/05/2026 11:48:15.720     [Error  ] - 得意先CDを入力してください。, Program: "伝票明細並べ替え　　　　　画面".
 <-1> 27/05/2026 11:48:25.381     [Error  ] - 得意先CDを入力してください。, Program: "伝票明細並べ替え　　　　　画面".
 <-1> 27/05/2026 11:54:56.537     [Error  ] - 得意先CDを入力してください。, Program: "伝票明細並べ替え　　　　　画面".
 <-1> 27/05/2026 12:05:58.675     [Error  ] - 得意先CDを入力してください。, Program: "伝票明細並べ替え　　　　　画面".
 <-1> 27/05/2026 13:04:07.055     [Error  ] - 得意先CDを入力してください。, Program: "伝票明細並べ替え　　　　　画面".
 <-1> 27/05/2026 13:06:02.077     [Error  ] - 得意先CDを入力してください。, Program: "伝票明細並べ替え　　　　　画面".
 <-1> 27/05/2026 13:06:22.707     [Error  ] - 得意先CDを入力してください。, Program: "伝票明細並べ替え　　　　　画面".
 <-1> 27/05/2026 13:11:24.136     [Error  ] - 得意先CDを入力してください。, Program: "伝票明細並べ替え　　　　　画面".
 <-1> 27/05/2026 13:12:26.522     [Error  ] - 得意先CDを入力してください。, Program: "伝票明細並べ替え　　　　　画面".
 <-1> 27/05/2026 13:13:04.343     [Error  ] - 得意先CDを入力してください。, Program: "伝票明細並べ替え　　　　　画面".
 <-1> 27/05/2026 13:16:54.540     [Error  ] - 得意先CDを入力してください。, Program: "伝票明細並べ替え　　　　　画面".
 <-1> 27/05/2026 13:16:54.842     [Error  ] - 得意先CDを入力してください。, Program: "伝票明細並べ替え　　　　　画面".
 <-1> 27/05/2026 13:18:55.445     [Error  ] - 得意先CDを入力してください。, Program: "伝票明細並べ替え　　　　　画面".
 <-1> 27/05/2026 13:19:30.730     [Error  ] - 得意先CDを入力してください。, Program: "伝票明細並べ替え　　　　　画面".
 <-1> 27/05/2026 13:23:58.917     [Error  ] - 得意先CDを入力してください。, Program: "伝票明細並べ替え　　　　　画面".
 <-1> 27/05/2026 13:29:08.545     [Error  ] - 得意先CDを入力してください。, Program: "伝票明細並べ替え　　　　　画面".
 <-1> 27/05/2026 13:29:08.820     [Error  ] - 得意先CDを入力してください。, Program: "伝票明細並べ替え　　　　　画面".
 <-1> 27/05/2026 13:35:09.611     [Error  ] - 得意先CDを入力してください。, Program: "伝票明細並べ替え　　　　　画面".
 <-1> 27/05/2026 13:36:16.905     [Error  ] - 得意先CDを入力してください。, Program: "伝票明細並べ替え　　　　　画面".
 <-1> 27/05/2026 14:03:10.275     [Error  ] - 得意先CDを入力してください。, Program: "伝票明細並べ替え　　　　　画面".
 <-1> 27/05/2026 14:51:13.795     [Error  ] - 得意先CDを入力してください。, Program: "伝票明細並べ替え　　　　　画面".
 <-1> 27/05/2026 15:24:32.561     [Error  ] - 得意先CDを入力してください。, Program: "伝票明細並べ替え　　　　　画面".
 <-1> 27/05/2026 15:24:58.572     [Error  ] - 得意先CDを入力してください。, Program: "伝票明細並べ替え　　　　　画面".
 <-1> 27/05/2026 15:27:58.365     [Error  ] - 得意先CDを入力してください。, Program: "伝票明細並べ替え　　　　　画面".
 <-1> 27/05/2026 15:29:32.221     [Error  ] - 得意先CDを入力してください。, Program: "伝票明細並べ替え　　　　　画面".
 <-1> 27/05/2026 15:30:10.357     [Error  ] - 得意先CDを入力してください。, Program: "伝票明細並べ替え　　　　　画面".
 <-1> 27/05/2026 15:35:14.023     [Error  ] - Error - run-time engine was not found. Please restart the studio in order to run the application
 <-1> 27/05/2026 16:04:50.632     [Error  ] - 得意先CDを入力してください。, Program: "伝票明細並べ替え　　　　　画面".
 <-1> 27/05/2026 16:05:31.953     [Error  ] - 得意先CDを入力してください。, Program: "伝票明細並べ替え　　　　　画面".
 <-1> 27/05/2026 16:05:32.267     [Error  ] - 得意先CDを入力してください。, Program: "伝票明細並べ替え　　　　　画面".
 <-1> 27/05/2026 16:07:29.014     [Error  ] - 得意先の範囲指定に誤りがあります。, Program: "伝票明細並べ替え　　　　　画面".
 <-1> 27/05/2026 16:15:08.159     [Error  ] - 得意先CDを入力してください。, Program: "伝票明細並べ替え　　　　　画面".
 <-1> 27/05/2026 16:15:34.848     [Error  ] - 得意先CDを入力してください。, Program: "伝票明細並べ替え　　　　　画面".
 <-1> 27/05/2026 16:16:04.214     [Error  ] - 得意先CDを入力してください。, Program: "伝票明細並べ替え　　　　　画面".
 <-1> 27/05/2026 16:16:04.510     [Error  ] - 得意先CDを入力してください。, Program: "伝票明細並べ替え　　　　　画面".
 <-1> 27/05/2026 16:17:21.691     [Error  ] - 得意先CDを入力してください。, Program: "伝票明細並べ替え　　　　　画面".
 <-1> 27/05/2026 16:23:16.922     [Error  ] - オープンできません.データソース: report, Program: "売上入力　　　　　　　　　画面".
 <-1> 27/05/2026 16:25:38.918     [Error  ] - 得意先CDを入力してください。, Program: "伝票明細並べ替え　　　　　画面".
 <-1> 27/05/2026 16:30:18.648     [Error  ] - 得意先CDを入力してください。, Program: "伝票明細並べ替え　　　　　画面".
 <-1> 27/05/2026 16:31:49.819     [Error  ] - 得意先CDを入力してください。, Program: "伝票明細並べ替え　　　　　画面".
 <-1> 27/05/2026 16:34:09.953     [Error  ] - 得意先CDを入力してください。, Program: "伝票明細並べ替え　　　　　画面".
 <-1> 27/05/2026 16:38:38.663     [Error  ] - 得意先CDを入力してください。, Program: "伝票明細並べ替え　　　　　画面".
 <-1> 27/05/2026 16:41:32.964     [Error  ] - 得意先CDを入力してください。, Program: "伝票明細並べ替え　　　　　画面".
 <-1> 27/05/2026 16:45:55.374     [Error  ] - 得意先CDを入力してください。, Program: "伝票明細並べ替え　　　　　画面".
 <-1> 27/05/2026 16:49:15.807     [Error  ] - 得意先CDを入力してください。, Program: "伝票明細並べ替え　　　　　画面".
 <-1> 27/05/2026 16:50:06.576     [Error  ] - 得意先CDを入力してください。, Program: "伝票明細並べ替え　　　　　画面".
 <-1> 27/05/2026 16:50:45.018     [Error  ] - 得意先CDを入力してください。, Program: "伝票明細並べ替え　　　　　画面".
 <-1> 27/05/2026 16:51:14.002     [Error  ] - 得意先CDを入力してください。, Program: "伝票明細並べ替え　　　　　画面".
 <-1> 27/05/2026 16:59:23.470     [Error  ] - 得意先CDを入力してください。, Program: "伝票明細並べ替え　　　　　画面".
 <-1> 27/05/2026 17:08:52.439     [Error  ] - オープンできません.データソース: sort_order, Program: "照会 - F_並び順_ﾌｧｲﾙ".
 <-1> 27/05/2026 17:32:23.916     [Error  ] - 得意先CDを入力してください。, Program: "伝票明細並べ替え　　　　　画面".
 <-1> 27/05/2026 17:32:26.623     [Error  ] - インデックスが重複しています.データソース: WKNBJUN, Program: "伝票明細並べ替え　　　　　画面.売上明細F→並び順W".
 <-1> 27/05/2026 17:32:30.597     [Error  ] - インデックスが重複しています.データソース: WKNBJUN, Program: "伝票明細並べ替え　　　　　画面.売上明細F→並び順W".
 <-1> 27/05/2026 17:36:31.780     [Error  ] - インデックスが重複しています.データソース: WKNBJUN, Program: "伝票明細並べ替え　　　　　画面.売上明細F→並び順W".
 <-1> 27/05/2026 17:36:37.713     [Error  ] - インデックスが重複しています.データソース: WKNBJUN, Program: "伝票明細並べ替え　　　　　画面.売上明細F→並び順W".
 <-1> 27/05/2026 17:36:44.914     [Error  ] - インデックスが重複しています.データソース: WKNBJUN, Program: "伝票明細並べ替え　　　　　画面.売上明細F→並び順W".
 <-1> 27/05/2026 17:37:56.433     [Error  ] - 得意先CDを入力してください。, Program: "伝票明細並べ替え　　　　　画面".
 <-1> 27/05/2026 17:38:40.268     [Error  ] - インデックスが重複しています.データソース: WKNBJUN, Program: "伝票明細並べ替え　　　　　画面.売上明細F→並び順W".
 <-1> 27/05/2026 17:40:21.848     [Error  ] - 得意先CDを入力してください。, Program: "伝票明細並べ替え　　　　　画面".
 <-1> 27/05/2026 17:50:37.207     [Error  ] - 小分類CDを入力して下さい。, Program: "商品ﾒﾝﾃﾅﾝｽ(ﾗｲﾝ)　 　　　　画面.商品ﾒﾝﾃﾅﾝｽ(ｽｸﾘｰﾝ)　 　　　画面".
 <-1> 27/05/2026 17:50:53.892     [Error  ] - ビューにレコードがありません., Program: "商品ﾒﾝﾃﾅﾝｽ(ﾗｲﾝ)　 　　　　画面".
 <-1> 27/05/2026 17:55:26.615     [Error  ] - 小分類CDを入力して下さい。, Program: "商品ﾒﾝﾃﾅﾝｽ(ﾗｲﾝ)　 　　　　画面.商品ﾒﾝﾃﾅﾝｽ(ｽｸﾘｰﾝ)　 　　　画面".
 <-1> 27/05/2026 17:55:53.632     [Error  ] - ビューにレコードがありません., Program: "商品ﾒﾝﾃﾅﾝｽ(ﾗｲﾝ)　 　　　　画面".
 <-1> 27/05/2026 17:59:58.450     [Error  ] - 得意先CDを入力してください。, Program: "伝票明細並べ替え　　　　　画面".
 <-1> 27/05/2026 18:00:09.177     [Error  ] - 得意先CDを入力してください。, Program: "伝票明細並べ替え　　　　　画面".
 <-1> 27/05/2026 18:21:26.812     [Error  ] - 得意先CDを入力してください。, Program: "伝票明細並べ替え　　　　　画面".
 <-1> 27/05/2026 18:33:43.667     [Error  ] - 得意先CDを入力してください。, Program: "伝票明細並べ替え　　　　　画面".
 <-1> 27/05/2026 18:43:48.784     [Error  ] - 得意先CDを入力してください。, Program: "伝票明細並べ替え　　　　　画面".
 <-1> 27/05/2026 18:43:51.318     [Error  ] - 得意先CDを入力してください。, Program: "伝票明細並べ替え　　　　　画面".
 <-1> 27/05/2026 18:48:22.568     [Error  ] - 得意先CDを入力してください。, Program: "伝票明細並べ替え　　　　　画面".
 <-1> 27/05/2026 18:54:43.048     [Error  ] - 得意先CDを入力してください。, Program: "伝票明細並べ替え　　　　　画面".
 <-1> 28/05/2026 00:31:38.251     [Error  ] - 得意先CDを入力してください。, Program: "伝票明細並べ替え　　　　　画面".
 <-1> 28/05/2026 00:31:38.543     [Error  ] - 得意先CDを入力してください。, Program: "伝票明細並べ替え　　　　　画面".
 <-1> 28/05/2026 00:35:48.303     [Error  ] - 得意先CDを入力してください。, Program: "伝票明細並べ替え　　　　　画面".
 <-1> 28/05/2026 00:35:48.588     [Error  ] - 得意先CDを入力してください。, Program: "伝票明細並べ替え　　　　　画面".
 <-1> 28/05/2026 00:43:25.105     [Error  ] - 得意先CDを入力してください。, Program: "伝票明細並べ替え　　　　　画面".
 <-1> 28/05/2026 00:43:25.398     [Error  ] - 得意先CDを入力してください。, Program: "伝票明細並べ替え　　　　　画面".
 <-1> 28/05/2026 00:44:07.748     [Error  ] - 得意先CDを入力してください。, Program: "伝票明細並べ替え　　　　　画面".
 <-1> 28/05/2026 00:45:09.934     [Error  ] - 得意先CDを入力してください。, Program: "伝票明細並べ替え　　　　　画面".
 <-1> 28/05/2026 00:45:10.219     [Error  ] - 得意先CDを入力してください。, Program: "伝票明細並べ替え　　　　　画面".
 <-1> 28/05/2026 00:53:23.563     [Error  ] - 得意先CDを入力してください。, Program: "伝票明細並べ替え　　　　　画面".
 <-1> 28/05/2026 00:53:23.870     [Error  ] - 得意先CDを入力してください。, Program: "伝票明細並べ替え　　　　　画面".
 <-1> 28/05/2026 00:59:57.123     [Error  ] - 得意先CDを入力してください。, Program: "伝票明細並べ替え　　　　　画面".
 <-1> 28/05/2026 11:20:51.641     [Error  ] - 得意先CDを入力してください。, Program: "メインメニュー            画面.メニュー起動.伝票明細並べ替え　　　　　画面".
 <-1> 28/05/2026 11:20:51.897     [Error  ] - 得意先CDを入力してください。, Program: "メインメニュー            画面.メニュー起動.伝票明細並べ替え　　　　　画面".
 <-1> 28/05/2026 11:22:18.930     [Error  ] - 得意先CDを入力してください。, Program: "メインメニュー            画面.メニュー起動.伝票明細並べ替え　　　　　画面".
 <-1> 28/05/2026 11:25:46.207     [Error  ] - 得意先CDを入力してください。, Program: "伝票明細並べ替え　　　　　画面".
 <-1> 28/05/2026 11:25:46.474     [Error  ] - 得意先CDを入力してください。, Program: "伝票明細並べ替え　　　　　画面".
 <-1> 28/05/2026 11:54:53.523     [Error  ] - 得意先CDを入力してください。, Program: "メインメニュー            画面.メニュー起動.伝票明細並べ替え　　　　　画面".
 <-1> 28/05/2026 11:59:02.883     [Error  ] - 得意先CDを入力してください。, Program: "伝票明細並べ替え　　　　　画面".
 <-1> 28/05/2026 12:09:53.353     [Error  ] - 得意先CDを入力してください。, Program: "メインメニュー            画面.メニュー起動.伝票明細並べ替え　　　　　画面".
 <-1> 28/05/2026 12:16:32.574     [Error  ] - 得意先CDを入力してください。, Program: "メインメニュー            画面.メニュー起動.伝票明細並べ替え　　　　　画面".
 <-1> 28/05/2026 12:16:32.827     [Error  ] - 得意先CDを入力してください。, Program: "メインメニュー            画面.メニュー起動.伝票明細並べ替え　　　　　画面".
 <-1> 28/05/2026 12:20:01.017     [Error  ] - 得意先CDを入力してください。, Program: "メインメニュー            画面.メニュー起動.伝票明細並べ替え　　　　　画面".
 <-1> 28/05/2026 12:23:18.185     [Error  ] - 得意先CDを入力してください。, Program: "伝票明細並べ替え　　　　　画面".
 <-1> 28/05/2026 18:06:37.391     [Error  ] - 得意先CDを入力してください。, Program: "メインメニュー            画面.メニュー起動.伝票明細並べ替え　　　　　画面".
 <-1> 28/05/2026 18:07:53.538     [Error  ] - 得意先CDを入力してください。, Program: "伝票明細並べ替え　　　　　画面".
 <-1> 28/05/2026 18:09:10.727     [Error  ] - 得意先CDを入力してください。, Program: "伝票明細並べ替え　　　　　画面".
 <-1> 28/05/2026 18:13:26.310     [Error  ] - 得意先CDを入力してください。, Program: "伝票明細並べ替え　　　　　画面".
 <-1> 28/05/2026 18:15:39.591     [Error  ] - 得意先CDを入力してください。, Program: "メインメニュー            画面.メニュー起動.伝票明細並べ替え　　　　　画面".
 <-1> 28/05/2026 18:19:25.073     [Error  ] - 得意先CDを入力してください。, Program: "伝票明細並べ替え　　　　　画面".
 <-1> 29/05/2026 10:15:09.484     [Error  ] - ビューにレコードがありません., Program: "メインメニュー            画面.サブメニュー起動.商品ﾒﾝﾃﾅﾝｽ(ﾗｲﾝ)　 　　　　画面".
 <-1> 02/06/2026 11:51:07.376     [Error  ] - 警告:照会モードのためレコードは修正できません., Program: "メインメニュー            画面.サブメニュー起動.得意先ﾒﾝﾃﾅﾝｽ(ﾗｲﾝ) 　　　　画面".
 <-1> 02/06/2026 11:51:37.467     [Error  ] - 警告:照会モードのためレコードは修正できません., Program: "メインメニュー            画面.サブメニュー起動.得意先ﾒﾝﾃﾅﾝｽ(ﾗｲﾝ) 　　　　画面".
 <-1> 02/06/2026 13:14:26.938     [Error  ] - 処理に失敗しました.他のユーザか処理にによってレコードが変更されています.データソース: unit_price, Program: "売上一覧　　　　　　　　　画面.売上表紙 表示(SQL).売上入力　　　　　　　　　画面.明細入力.売上表紙ﾌｧｲﾙ 書込.売上明細W→売上明細F.売価更新".
 <-1> 02/06/2026 16:09:22.570     [Error  ] - 更新できません.データソース: incoming_delivery, Program: "メインメニュー            画面.メニュー起動.仕入一覧　　　　　　　　　画面.仕入表紙 表示.仕入入力　　　　　　　　　画面.明細入力.登録ﾌｧｲﾙ削除.仕入表紙ﾌｧｲﾙ 削除".
 <-1> 02/06/2026 16:12:34.675     [Error  ] - このレコードは他のユーザが削除/更新しました., Program: "メインメニュー            画面.メニュー起動.仕入一覧　　　　　　　　　画面.仕入表紙 表示.仕入入力　　　　　　　　　画面.明細入力".
 <-1> 02/06/2026 16:12:34.683     [Error  ] - レコードは失われていました., Program: "メインメニュー            画面.メニュー起動.仕入一覧　　　　　　　　　画面.仕入表紙 表示.仕入入力　　　　　　　　　画面.明細入力".
 <-1> 02/06/2026 16:19:16.307     [Error  ] - 更新できません.データソース: incoming_delivery, Program: "メインメニュー            画面.メニュー起動.仕入一覧　　　　　　　　　画面.仕入表紙 表示.仕入入力　　　　　　　　　画面.明細入力.登録ﾌｧｲﾙ削除.仕入表紙ﾌｧｲﾙ 削除".
 <-1> 02/06/2026 17:22:04.346     [Error  ] - このレコードは他のユーザが削除/更新しました., Program: "請求一覧　　　　　　　　　画面.請求WORK 作成".
 <-1> 02/06/2026 17:24:00.371     [Error  ] - このレコードは他のユーザが削除/更新しました., Program: "請求一覧　　　　　　　　　画面.請求WORK 作成".
 <-1> 02/06/2026 17:33:53.430     [Error  ] - 範囲内のレコードがありません., Program: "照会 - F_請求管理_ﾌｧｲﾙ".
 <-1> 02/06/2026 18:03:52.306     [Error  ] - トランザクション外のため、ビューはロックされません., Program: "請求一覧　　　　　　　　　画面".
 <-1> 02/06/2026 18:25:49.496     [Error  ] - このレコードは他のユーザが削除/更新しました., Program: "メインメニュー            画面.メニュー起動.売上一覧　　　　　　　　　画面.売上入力　　　　　　　　　画面.明細入力".
 <-1> 02/06/2026 18:25:49.505     [Error  ] - レコードは失われていました., Program: "メインメニュー            画面.メニュー起動.売上一覧　　　　　　　　　画面.売上入力　　　　　　　　　画面.明細入力".
 <-1> 02/06/2026 18:28:38.395     [Error  ] - このレコードは他のユーザが削除/更新しました., Program: "メインメニュー            画面.メニュー起動.売上一覧　　　　　　　　　画面.売上表紙 表示(SQL).売上入力　　　　　　　　　画面.明細入力".
 <-1> 02/06/2026 18:28:38.403     [Error  ] - レコードは失われていました., Program: "メインメニュー            画面.メニュー起動.売上一覧　　　　　　　　　画面.売上表紙 表示(SQL).売上入力　　　　　　　　　画面.明細入力".
 <-1> 02/06/2026 18:37:52.952     [Error  ] - このレコードは他のユーザが削除/更新しました., Program: "メインメニュー            画面.メニュー起動.売上一覧　　　　　　　　　画面.売上入力　　　　　　　　　画面.明細入力".
 <-1> 02/06/2026 18:37:52.956     [Error  ] - レコードは失われていました., Program: "メインメニュー            画面.メニュー起動.売上一覧　　　　　　　　　画面.売上入力　　　　　　　　　画面.明細入力".
 <-1> 02/06/2026 18:41:07.765     [Error  ] - このレコードは他のユーザが削除/更新しました., Program: "売上一覧　　　　　　　　　画面.売上入力　　　　　　　　　画面.明細入力".
 <-1> 02/06/2026 18:41:07.769     [Error  ] - レコードは失われていました., Program: "売上一覧　　　　　　　　　画面.売上入力　　　　　　　　　画面.明細入力".
 <-1> 02/06/2026 18:42:33.404     [Error  ] - このレコードは他のユーザが削除/更新しました., Program: "売上一覧　　　　　　　　　画面.売上表紙 表示(SQL).売上入力　　　　　　　　　画面.明細入力".
 <-1> 02/06/2026 18:42:33.417     [Error  ] - レコードは失われていました., Program: "売上一覧　　　　　　　　　画面.売上表紙 表示(SQL).売上入力　　　　　　　　　画面.明細入力".
 <-1> 02/06/2026 18:48:36.450     [Error  ] - このレコードは他のユーザが削除/更新しました., Program: "売上一覧　　　　　　　　　画面.売上入力　　　　　　　　　画面.明細入力".
 <-1> 02/06/2026 18:48:36.461     [Error  ] - レコードは失われていました., Program: "売上一覧　　　　　　　　　画面.売上入力　　　　　　　　　画面.明細入力".
 <-1> 02/06/2026 18:54:24.270     [Error  ] - このレコードは他のユーザが削除/更新しました., Program: "メインメニュー            画面.メニュー起動.売上一覧　　　　　　　　　画面.売上表紙 表示(SQL).売上入力　　　　　　　　　画面.明細入力".
 <-1> 02/06/2026 18:54:24.275     [Error  ] - レコードは失われていました., Program: "メインメニュー            画面.メニュー起動.売上一覧　　　　　　　　　画面.売上表紙 表示(SQL).売上入力　　　　　　　　　画面.明細入力".
 <-1> 02/06/2026 19:06:13.491     [Error  ] - このレコードは他のユーザが削除/更新しました., Program: "売上一覧　　　　　　　　　画面.売上入力　　　　　　　　　画面.明細入力".
 <-1> 02/06/2026 19:06:13.504     [Error  ] - レコードは失われていました., Program: "売上一覧　　　　　　　　　画面.売上入力　　　　　　　　　画面.明細入力".
 <-1> 03/06/2026 14:19:30.601     [Error  ] - [MgGui.dll] in Control.fillData(): missing datatype or picture string for control: V_合計金額, Program: "伝票情報 表示".
 <-1> 03/06/2026 14:19:30.618     [Error  ] - [MgGui.dll] 
   場所 System.Environment.GetStackTrace(Exception e, Boolean needFileInfo)
   場所 System.Environment.get_StackTrace()
   場所 com.magicsoftware.rte.CoreExecutor.WriteExceptionToLog(Int64 contextID, String msg)
   場所 com.magicsoftware.rte.GuiEventsProcessor.WriteExceptionToLog(String message)
   場所 com.magicsoftware.unipaas.Events.WriteExceptionToLog(String msg)
   場所 com.magicsoftware.unipaas.management.gui.MgControlBase.fillData(MgFormBase mgForm, Int32 ditIdx)
   場所 com.magicsoftware.unipaas.management.gui.ControlTable.initInnerObjects(String foundTagName)
   場所 com.magicsoftware.unipaas.management.gui.ControlTable.fillData(MgFormBase mgForm)
   場所 com.magicsoftware.unipaas.management.gui.MgFormBase.initInnerObjects(String foundTagName)
   場所 com.magicsoftware.unipaas.management.gui.MgFormBase.fillData(TaskBase taskRef)
   場所 com.magicsoftware.rte.gui.MgForm.fillData(TaskBase taskRef)
   場所 com.magicsoftware.unipaas.management.tasks.TaskBase.FormInitData(MgFormBase parentForm)
   場所 com.magicsoftware.unipaas.management.tasks.TaskBase.initInnerObjects(String foundTagName, MgFormBase parentForm)
   場所 com.magicsoftware.rte.tasks.Task.FillData(MgFormBase parentFrom)
   場所 com.magicsoftware.rte.tasks.TasksManager.InitInnerObjects(String currTagName, Int64 contextID, MgFormBase parentForm, Task& task)
   場所 com.magicsoftware.rte.tasks.TasksManager.fillData(Int64 contextID, String xmlData, MgFormBase parentForm)
   場所 com.magicsoftware.rte.RteExecutor.OpenTask(Double contextID, String xmlData, Int32 parentFormTskID, Int32 triggeringParentTaskID)
   場所 RteExecutorEndpoint.OpenTask(Double contextID, String content, Int32 parentTskID, Int32 triggeringTaskID)
   場所 RteExecutorBridge.OpenTask(RteExecutorBridge* , Double contextID, UInt16* content, Int32 parentFormTskID, Int32 triggeringTaskID)
   場所 CoreExecutorEndpoint.EventsLoop()
   場所 CoreExecutorGateway.EventsLoop()
   場所 com.magicsoftware.rte.RTEmanager.ExecuteWorkThread()
   場所 System.Threading.ThreadHelper.ThreadStart_Context(Object state)
   場所 System.Threading.ExecutionContext.RunInternal(ExecutionContext executionContext, ContextCallback callback, Object state, Boolean preserveSyncCtx)
   場所 System.Threading.ExecutionContext.Run(ExecutionContext executionContext, ContextCallback callback, Object state, Boolean preserveSyncCtx)
   場所 System.Threading.ExecutionContext.Run(ExecutionContext executionContext, ContextCallback callback, Object state)
   場所 System.Threading.ThreadHelper.ThreadStart(), Program: "伝票情報 表示".
 <-1> 03/06/2026 14:19:30.735     [Error  ] - [MgGui.dll] Control 'V_合計金額_0': オブジェクト参照がオブジェクト インスタンスに設定されていません。, Program: "伝票情報 表示".
 <-1> 03/06/2026 14:19:30.737     [Error  ] - [MgGui.dll] 
   場所 System.Environment.GetStackTrace(Exception e, Boolean needFileInfo)
   場所 System.Environment.get_StackTrace()
   場所 com.magicsoftware.rte.CoreExecutor.WriteExceptionToLog(Int64 contextID, String msg)
   場所 com.magicsoftware.rte.GuiEventsProcessor.WriteExceptionToLog(String message)
   場所 com.magicsoftware.unipaas.Events.WriteExceptionToLog(String msg)
   場所 com.magicsoftware.unipaas.management.gui.MgControlBase.refreshProperties(Boolean onlyRepeatableProps)
   場所 com.magicsoftware.unipaas.management.gui.MgControlBase.RefreshDisplay(Boolean onlyRepeatableProps)
   場所 com.magicsoftware.unipaas.management.gui.MgFormBase.refreshControls(Boolean repeatableOnly)
   場所 com.magicsoftware.unipaas.management.gui.MgFormBase.refreshRow(Int32 rowIdx, Boolean repeatableOnly)
   場所 com.magicsoftware.rte.gui.MgForm.DisplayRow(Int32 rowIdx, Boolean repeatableOnly, String dataCtrlPairs)
   場所 com.magicsoftware.rte.RteExecutor.DisplayRow(Int32 taskID, Int32 rowIdx, Boolean repeatableOnly, String dataCtrlPairs)
   場所 RteExecutorEndpoint.InvokeDisplayRow(Int32 taskID, Int32 rowIdx, Boolean repeatableOnly, String dataCtrlPairs)
   場所 RteExecutorBridge.DisplayRow(RteExecutorBridge* , Int32 taskID, Int32 rowIdx, Boolean repeatableOnly, UInt16* dataCtrlPairs)
   場所 CoreExecutorEndpoint.EventsLoop()
   場所 CoreExecutorGateway.EventsLoop()
   場所 com.magicsoftware.rte.RTEmanager.ExecuteWorkThread()
   場所 System.Threading.ThreadHelper.ThreadStart_Context(Object state)
   場所 System.Threading.ExecutionContext.RunInternal(ExecutionContext executionContext, ContextCallback callback, Object state, Boolean preserveSyncCtx)
   場所 System.Threading.ExecutionContext.Run(ExecutionContext executionContext, ContextCallback callback, Object state, Boolean preserveSyncCtx)
   場所 System.Threading.ExecutionContext.Run(ExecutionContext executionContext, ContextCallback callback, Object state)
   場所 System.Threading.ThreadHelper.ThreadStart(), Program: "伝票情報 表示".
 <-1> 03/06/2026 14:19:30.738     [Error  ] - [MgGui.dll] Control 'V_合計金額_1': オブジェクト参照がオブジェクト インスタンスに設定されていません。, Program: "伝票情報 表示".
 <-1> 03/06/2026 14:19:30.739     [Error  ] - [MgGui.dll] 
   場所 System.Environment.GetStackTrace(Exception e, Boolean needFileInfo)
   場所 System.Environment.get_StackTrace()
   場所 com.magicsoftware.rte.CoreExecutor.WriteExceptionToLog(Int64 contextID, String msg)
   場所 com.magicsoftware.rte.GuiEventsProcessor.WriteExceptionToLog(String message)
   場所 com.magicsoftware.unipaas.Events.WriteExceptionToLog(String msg)
   場所 com.magicsoftware.unipaas.management.gui.MgControlBase.refreshProperties(Boolean onlyRepeatableProps)
   場所 com.magicsoftware.unipaas.management.gui.MgControlBase.RefreshDisplay(Boolean onlyRepeatableProps)
   場所 com.magicsoftware.unipaas.management.gui.MgFormBase.refreshControls(Boolean repeatableOnly)
   場所 com.magicsoftware.unipaas.management.gui.MgFormBase.refreshRow(Int32 rowIdx, Boolean repeatableOnly)
   場所 com.magicsoftware.rte.gui.MgForm.DisplayRow(Int32 rowIdx, Boolean repeatableOnly, String dataCtrlPairs)
   場所 com.magicsoftware.rte.RteExecutor.DisplayRow(Int32 taskID, Int32 rowIdx, Boolean repeatableOnly, String dataCtrlPairs)
   場所 RteExecutorEndpoint.InvokeDisplayRow(Int32 taskID, Int32 rowIdx, Boolean repeatableOnly, String dataCtrlPairs)
   場所 RteExecutorBridge.DisplayRow(RteExecutorBridge* , Int32 taskID, Int32 rowIdx, Boolean repeatableOnly, UInt16* dataCtrlPairs)
   場所 CoreExecutorEndpoint.EventsLoop()
   場所 CoreExecutorGateway.EventsLoop()
   場所 com.magicsoftware.rte.RTEmanager.ExecuteWorkThread()
   場所 System.Threading.ThreadHelper.ThreadStart_Context(Object state)
   場所 System.Threading.ExecutionContext.RunInternal(ExecutionContext executionContext, ContextCallback callback, Object state, Boolean preserveSyncCtx)
   場所 System.Threading.ExecutionContext.Run(ExecutionContext executionContext, ContextCallback callback, Object state, Boolean preserveSyncCtx)
   場所 System.Threading.ExecutionContext.Run(ExecutionContext executionContext, ContextCallback callback, Object state)
   場所 System.Threading.ThreadHelper.ThreadStart(), Program: "伝票情報 表示".
 <-1> 03/06/2026 14:19:30.740     [Error  ] - [MgGui.dll] Control 'V_合計金額_0': オブジェクト参照がオブジェクト インスタンスに設定されていません。, Program: "伝票情報 表示".
 <-1> 03/06/2026 14:19:30.741     [Error  ] - [MgGui.dll] 
   場所 System.Environment.GetStackTrace(Exception e, Boolean needFileInfo)
   場所 System.Environment.get_StackTrace()
   場所 com.magicsoftware.rte.CoreExecutor.WriteExceptionToLog(Int64 contextID, String msg)
   場所 com.magicsoftware.rte.GuiEventsProcessor.WriteExceptionToLog(String message)
   場所 com.magicsoftware.unipaas.Events.WriteExceptionToLog(String msg)
   場所 com.magicsoftware.unipaas.management.gui.MgControlBase.refreshProperties(Boolean onlyRepeatableProps)
   場所 com.magicsoftware.unipaas.management.gui.MgControlBase.RefreshDisplay(Boolean onlyRepeatableProps)
   場所 com.magicsoftware.unipaas.management.gui.MgFormBase.refreshControls(Boolean repeatableOnly)
   場所 com.magicsoftware.unipaas.management.gui.MgFormBase.refreshRow(Int32 rowIdx, Boolean repeatableOnly)
   場所 com.magicsoftware.rte.gui.MgForm.DisplayRow(Int32 rowIdx, Boolean repeatableOnly, String dataCtrlPairs)
   場所 com.magicsoftware.rte.RteExecutor.DisplayRow(Int32 taskID, Int32 rowIdx, Boolean repeatableOnly, String dataCtrlPairs)
   場所 RteExecutorEndpoint.InvokeDisplayRow(Int32 taskID, Int32 rowIdx, Boolean repeatableOnly, String dataCtrlPairs)
   場所 RteExecutorBridge.DisplayRow(RteExecutorBridge* , Int32 taskID, Int32 rowIdx, Boolean repeatableOnly, UInt16* dataCtrlPairs)
   場所 CoreExecutorEndpoint.EventsLoop()
   場所 CoreExecutorGateway.EventsLoop()
   場所 com.magicsoftware.rte.RTEmanager.ExecuteWorkThread()
   場所 System.Threading.ThreadHelper.ThreadStart_Context(Object state)
   場所 System.Threading.ExecutionContext.RunInternal(ExecutionContext executionContext, ContextCallback callback, Object state, Boolean preserveSyncCtx)
   場所 System.Threading.ExecutionContext.Run(ExecutionContext executionContext, ContextCallback callback, Object state, Boolean preserveSyncCtx)
   場所 System.Threading.ExecutionContext.Run(ExecutionContext executionContext, ContextCallback callback, Object state)
   場所 System.Threading.ThreadHelper.ThreadStart(), Program: "伝票情報 表示".
 <-1> 03/06/2026 14:21:48.832     [Error  ] - [MgGui.dll] in Control.fillData(): missing datatype or picture string for control: V_仕入金額(標準), Program: "伝票情報 表示".
 <-1> 03/06/2026 14:21:48.839     [Error  ] - [MgGui.dll] 
   場所 System.Environment.GetStackTrace(Exception e, Boolean needFileInfo)
   場所 System.Environment.get_StackTrace()
   場所 com.magicsoftware.rte.CoreExecutor.WriteExceptionToLog(Int64 contextID, String msg)
   場所 com.magicsoftware.rte.GuiEventsProcessor.WriteExceptionToLog(String message)
   場所 com.magicsoftware.unipaas.Events.WriteExceptionToLog(String msg)
   場所 com.magicsoftware.unipaas.management.gui.MgControlBase.fillData(MgFormBase mgForm, Int32 ditIdx)
   場所 com.magicsoftware.unipaas.management.gui.ControlTable.initInnerObjects(String foundTagName)
   場所 com.magicsoftware.unipaas.management.gui.ControlTable.fillData(MgFormBase mgForm)
   場所 com.magicsoftware.unipaas.management.gui.MgFormBase.initInnerObjects(String foundTagName)
   場所 com.magicsoftware.unipaas.management.gui.MgFormBase.fillData(TaskBase taskRef)
   場所 com.magicsoftware.rte.gui.MgForm.fillData(TaskBase taskRef)
   場所 com.magicsoftware.unipaas.management.tasks.TaskBase.FormInitData(MgFormBase parentForm)
   場所 com.magicsoftware.unipaas.management.tasks.TaskBase.initInnerObjects(String foundTagName, MgFormBase parentForm)
   場所 com.magicsoftware.rte.tasks.Task.FillData(MgFormBase parentFrom)
   場所 com.magicsoftware.rte.tasks.TasksManager.InitInnerObjects(String currTagName, Int64 contextID, MgFormBase parentForm, Task& task)
   場所 com.magicsoftware.rte.tasks.TasksManager.fillData(Int64 contextID, String xmlData, MgFormBase parentForm)
   場所 com.magicsoftware.rte.RteExecutor.OpenTask(Double contextID, String xmlData, Int32 parentFormTskID, Int32 triggeringParentTaskID)
   場所 RteExecutorEndpoint.OpenTask(Double contextID, String content, Int32 parentTskID, Int32 triggeringTaskID)
   場所 RteExecutorBridge.OpenTask(RteExecutorBridge* , Double contextID, UInt16* content, Int32 parentFormTskID, Int32 triggeringTaskID)
   場所 CoreExecutorEndpoint.EventsLoop()
   場所 CoreExecutorGateway.EventsLoop()
   場所 com.magicsoftware.rte.RTEmanager.ExecuteWorkThread()
   場所 System.Threading.ThreadHelper.ThreadStart_Context(Object state)
   場所 System.Threading.ExecutionContext.RunInternal(ExecutionContext executionContext, ContextCallback callback, Object state, Boolean preserveSyncCtx)
   場所 System.Threading.ExecutionContext.Run(ExecutionContext executionContext, ContextCallback callback, Object state, Boolean preserveSyncCtx)
   場所 System.Threading.ExecutionContext.Run(ExecutionContext executionContext, ContextCallback callback, Object state)
   場所 System.Threading.ThreadHelper.ThreadStart(), Program: "伝票情報 表示".
 <-1> 03/06/2026 14:21:48.840     [Error  ] - [MgGui.dll] in Control.fillData(): missing datatype or picture string for control: V_返品金額(標準), Program: "伝票情報 表示".
 <-1> 03/06/2026 14:21:48.840     [Error  ] - [MgGui.dll] 
   場所 System.Environment.GetStackTrace(Exception e, Boolean needFileInfo)
   場所 System.Environment.get_StackTrace()
   場所 com.magicsoftware.rte.CoreExecutor.WriteExceptionToLog(Int64 contextID, String msg)
   場所 com.magicsoftware.rte.GuiEventsProcessor.WriteExceptionToLog(String message)
   場所 com.magicsoftware.unipaas.Events.WriteExceptionToLog(String msg)
   場所 com.magicsoftware.unipaas.management.gui.MgControlBase.fillData(MgFormBase mgForm, Int32 ditIdx)
   場所 com.magicsoftware.unipaas.management.gui.ControlTable.initInnerObjects(String foundTagName)
   場所 com.magicsoftware.unipaas.management.gui.ControlTable.fillData(MgFormBase mgForm)
   場所 com.magicsoftware.unipaas.management.gui.MgFormBase.initInnerObjects(String foundTagName)
   場所 com.magicsoftware.unipaas.management.gui.MgFormBase.fillData(TaskBase taskRef)
   場所 com.magicsoftware.rte.gui.MgForm.fillData(TaskBase taskRef)
   場所 com.magicsoftware.unipaas.management.tasks.TaskBase.FormInitData(MgFormBase parentForm)
   場所 com.magicsoftware.unipaas.management.tasks.TaskBase.initInnerObjects(String foundTagName, MgFormBase parentForm)
   場所 com.magicsoftware.rte.tasks.Task.FillData(MgFormBase parentFrom)
   場所 com.magicsoftware.rte.tasks.TasksManager.InitInnerObjects(String currTagName, Int64 contextID, MgFormBase parentForm, Task& task)
   場所 com.magicsoftware.rte.tasks.TasksManager.fillData(Int64 contextID, String xmlData, MgFormBase parentForm)
   場所 com.magicsoftware.rte.RteExecutor.OpenTask(Double contextID, String xmlData, Int32 parentFormTskID, Int32 triggeringParentTaskID)
   場所 RteExecutorEndpoint.OpenTask(Double contextID, String content, Int32 parentTskID, Int32 triggeringTaskID)
   場所 RteExecutorBridge.OpenTask(RteExecutorBridge* , Double contextID, UInt16* content, Int32 parentFormTskID, Int32 triggeringTaskID)
   場所 CoreExecutorEndpoint.EventsLoop()
   場所 CoreExecutorGateway.EventsLoop()
   場所 com.magicsoftware.rte.RTEmanager.ExecuteWorkThread()
   場所 System.Threading.ThreadHelper.ThreadStart_Context(Object state)
   場所 System.Threading.ExecutionContext.RunInternal(ExecutionContext executionContext, ContextCallback callback, Object state, Boolean preserveSyncCtx)
   場所 System.Threading.ExecutionContext.Run(ExecutionContext executionContext, ContextCallback callback, Object state, Boolean preserveSyncCtx)
   場所 System.Threading.ExecutionContext.Run(ExecutionContext executionContext, ContextCallback callback, Object state)
   場所 System.Threading.ThreadHelper.ThreadStart(), Program: "伝票情報 表示".
 <-1> 03/06/2026 14:21:48.841     [Error  ] - [MgGui.dll] in Control.fillData(): missing datatype or picture string for control: V_値引金額(標準), Program: "伝票情報 表示".
 <-1> 03/06/2026 14:21:48.842     [Error  ] - [MgGui.dll] 
   場所 System.Environment.GetStackTrace(Exception e, Boolean needFileInfo)
   場所 System.Environment.get_StackTrace()
   場所 com.magicsoftware.rte.CoreExecutor.WriteExceptionToLog(Int64 contextID, String msg)
   場所 com.magicsoftware.rte.GuiEventsProcessor.WriteExceptionToLog(String message)
   場所 com.magicsoftware.unipaas.Events.WriteExceptionToLog(String msg)
   場所 com.magicsoftware.unipaas.management.gui.MgControlBase.fillData(MgFormBase mgForm, Int32 ditIdx)
   場所 com.magicsoftware.unipaas.management.gui.ControlTable.initInnerObjects(String foundTagName)
   場所 com.magicsoftware.unipaas.management.gui.ControlTable.fillData(MgFormBase mgForm)
   場所 com.magicsoftware.unipaas.management.gui.MgFormBase.initInnerObjects(String foundTagName)
   場所 com.magicsoftware.unipaas.management.gui.MgFormBase.fillData(TaskBase taskRef)
   場所 com.magicsoftware.rte.gui.MgForm.fillData(TaskBase taskRef)
   場所 com.magicsoftware.unipaas.management.tasks.TaskBase.FormInitData(MgFormBase parentForm)
   場所 com.magicsoftware.unipaas.management.tasks.TaskBase.initInnerObjects(String foundTagName, MgFormBase parentForm)
   場所 com.magicsoftware.rte.tasks.Task.FillData(MgFormBase parentFrom)
   場所 com.magicsoftware.rte.tasks.TasksManager.InitInnerObjects(String currTagName, Int64 contextID, MgFormBase parentForm, Task& task)
   場所 com.magicsoftware.rte.tasks.TasksManager.fillData(Int64 contextID, String xmlData, MgFormBase parentForm)
   場所 com.magicsoftware.rte.RteExecutor.OpenTask(Double contextID, String xmlData, Int32 parentFormTskID, Int32 triggeringParentTaskID)
   場所 RteExecutorEndpoint.OpenTask(Double contextID, String content, Int32 parentTskID, Int32 triggeringTaskID)
   場所 RteExecutorBridge.OpenTask(RteExecutorBridge* , Double contextID, UInt16* content, Int32 parentFormTskID, Int32 triggeringTaskID)
   場所 CoreExecutorEndpoint.EventsLoop()
   場所 CoreExecutorGateway.EventsLoop()
   場所 com.magicsoftware.rte.RTEmanager.ExecuteWorkThread()
   場所 System.Threading.ThreadHelper.ThreadStart_Context(Object state)
   場所 System.Threading.ExecutionContext.RunInternal(ExecutionContext executionContext, ContextCallback callback, Object state, Boolean preserveSyncCtx)
   場所 System.Threading.ExecutionContext.Run(ExecutionContext executionContext, ContextCallback callback, Object state, Boolean preserveSyncCtx)
   場所 System.Threading.ExecutionContext.Run(ExecutionContext executionContext, ContextCallback callback, Object state)
   場所 System.Threading.ThreadHelper.ThreadStart(), Program: "伝票情報 表示".
 <-1> 03/06/2026 14:21:48.843     [Error  ] - [MgGui.dll] in Control.fillData(): missing datatype or picture string for control: V_消費税額(標準), Program: "伝票情報 表示".
 <-1> 03/06/2026 14:21:48.843     [Error  ] - [MgGui.dll] 
   場所 System.Environment.GetStackTrace(Exception e, Boolean needFileInfo)
   場所 System.Environment.get_StackTrace()
   場所 com.magicsoftware.rte.CoreExecutor.WriteExceptionToLog(Int64 contextID, String msg)
   場所 com.magicsoftware.rte.GuiEventsProcessor.WriteExceptionToLog(String message)
   場所 com.magicsoftware.unipaas.Events.WriteExceptionToLog(String msg)
   場所 com.magicsoftware.unipaas.management.gui.MgControlBase.fillData(MgFormBase mgForm, Int32 ditIdx)
   場所 com.magicsoftware.unipaas.management.gui.ControlTable.initInnerObjects(String foundTagName)
   場所 com.magicsoftware.unipaas.management.gui.ControlTable.fillData(MgFormBase mgForm)
   場所 com.magicsoftware.unipaas.management.gui.MgFormBase.initInnerObjects(String foundTagName)
   場所 com.magicsoftware.unipaas.management.gui.MgFormBase.fillData(TaskBase taskRef)
   場所 com.magicsoftware.rte.gui.MgForm.fillData(TaskBase taskRef)
   場所 com.magicsoftware.unipaas.management.tasks.TaskBase.FormInitData(MgFormBase parentForm)
   場所 com.magicsoftware.unipaas.management.tasks.TaskBase.initInnerObjects(String foundTagName, MgFormBase parentForm)
   場所 com.magicsoftware.rte.tasks.Task.FillData(MgFormBase parentFrom)
   場所 com.magicsoftware.rte.tasks.TasksManager.InitInnerObjects(String currTagName, Int64 contextID, MgFormBase parentForm, Task& task)
   場所 com.magicsoftware.rte.tasks.TasksManager.fillData(Int64 contextID, String xmlData, MgFormBase parentForm)
   場所 com.magicsoftware.rte.RteExecutor.OpenTask(Double contextID, String xmlData, Int32 parentFormTskID, Int32 triggeringParentTaskID)
   場所 RteExecutorEndpoint.OpenTask(Double contextID, String content, Int32 parentTskID, Int32 triggeringTaskID)
   場所 RteExecutorBridge.OpenTask(RteExecutorBridge* , Double contextID, UInt16* content, Int32 parentFormTskID, Int32 triggeringTaskID)
   場所 CoreExecutorEndpoint.EventsLoop()
   場所 CoreExecutorGateway.EventsLoop()
   場所 com.magicsoftware.rte.RTEmanager.ExecuteWorkThread()
   場所 System.Threading.ThreadHelper.ThreadStart_Context(Object state)
   場所 System.Threading.ExecutionContext.RunInternal(ExecutionContext executionContext, ContextCallback callback, Object state, Boolean preserveSyncCtx)
   場所 System.Threading.ExecutionContext.Run(ExecutionContext executionContext, ContextCallback callback, Object state, Boolean preserveSyncCtx)
   場所 System.Threading.ExecutionContext.Run(ExecutionContext executionContext, ContextCallback callback, Object state)
   場所 System.Threading.ThreadHelper.ThreadStart(), Program: "伝票情報 表示".
 <-1> 03/06/2026 14:21:48.844     [Error  ] - [MgGui.dll] in Control.fillData(): missing datatype or picture string for control: V_合計金額, Program: "伝票情報 表示".
 <-1> 03/06/2026 14:21:48.845     [Error  ] - [MgGui.dll] 
   場所 System.Environment.GetStackTrace(Exception e, Boolean needFileInfo)
   場所 System.Environment.get_StackTrace()
   場所 com.magicsoftware.rte.CoreExecutor.WriteExceptionToLog(Int64 contextID, String msg)
   場所 com.magicsoftware.rte.GuiEventsProcessor.WriteExceptionToLog(String message)
   場所 com.magicsoftware.unipaas.Events.WriteExceptionToLog(String msg)
   場所 com.magicsoftware.unipaas.management.gui.MgControlBase.fillData(MgFormBase mgForm, Int32 ditIdx)
   場所 com.magicsoftware.unipaas.management.gui.ControlTable.initInnerObjects(String foundTagName)
   場所 com.magicsoftware.unipaas.management.gui.ControlTable.fillData(MgFormBase mgForm)
   場所 com.magicsoftware.unipaas.management.gui.MgFormBase.initInnerObjects(String foundTagName)
   場所 com.magicsoftware.unipaas.management.gui.MgFormBase.fillData(TaskBase taskRef)
   場所 com.magicsoftware.rte.gui.MgForm.fillData(TaskBase taskRef)
   場所 com.magicsoftware.unipaas.management.tasks.TaskBase.FormInitData(MgFormBase parentForm)
   場所 com.magicsoftware.unipaas.management.tasks.TaskBase.initInnerObjects(String foundTagName, MgFormBase parentForm)
   場所 com.magicsoftware.rte.tasks.Task.FillData(MgFormBase parentFrom)
   場所 com.magicsoftware.rte.tasks.TasksManager.InitInnerObjects(String currTagName, Int64 contextID, MgFormBase parentForm, Task& task)
   場所 com.magicsoftware.rte.tasks.TasksManager.fillData(Int64 contextID, String xmlData, MgFormBase parentForm)
   場所 com.magicsoftware.rte.RteExecutor.OpenTask(Double contextID, String xmlData, Int32 parentFormTskID, Int32 triggeringParentTaskID)
   場所 RteExecutorEndpoint.OpenTask(Double contextID, String content, Int32 parentTskID, Int32 triggeringTaskID)
   場所 RteExecutorBridge.OpenTask(RteExecutorBridge* , Double contextID, UInt16* content, Int32 parentFormTskID, Int32 triggeringTaskID)
   場所 CoreExecutorEndpoint.EventsLoop()
   場所 CoreExecutorGateway.EventsLoop()
   場所 com.magicsoftware.rte.RTEmanager.ExecuteWorkThread()
   場所 System.Threading.ThreadHelper.ThreadStart_Context(Object state)
   場所 System.Threading.ExecutionContext.RunInternal(ExecutionContext executionContext, ContextCallback callback, Object state, Boolean preserveSyncCtx)
   場所 System.Threading.ExecutionContext.Run(ExecutionContext executionContext, ContextCallback callback, Object state, Boolean preserveSyncCtx)
   場所 System.Threading.ExecutionContext.Run(ExecutionContext executionContext, ContextCallback callback, Object state)
   場所 System.Threading.ThreadHelper.ThreadStart(), Program: "伝票情報 表示".
 <-1> 03/06/2026 14:21:48.846     [Error  ] - [MgGui.dll] in Control.fillData(): missing datatype or picture string for control: V_開始伝票NO, Program: "伝票情報 表示".
 <-1> 03/06/2026 14:21:48.847     [Error  ] - [MgGui.dll] 
   場所 System.Environment.GetStackTrace(Exception e, Boolean needFileInfo)
   場所 System.Environment.get_StackTrace()
   場所 com.magicsoftware.rte.CoreExecutor.WriteExceptionToLog(Int64 contextID, String msg)
   場所 com.magicsoftware.rte.GuiEventsProcessor.WriteExceptionToLog(String message)
   場所 com.magicsoftware.unipaas.Events.WriteExceptionToLog(String msg)
   場所 com.magicsoftware.unipaas.management.gui.MgControlBase.fillData(MgFormBase mgForm, Int32 ditIdx)
   場所 com.magicsoftware.unipaas.management.gui.ControlTable.initInnerObjects(String foundTagName)
   場所 com.magicsoftware.unipaas.management.gui.ControlTable.fillData(MgFormBase mgForm)
   場所 com.magicsoftware.unipaas.management.gui.MgFormBase.initInnerObjects(String foundTagName)
   場所 com.magicsoftware.unipaas.management.gui.MgFormBase.fillData(TaskBase taskRef)
   場所 com.magicsoftware.rte.gui.MgForm.fillData(TaskBase taskRef)
   場所 com.magicsoftware.unipaas.management.tasks.TaskBase.FormInitData(MgFormBase parentForm)
   場所 com.magicsoftware.unipaas.management.tasks.TaskBase.initInnerObjects(String foundTagName, MgFormBase parentForm)
   場所 com.magicsoftware.rte.tasks.Task.FillData(MgFormBase parentFrom)
   場所 com.magicsoftware.rte.tasks.TasksManager.InitInnerObjects(String currTagName, Int64 contextID, MgFormBase parentForm, Task& task)
   場所 com.magicsoftware.rte.tasks.TasksManager.fillData(Int64 contextID, String xmlData, MgFormBase parentForm)
   場所 com.magicsoftware.rte.RteExecutor.OpenTask(Double contextID, String xmlData, Int32 parentFormTskID, Int32 triggeringParentTaskID)
   場所 RteExecutorEndpoint.OpenTask(Double contextID, String content, Int32 parentTskID, Int32 triggeringTaskID)
   場所 RteExecutorBridge.OpenTask(RteExecutorBridge* , Double contextID, UInt16* content, Int32 parentFormTskID, Int32 triggeringTaskID)
   場所 CoreExecutorEndpoint.EventsLoop()
   場所 CoreExecutorGateway.EventsLoop()
   場所 com.magicsoftware.rte.RTEmanager.ExecuteWorkThread()
   場所 System.Threading.ThreadHelper.ThreadStart_Context(Object state)
   場所 System.Threading.ExecutionContext.RunInternal(ExecutionContext executionContext, ContextCallback callback, Object state, Boolean preserveSyncCtx)
   場所 System.Threading.ExecutionContext.Run(ExecutionContext executionContext, ContextCallback callback, Object state, Boolean preserveSyncCtx)
   場所 System.Threading.ExecutionContext.Run(ExecutionContext executionContext, ContextCallback callback, Object state)
   場所 System.Threading.ThreadHelper.ThreadStart(), Program: "伝票情報 表示".
 <-1> 03/06/2026 14:21:48.848     [Error  ] - [MgGui.dll] in Control.fillData(): missing datatype or picture string for control: V_終了伝票NO, Program: "伝票情報 表示".
 <-1> 03/06/2026 14:21:48.849     [Error  ] - [MgGui.dll] 
   場所 System.Environment.GetStackTrace(Exception e, Boolean needFileInfo)
   場所 System.Environment.get_StackTrace()
   場所 com.magicsoftware.rte.CoreExecutor.WriteExceptionToLog(Int64 contextID, String msg)
   場所 com.magicsoftware.rte.GuiEventsProcessor.WriteExceptionToLog(String message)
   場所 com.magicsoftware.unipaas.Events.WriteExceptionToLog(String msg)
   場所 com.magicsoftware.unipaas.management.gui.MgControlBase.fillData(MgFormBase mgForm, Int32 ditIdx)
   場所 com.magicsoftware.unipaas.management.gui.ControlTable.initInnerObjects(String foundTagName)
   場所 com.magicsoftware.unipaas.management.gui.ControlTable.fillData(MgFormBase mgForm)
   場所 com.magicsoftware.unipaas.management.gui.MgFormBase.initInnerObjects(String foundTagName)
   場所 com.magicsoftware.unipaas.management.gui.MgFormBase.fillData(TaskBase taskRef)
   場所 com.magicsoftware.rte.gui.MgForm.fillData(TaskBase taskRef)
   場所 com.magicsoftware.unipaas.management.tasks.TaskBase.FormInitData(MgFormBase parentForm)
   場所 com.magicsoftware.unipaas.management.tasks.TaskBase.initInnerObjects(String foundTagName, MgFormBase parentForm)
   場所 com.magicsoftware.rte.tasks.Task.FillData(MgFormBase parentFrom)
   場所 com.magicsoftware.rte.tasks.TasksManager.InitInnerObjects(String currTagName, Int64 contextID, MgFormBase parentForm, Task& task)
   場所 com.magicsoftware.rte.tasks.TasksManager.fillData(Int64 contextID, String xmlData, MgFormBase parentForm)
   場所 com.magicsoftware.rte.RteExecutor.OpenTask(Double contextID, String xmlData, Int32 parentFormTskID, Int32 triggeringParentTaskID)
   場所 RteExecutorEndpoint.OpenTask(Double contextID, String content, Int32 parentTskID, Int32 triggeringTaskID)
   場所 RteExecutorBridge.OpenTask(RteExecutorBridge* , Double contextID, UInt16* content, Int32 parentFormTskID, Int32 triggeringTaskID)
   場所 CoreExecutorEndpoint.EventsLoop()
   場所 CoreExecutorGateway.EventsLoop()
   場所 com.magicsoftware.rte.RTEmanager.ExecuteWorkThread()
   場所 System.Threading.ThreadHelper.ThreadStart_Context(Object state)
   場所 System.Threading.ExecutionContext.RunInternal(ExecutionContext executionContext, ContextCallback callback, Object state, Boolean preserveSyncCtx)
   場所 System.Threading.ExecutionContext.Run(ExecutionContext executionContext, ContextCallback callback, Object state, Boolean preserveSyncCtx)
   場所 System.Threading.ExecutionContext.Run(ExecutionContext executionContext, ContextCallback callback, Object state)
   場所 System.Threading.ThreadHelper.ThreadStart(), Program: "伝票情報 表示".
 <-1> 03/06/2026 14:21:48.849     [Error  ] - [MgGui.dll] in Control.fillData(): missing datatype or picture string for control: V_次伝票NO, Program: "伝票情報 表示".
 <-1> 03/06/2026 14:21:48.850     [Error  ] - [MgGui.dll] 
   場所 System.Environment.GetStackTrace(Exception e, Boolean needFileInfo)
   場所 System.Environment.get_StackTrace()
   場所 com.magicsoftware.rte.CoreExecutor.WriteExceptionToLog(Int64 contextID, String msg)
   場所 com.magicsoftware.rte.GuiEventsProcessor.WriteExceptionToLog(String message)
   場所 com.magicsoftware.unipaas.Events.WriteExceptionToLog(String msg)
   場所 com.magicsoftware.unipaas.management.gui.MgControlBase.fillData(MgFormBase mgForm, Int32 ditIdx)
   場所 com.magicsoftware.unipaas.management.gui.ControlTable.initInnerObjects(String foundTagName)
   場所 com.magicsoftware.unipaas.management.gui.ControlTable.fillData(MgFormBase mgForm)
   場所 com.magicsoftware.unipaas.management.gui.MgFormBase.initInnerObjects(String foundTagName)
   場所 com.magicsoftware.unipaas.management.gui.MgFormBase.fillData(TaskBase taskRef)
   場所 com.magicsoftware.rte.gui.MgForm.fillData(TaskBase taskRef)
   場所 com.magicsoftware.unipaas.management.tasks.TaskBase.FormInitData(MgFormBase parentForm)
   場所 com.magicsoftware.unipaas.management.tasks.TaskBase.initInnerObjects(String foundTagName, MgFormBase parentForm)
   場所 com.magicsoftware.rte.tasks.Task.FillData(MgFormBase parentFrom)
   場所 com.magicsoftware.rte.tasks.TasksManager.InitInnerObjects(String currTagName, Int64 contextID, MgFormBase parentForm, Task& task)
   場所 com.magicsoftware.rte.tasks.TasksManager.fillData(Int64 contextID, String xmlData, MgFormBase parentForm)
   場所 com.magicsoftware.rte.RteExecutor.OpenTask(Double contextID, String xmlData, Int32 parentFormTskID, Int32 triggeringParentTaskID)
   場所 RteExecutorEndpoint.OpenTask(Double contextID, String content, Int32 parentTskID, Int32 triggeringTaskID)
   場所 RteExecutorBridge.OpenTask(RteExecutorBridge* , Double contextID, UInt16* content, Int32 parentFormTskID, Int32 triggeringTaskID)
   場所 CoreExecutorEndpoint.EventsLoop()
   場所 CoreExecutorGateway.EventsLoop()
   場所 com.magicsoftware.rte.RTEmanager.ExecuteWorkThread()
   場所 System.Threading.ThreadHelper.ThreadStart_Context(Object state)
   場所 System.Threading.ExecutionContext.RunInternal(ExecutionContext executionContext, ContextCallback callback, Object state, Boolean preserveSyncCtx)
   場所 System.Threading.ExecutionContext.Run(ExecutionContext executionContext, ContextCallback callback, Object state, Boolean preserveSyncCtx)
   場所 System.Threading.ExecutionContext.Run(ExecutionContext executionContext, ContextCallback callback, Object state)
   場所 System.Threading.ThreadHelper.ThreadStart(), Program: "伝票情報 表示".
 <-1> 03/06/2026 14:21:48.977     [Error  ] - [MgGui.dll] Control 'V_仕入金額(標準)_0': オブジェクト参照がオブジェクト インスタンスに設定されていません。, Program: "伝票情報 表示".
 <-1> 03/06/2026 14:21:48.979     [Error  ] - [MgGui.dll] 
   場所 System.Environment.GetStackTrace(Exception e, Boolean needFileInfo)
   場所 System.Environment.get_StackTrace()
   場所 com.magicsoftware.rte.CoreExecutor.WriteExceptionToLog(Int64 contextID, String msg)
   場所 com.magicsoftware.rte.GuiEventsProcessor.WriteExceptionToLog(String message)
   場所 com.magicsoftware.unipaas.Events.WriteExceptionToLog(String msg)
   場所 com.magicsoftware.unipaas.management.gui.MgControlBase.refreshProperties(Boolean onlyRepeatableProps)
   場所 com.magicsoftware.unipaas.management.gui.MgControlBase.RefreshDisplay(Boolean onlyRepeatableProps)
   場所 com.magicsoftware.unipaas.management.gui.MgFormBase.refreshControls(Boolean repeatableOnly)
   場所 com.magicsoftware.unipaas.management.gui.MgFormBase.refreshRow(Int32 rowIdx, Boolean repeatableOnly)
   場所 com.magicsoftware.rte.gui.MgForm.DisplayRow(Int32 rowIdx, Boolean repeatableOnly, String dataCtrlPairs)
   場所 com.magicsoftware.rte.RteExecutor.DisplayRow(Int32 taskID, Int32 rowIdx, Boolean repeatableOnly, String dataCtrlPairs)
   場所 RteExecutorEndpoint.InvokeDisplayRow(Int32 taskID, Int32 rowIdx, Boolean repeatableOnly, String dataCtrlPairs)
   場所 RteExecutorBridge.DisplayRow(RteExecutorBridge* , Int32 taskID, Int32 rowIdx, Boolean repeatableOnly, UInt16* dataCtrlPairs)
   場所 CoreExecutorEndpoint.EventsLoop()
   場所 CoreExecutorGateway.EventsLoop()
   場所 com.magicsoftware.rte.RTEmanager.ExecuteWorkThread()
   場所 System.Threading.ThreadHelper.ThreadStart_Context(Object state)
   場所 System.Threading.ExecutionContext.RunInternal(ExecutionContext executionContext, ContextCallback callback, Object state, Boolean preserveSyncCtx)
   場所 System.Threading.ExecutionContext.Run(ExecutionContext executionContext, ContextCallback callback, Object state, Boolean preserveSyncCtx)
   場所 System.Threading.ExecutionContext.Run(ExecutionContext executionContext, ContextCallback callback, Object state)
   場所 System.Threading.ThreadHelper.ThreadStart(), Program: "伝票情報 表示".
 <-1> 03/06/2026 14:21:48.980     [Error  ] - [MgGui.dll] Control 'V_返品金額(標準)_0': オブジェクト参照がオブジェクト インスタンスに設定されていません。, Program: "伝票情報 表示".
 <-1> 03/06/2026 14:21:48.980     [Error  ] - [MgGui.dll] 
   場所 System.Environment.GetStackTrace(Exception e, Boolean needFileInfo)
   場所 System.Environment.get_StackTrace()
   場所 com.magicsoftware.rte.CoreExecutor.WriteExceptionToLog(Int64 contextID, String msg)
   場所 com.magicsoftware.rte.GuiEventsProcessor.WriteExceptionToLog(String message)
   場所 com.magicsoftware.unipaas.Events.WriteExceptionToLog(String msg)
   場所 com.magicsoftware.unipaas.management.gui.MgControlBase.refreshProperties(Boolean onlyRepeatableProps)
   場所 com.magicsoftware.unipaas.management.gui.MgControlBase.RefreshDisplay(Boolean onlyRepeatableProps)
   場所 com.magicsoftware.unipaas.management.gui.MgFormBase.refreshControls(Boolean repeatableOnly)
   場所 com.magicsoftware.unipaas.management.gui.MgFormBase.refreshRow(Int32 rowIdx, Boolean repeatableOnly)
   場所 com.magicsoftware.rte.gui.MgForm.DisplayRow(Int32 rowIdx, Boolean repeatableOnly, String dataCtrlPairs)
   場所 com.magicsoftware.rte.RteExecutor.DisplayRow(Int32 taskID, Int32 rowIdx, Boolean repeatableOnly, String dataCtrlPairs)
   場所 RteExecutorEndpoint.InvokeDisplayRow(Int32 taskID, Int32 rowIdx, Boolean repeatableOnly, String dataCtrlPairs)
   場所 RteExecutorBridge.DisplayRow(RteExecutorBridge* , Int32 taskID, Int32 rowIdx, Boolean repeatableOnly, UInt16* dataCtrlPairs)
   場所 CoreExecutorEndpoint.EventsLoop()
   場所 CoreExecutorGateway.EventsLoop()
   場所 com.magicsoftware.rte.RTEmanager.ExecuteWorkThread()
   場所 System.Threading.ThreadHelper.ThreadStart_Context(Object state)
   場所 System.Threading.ExecutionContext.RunInternal(ExecutionContext executionContext, ContextCallback callback, Object state, Boolean preserveSyncCtx)
   場所 System.Threading.ExecutionContext.Run(ExecutionContext executionContext, ContextCallback callback, Object state, Boolean preserveSyncCtx)
   場所 System.Threading.ExecutionContext.Run(ExecutionContext executionContext, ContextCallback callback, Object state)
   場所 System.Threading.ThreadHelper.ThreadStart(), Program: "伝票情報 表示".
 <-1> 03/06/2026 14:21:48.981     [Error  ] - [MgGui.dll] Control 'V_値引金額(標準)_0': オブジェクト参照がオブジェクト インスタンスに設定されていません。, Program: "伝票情報 表示".
 <-1> 03/06/2026 14:21:48.981     [Error  ] - [MgGui.dll] 
   場所 System.Environment.GetStackTrace(Exception e, Boolean needFileInfo)
   場所 System.Environment.get_StackTrace()
   場所 com.magicsoftware.rte.CoreExecutor.WriteExceptionToLog(Int64 contextID, String msg)
   場所 com.magicsoftware.rte.GuiEventsProcessor.WriteExceptionToLog(String message)
   場所 com.magicsoftware.unipaas.Events.WriteExceptionToLog(String msg)
   場所 com.magicsoftware.unipaas.management.gui.MgControlBase.refreshProperties(Boolean onlyRepeatableProps)
   場所 com.magicsoftware.unipaas.management.gui.MgControlBase.RefreshDisplay(Boolean onlyRepeatableProps)
   場所 com.magicsoftware.unipaas.management.gui.MgFormBase.refreshControls(Boolean repeatableOnly)
   場所 com.magicsoftware.unipaas.management.gui.MgFormBase.refreshRow(Int32 rowIdx, Boolean repeatableOnly)
   場所 com.magicsoftware.rte.gui.MgForm.DisplayRow(Int32 rowIdx, Boolean repeatableOnly, String dataCtrlPairs)
   場所 com.magicsoftware.rte.RteExecutor.DisplayRow(Int32 taskID, Int32 rowIdx, Boolean repeatableOnly, String dataCtrlPairs)
   場所 RteExecutorEndpoint.InvokeDisplayRow(Int32 taskID, Int32 rowIdx, Boolean repeatableOnly, String dataCtrlPairs)
   場所 RteExecutorBridge.DisplayRow(RteExecutorBridge* , Int32 taskID, Int32 rowIdx, Boolean repeatableOnly, UInt16* dataCtrlPairs)
   場所 CoreExecutorEndpoint.EventsLoop()
   場所 CoreExecutorGateway.EventsLoop()
   場所 com.magicsoftware.rte.RTEmanager.ExecuteWorkThread()
   場所 System.Threading.ThreadHelper.ThreadStart_Context(Object state)
   場所 System.Threading.ExecutionContext.RunInternal(ExecutionContext executionContext, ContextCallback callback, Object state, Boolean preserveSyncCtx)
   場所 System.Threading.ExecutionContext.Run(ExecutionContext executionContext, ContextCallback callback, Object state, Boolean preserveSyncCtx)
   場所 System.Threading.ExecutionContext.Run(ExecutionContext executionContext, ContextCallback callback, Object state)
   場所 System.Threading.ThreadHelper.ThreadStart(), Program: "伝票情報 表示".
 <-1> 03/06/2026 14:21:48.982     [Error  ] - [MgGui.dll] Control 'V_消費税額(標準)_0': オブジェクト参照がオブジェクト インスタンスに設定されていません。, Program: "伝票情報 表示".
 <-1> 03/06/2026 14:21:48.982     [Error  ] - [MgGui.dll] 
   場所 System.Environment.GetStackTrace(Exception e, Boolean needFileInfo)
   場所 System.Environment.get_StackTrace()
   場所 com.magicsoftware.rte.CoreExecutor.WriteExceptionToLog(Int64 contextID, String msg)
   場所 com.magicsoftware.rte.GuiEventsProcessor.WriteExceptionToLog(String message)
   場所 com.magicsoftware.unipaas.Events.WriteExceptionToLog(String msg)
   場所 com.magicsoftware.unipaas.management.gui.MgControlBase.refreshProperties(Boolean onlyRepeatableProps)
   場所 com.magicsoftware.unipaas.management.gui.MgControlBase.RefreshDisplay(Boolean onlyRepeatableProps)
   場所 com.magicsoftware.unipaas.management.gui.MgFormBase.refreshControls(Boolean repeatableOnly)
   場所 com.magicsoftware.unipaas.management.gui.MgFormBase.refreshRow(Int32 rowIdx, Boolean repeatableOnly)
   場所 com.magicsoftware.rte.gui.MgForm.DisplayRow(Int32 rowIdx, Boolean repeatableOnly, String dataCtrlPairs)
   場所 com.magicsoftware.rte.RteExecutor.DisplayRow(Int32 taskID, Int32 rowIdx, Boolean repeatableOnly, String dataCtrlPairs)
   場所 RteExecutorEndpoint.InvokeDisplayRow(Int32 taskID, Int32 rowIdx, Boolean repeatableOnly, String dataCtrlPairs)
   場所 RteExecutorBridge.DisplayRow(RteExecutorBridge* , Int32 taskID, Int32 rowIdx, Boolean repeatableOnly, UInt16* dataCtrlPairs)
   場所 CoreExecutorEndpoint.EventsLoop()
   場所 CoreExecutorGateway.EventsLoop()
   場所 com.magicsoftware.rte.RTEmanager.ExecuteWorkThread()
   場所 System.Threading.ThreadHelper.ThreadStart_Context(Object state)
   場所 System.Threading.ExecutionContext.RunInternal(ExecutionContext executionContext, ContextCallback callback, Object state, Boolean preserveSyncCtx)
   場所 System.Threading.ExecutionContext.Run(ExecutionContext executionContext, ContextCallback callback, Object state, Boolean preserveSyncCtx)
   場所 System.Threading.ExecutionContext.Run(ExecutionContext executionContext, ContextCallback callback, Object state)
   場所 System.Threading.ThreadHelper.ThreadStart(), Program: "伝票情報 表示".
 <-1> 03/06/2026 14:21:48.983     [Error  ] - [MgGui.dll] Control 'V_合計金額_0': オブジェクト参照がオブジェクト インスタンスに設定されていません。, Program: "伝票情報 表示".
 <-1> 03/06/2026 14:21:48.983     [Error  ] - [MgGui.dll] 
   場所 System.Environment.GetStackTrace(Exception e, Boolean needFileInfo)
   場所 System.Environment.get_StackTrace()
   場所 com.magicsoftware.rte.CoreExecutor.WriteExceptionToLog(Int64 contextID, String msg)
   場所 com.magicsoftware.rte.GuiEventsProcessor.WriteExceptionToLog(String message)
   場所 com.magicsoftware.unipaas.Events.WriteExceptionToLog(String msg)
   場所 com.magicsoftware.unipaas.management.gui.MgControlBase.refreshProperties(Boolean onlyRepeatableProps)
   場所 com.magicsoftware.unipaas.management.gui.MgControlBase.RefreshDisplay(Boolean onlyRepeatableProps)
   場所 com.magicsoftware.unipaas.management.gui.MgFormBase.refreshControls(Boolean repeatableOnly)
   場所 com.magicsoftware.unipaas.management.gui.MgFormBase.refreshRow(Int32 rowIdx, Boolean repeatableOnly)
   場所 com.magicsoftware.rte.gui.MgForm.DisplayRow(Int32 rowIdx, Boolean repeatableOnly, String dataCtrlPairs)
   場所 com.magicsoftware.rte.RteExecutor.DisplayRow(Int32 taskID, Int32 rowIdx, Boolean repeatableOnly, String dataCtrlPairs)
   場所 RteExecutorEndpoint.InvokeDisplayRow(Int32 taskID, Int32 rowIdx, Boolean repeatableOnly, String dataCtrlPairs)
   場所 RteExecutorBridge.DisplayRow(RteExecutorBridge* , Int32 taskID, Int32 rowIdx, Boolean repeatableOnly, UInt16* dataCtrlPairs)
   場所 CoreExecutorEndpoint.EventsLoop()
   場所 CoreExecutorGateway.EventsLoop()
   場所 com.magicsoftware.rte.RTEmanager.ExecuteWorkThread()
   場所 System.Threading.ThreadHelper.ThreadStart_Context(Object state)
   場所 System.Threading.ExecutionContext.RunInternal(ExecutionContext executionContext, ContextCallback callback, Object state, Boolean preserveSyncCtx)
   場所 System.Threading.ExecutionContext.Run(ExecutionContext executionContext, ContextCallback callback, Object state, Boolean preserveSyncCtx)
   場所 System.Threading.ExecutionContext.Run(ExecutionContext executionContext, ContextCallback callback, Object state)
   場所 System.Threading.ThreadHelper.ThreadStart(), Program: "伝票情報 表示".
 <-1> 03/06/2026 14:21:48.983     [Error  ] - [MgGui.dll] Control 'V_開始伝票NO_0': オブジェクト参照がオブジェクト インスタンスに設定されていません。, Program: "伝票情報 表示".
 <-1> 03/06/2026 14:21:48.984     [Error  ] - [MgGui.dll] 
   場所 System.Environment.GetStackTrace(Exception e, Boolean needFileInfo)
   場所 System.Environment.get_StackTrace()
   場所 com.magicsoftware.rte.CoreExecutor.WriteExceptionToLog(Int64 contextID, String msg)
   場所 com.magicsoftware.rte.GuiEventsProcessor.WriteExceptionToLog(String message)
   場所 com.magicsoftware.unipaas.Events.WriteExceptionToLog(String msg)
   場所 com.magicsoftware.unipaas.management.gui.MgControlBase.refreshProperties(Boolean onlyRepeatableProps)
   場所 com.magicsoftware.unipaas.management.gui.MgControlBase.RefreshDisplay(Boolean onlyRepeatableProps)
   場所 com.magicsoftware.unipaas.management.gui.MgFormBase.refreshControls(Boolean repeatableOnly)
   場所 com.magicsoftware.unipaas.management.gui.MgFormBase.refreshRow(Int32 rowIdx, Boolean repeatableOnly)
   場所 com.magicsoftware.rte.gui.MgForm.DisplayRow(Int32 rowIdx, Boolean repeatableOnly, String dataCtrlPairs)
   場所 com.magicsoftware.rte.RteExecutor.DisplayRow(Int32 taskID, Int32 rowIdx, Boolean repeatableOnly, String dataCtrlPairs)
   場所 RteExecutorEndpoint.InvokeDisplayRow(Int32 taskID, Int32 rowIdx, Boolean repeatableOnly, String dataCtrlPairs)
   場所 RteExecutorBridge.DisplayRow(RteExecutorBridge* , Int32 taskID, Int32 rowIdx, Boolean repeatableOnly, UInt16* dataCtrlPairs)
   場所 CoreExecutorEndpoint.EventsLoop()
   場所 CoreExecutorGateway.EventsLoop()
   場所 com.magicsoftware.rte.RTEmanager.ExecuteWorkThread()
   場所 System.Threading.ThreadHelper.ThreadStart_Context(Object state)
   場所 System.Threading.ExecutionContext.RunInternal(ExecutionContext executionContext, ContextCallback callback, Object state, Boolean preserveSyncCtx)
   場所 System.Threading.ExecutionContext.Run(ExecutionContext executionContext, ContextCallback callback, Object state, Boolean preserveSyncCtx)
   場所 System.Threading.ExecutionContext.Run(ExecutionContext executionContext, ContextCallback callback, Object state)
   場所 System.Threading.ThreadHelper.ThreadStart(), Program: "伝票情報 表示".
 <-1> 03/06/2026 14:21:48.984     [Error  ] - [MgGui.dll] Control 'V_終了伝票NO_0': オブジェクト参照がオブジェクト インスタンスに設定されていません。, Program: "伝票情報 表示".
 <-1> 03/06/2026 14:21:48.984     [Error  ] - [MgGui.dll] 
   場所 System.Environment.GetStackTrace(Exception e, Boolean needFileInfo)
   場所 System.Environment.get_StackTrace()
   場所 com.magicsoftware.rte.CoreExecutor.WriteExceptionToLog(Int64 contextID, String msg)
   場所 com.magicsoftware.rte.GuiEventsProcessor.WriteExceptionToLog(String message)
   場所 com.magicsoftware.unipaas.Events.WriteExceptionToLog(String msg)
   場所 com.magicsoftware.unipaas.management.gui.MgControlBase.refreshProperties(Boolean onlyRepeatableProps)
   場所 com.magicsoftware.unipaas.management.gui.MgControlBase.RefreshDisplay(Boolean onlyRepeatableProps)
   場所 com.magicsoftware.unipaas.management.gui.MgFormBase.refreshControls(Boolean repeatableOnly)
   場所 com.magicsoftware.unipaas.management.gui.MgFormBase.refreshRow(Int32 rowIdx, Boolean repeatableOnly)
   場所 com.magicsoftware.rte.gui.MgForm.DisplayRow(Int32 rowIdx, Boolean repeatableOnly, String dataCtrlPairs)
   場所 com.magicsoftware.rte.RteExecutor.DisplayRow(Int32 taskID, Int32 rowIdx, Boolean repeatableOnly, String dataCtrlPairs)
   場所 RteExecutorEndpoint.InvokeDisplayRow(Int32 taskID, Int32 rowIdx, Boolean repeatableOnly, String dataCtrlPairs)
   場所 RteExecutorBridge.DisplayRow(RteExecutorBridge* , Int32 taskID, Int32 rowIdx, Boolean repeatableOnly, UInt16* dataCtrlPairs)
   場所 CoreExecutorEndpoint.EventsLoop()
   場所 CoreExecutorGateway.EventsLoop()
   場所 com.magicsoftware.rte.RTEmanager.ExecuteWorkThread()
   場所 System.Threading.ThreadHelper.ThreadStart_Context(Object state)
   場所 System.Threading.ExecutionContext.RunInternal(ExecutionContext executionContext, ContextCallback callback, Object state, Boolean preserveSyncCtx)
   場所 System.Threading.ExecutionContext.Run(ExecutionContext executionContext, ContextCallback callback, Object state, Boolean preserveSyncCtx)
   場所 System.Threading.ExecutionContext.Run(ExecutionContext executionContext, ContextCallback callback, Object state)
   場所 System.Threading.ThreadHelper.ThreadStart(), Program: "伝票情報 表示".
 <-1> 03/06/2026 14:21:48.985     [Error  ] - [MgGui.dll] Control 'V_次伝票NO_0': オブジェクト参照がオブジェクト インスタンスに設定されていません。, Program: "伝票情報 表示".
 <-1> 03/06/2026 14:21:48.985     [Error  ] - [MgGui.dll] 
   場所 System.Environment.GetStackTrace(Exception e, Boolean needFileInfo)
   場所 System.Environment.get_StackTrace()
   場所 com.magicsoftware.rte.CoreExecutor.WriteExceptionToLog(Int64 contextID, String msg)
   場所 com.magicsoftware.rte.GuiEventsProcessor.WriteExceptionToLog(String message)
   場所 com.magicsoftware.unipaas.Events.WriteExceptionToLog(String msg)
   場所 com.magicsoftware.unipaas.management.gui.MgControlBase.refreshProperties(Boolean onlyRepeatableProps)
   場所 com.magicsoftware.unipaas.management.gui.MgControlBase.RefreshDisplay(Boolean onlyRepeatableProps)
   場所 com.magicsoftware.unipaas.management.gui.MgFormBase.refreshControls(Boolean repeatableOnly)
   場所 com.magicsoftware.unipaas.management.gui.MgFormBase.refreshRow(Int32 rowIdx, Boolean repeatableOnly)
   場所 com.magicsoftware.rte.gui.MgForm.DisplayRow(Int32 rowIdx, Boolean repeatableOnly, String dataCtrlPairs)
   場所 com.magicsoftware.rte.RteExecutor.DisplayRow(Int32 taskID, Int32 rowIdx, Boolean repeatableOnly, String dataCtrlPairs)
   場所 RteExecutorEndpoint.InvokeDisplayRow(Int32 taskID, Int32 rowIdx, Boolean repeatableOnly, String dataCtrlPairs)
   場所 RteExecutorBridge.DisplayRow(RteExecutorBridge* , Int32 taskID, Int32 rowIdx, Boolean repeatableOnly, UInt16* dataCtrlPairs)
   場所 CoreExecutorEndpoint.EventsLoop()
   場所 CoreExecutorGateway.EventsLoop()
   場所 com.magicsoftware.rte.RTEmanager.ExecuteWorkThread()
   場所 System.Threading.ThreadHelper.ThreadStart_Context(Object state)
   場所 System.Threading.ExecutionContext.RunInternal(ExecutionContext executionContext, ContextCallback callback, Object state, Boolean preserveSyncCtx)
   場所 System.Threading.ExecutionContext.Run(ExecutionContext executionContext, ContextCallback callback, Object state, Boolean preserveSyncCtx)
   場所 System.Threading.ExecutionContext.Run(ExecutionContext executionContext, ContextCallback callback, Object state)
   場所 System.Threading.ThreadHelper.ThreadStart(), Program: "伝票情報 表示".
 <-1> 03/06/2026 14:21:48.986     [Error  ] - [MgGui.dll] Control 'V_仕入金額(標準)_1': オブジェクト参照がオブジェクト インスタンスに設定されていません。, Program: "伝票情報 表示".
 <-1> 03/06/2026 14:21:48.986     [Error  ] - [MgGui.dll] 
   場所 System.Environment.GetStackTrace(Exception e, Boolean needFileInfo)
   場所 System.Environment.get_StackTrace()
   場所 com.magicsoftware.rte.CoreExecutor.WriteExceptionToLog(Int64 contextID, String msg)
   場所 com.magicsoftware.rte.GuiEventsProcessor.WriteExceptionToLog(String message)
   場所 com.magicsoftware.unipaas.Events.WriteExceptionToLog(String msg)
   場所 com.magicsoftware.unipaas.management.gui.MgControlBase.refreshProperties(Boolean onlyRepeatableProps)
   場所 com.magicsoftware.unipaas.management.gui.MgControlBase.RefreshDisplay(Boolean onlyRepeatableProps)
   場所 com.magicsoftware.unipaas.management.gui.MgFormBase.refreshControls(Boolean repeatableOnly)
   場所 com.magicsoftware.unipaas.management.gui.MgFormBase.refreshRow(Int32 rowIdx, Boolean repeatableOnly)
   場所 com.magicsoftware.rte.gui.MgForm.DisplayRow(Int32 rowIdx, Boolean repeatableOnly, String dataCtrlPairs)
   場所 com.magicsoftware.rte.RteExecutor.DisplayRow(Int32 taskID, Int32 rowIdx, Boolean repeatableOnly, String dataCtrlPairs)
   場所 RteExecutorEndpoint.InvokeDisplayRow(Int32 taskID, Int32 rowIdx, Boolean repeatableOnly, String dataCtrlPairs)
   場所 RteExecutorBridge.DisplayRow(RteExecutorBridge* , Int32 taskID, Int32 rowIdx, Boolean repeatableOnly, UInt16* dataCtrlPairs)
   場所 CoreExecutorEndpoint.EventsLoop()
   場所 CoreExecutorGateway.EventsLoop()
   場所 com.magicsoftware.rte.RTEmanager.ExecuteWorkThread()
   場所 System.Threading.ThreadHelper.ThreadStart_Context(Object state)
   場所 System.Threading.ExecutionContext.RunInternal(ExecutionContext executionContext, ContextCallback callback, Object state, Boolean preserveSyncCtx)
   場所 System.Threading.ExecutionContext.Run(ExecutionContext executionContext, ContextCallback callback, Object state, Boolean preserveSyncCtx)
   場所 System.Threading.ExecutionContext.Run(ExecutionContext executionContext, ContextCallback callback, Object state)
   場所 System.Threading.ThreadHelper.ThreadStart(), Program: "伝票情報 表示".
 <-1> 03/06/2026 14:21:48.987     [Error  ] - [MgGui.dll] Control 'V_返品金額(標準)_1': オブジェクト参照がオブジェクト インスタンスに設定されていません。, Program: "伝票情報 表示".
 <-1> 03/06/2026 14:21:48.987     [Error  ] - [MgGui.dll] 
   場所 System.Environment.GetStackTrace(Exception e, Boolean needFileInfo)
   場所 System.Environment.get_StackTrace()
   場所 com.magicsoftware.rte.CoreExecutor.WriteExceptionToLog(Int64 contextID, String msg)
   場所 com.magicsoftware.rte.GuiEventsProcessor.WriteExceptionToLog(String message)
   場所 com.magicsoftware.unipaas.Events.WriteExceptionToLog(String msg)
   場所 com.magicsoftware.unipaas.management.gui.MgControlBase.refreshProperties(Boolean onlyRepeatableProps)
   場所 com.magicsoftware.unipaas.management.gui.MgControlBase.RefreshDisplay(Boolean onlyRepeatableProps)
   場所 com.magicsoftware.unipaas.management.gui.MgFormBase.refreshControls(Boolean repeatableOnly)
   場所 com.magicsoftware.unipaas.management.gui.MgFormBase.refreshRow(Int32 rowIdx, Boolean repeatableOnly)
   場所 com.magicsoftware.rte.gui.MgForm.DisplayRow(Int32 rowIdx, Boolean repeatableOnly, String dataCtrlPairs)
   場所 com.magicsoftware.rte.RteExecutor.DisplayRow(Int32 taskID, Int32 rowIdx, Boolean repeatableOnly, String dataCtrlPairs)
   場所 RteExecutorEndpoint.InvokeDisplayRow(Int32 taskID, Int32 rowIdx, Boolean repeatableOnly, String dataCtrlPairs)
   場所 RteExecutorBridge.DisplayRow(RteExecutorBridge* , Int32 taskID, Int32 rowIdx, Boolean repeatableOnly, UInt16* dataCtrlPairs)
   場所 CoreExecutorEndpoint.EventsLoop()
   場所 CoreExecutorGateway.EventsLoop()
   場所 com.magicsoftware.rte.RTEmanager.ExecuteWorkThread()
   場所 System.Threading.ThreadHelper.ThreadStart_Context(Object state)
   場所 System.Threading.ExecutionContext.RunInternal(ExecutionContext executionContext, ContextCallback callback, Object state, Boolean preserveSyncCtx)
   場所 System.Threading.ExecutionContext.Run(ExecutionContext executionContext, ContextCallback callback, Object state, Boolean preserveSyncCtx)
   場所 System.Threading.ExecutionContext.Run(ExecutionContext executionContext, ContextCallback callback, Object state)
   場所 System.Threading.ThreadHelper.ThreadStart(), Program: "伝票情報 表示".
 <-1> 03/06/2026 14:21:48.987     [Error  ] - [MgGui.dll] Control 'V_値引金額(標準)_1': オブジェクト参照がオブジェクト インスタンスに設定されていません。, Program: "伝票情報 表示".
 <-1> 03/06/2026 14:21:48.987     [Error  ] - [MgGui.dll] 
   場所 System.Environment.GetStackTrace(Exception e, Boolean needFileInfo)
   場所 System.Environment.get_StackTrace()
   場所 com.magicsoftware.rte.CoreExecutor.WriteExceptionToLog(Int64 contextID, String msg)
   場所 com.magicsoftware.rte.GuiEventsProcessor.WriteExceptionToLog(String message)
   場所 com.magicsoftware.unipaas.Events.WriteExceptionToLog(String msg)
   場所 com.magicsoftware.unipaas.management.gui.MgControlBase.refreshProperties(Boolean onlyRepeatableProps)
   場所 com.magicsoftware.unipaas.management.gui.MgControlBase.RefreshDisplay(Boolean onlyRepeatableProps)
   場所 com.magicsoftware.unipaas.management.gui.MgFormBase.refreshControls(Boolean repeatableOnly)
   場所 com.magicsoftware.unipaas.management.gui.MgFormBase.refreshRow(Int32 rowIdx, Boolean repeatableOnly)
   場所 com.magicsoftware.rte.gui.MgForm.DisplayRow(Int32 rowIdx, Boolean repeatableOnly, String dataCtrlPairs)
   場所 com.magicsoftware.rte.RteExecutor.DisplayRow(Int32 taskID, Int32 rowIdx, Boolean repeatableOnly, String dataCtrlPairs)
   場所 RteExecutorEndpoint.InvokeDisplayRow(Int32 taskID, Int32 rowIdx, Boolean repeatableOnly, String dataCtrlPairs)
   場所 RteExecutorBridge.DisplayRow(RteExecutorBridge* , Int32 taskID, Int32 rowIdx, Boolean repeatableOnly, UInt16* dataCtrlPairs)
   場所 CoreExecutorEndpoint.EventsLoop()
   場所 CoreExecutorGateway.EventsLoop()
   場所 com.magicsoftware.rte.RTEmanager.ExecuteWorkThread()
   場所 System.Threading.ThreadHelper.ThreadStart_Context(Object state)
   場所 System.Threading.ExecutionContext.RunInternal(ExecutionContext executionContext, ContextCallback callback, Object state, Boolean preserveSyncCtx)
   場所 System.Threading.ExecutionContext.Run(ExecutionContext executionContext, ContextCallback callback, Object state, Boolean preserveSyncCtx)
   場所 System.Threading.ExecutionContext.Run(ExecutionContext executionContext, ContextCallback callback, Object state)
   場所 System.Threading.ThreadHelper.ThreadStart(), Program: "伝票情報 表示".
 <-1> 03/06/2026 14:21:48.988     [Error  ] - [MgGui.dll] Control 'V_消費税額(標準)_1': オブジェクト参照がオブジェクト インスタンスに設定されていません。, Program: "伝票情報 表示".
 <-1> 03/06/2026 14:21:48.988     [Error  ] - [MgGui.dll] 
   場所 System.Environment.GetStackTrace(Exception e, Boolean needFileInfo)
   場所 System.Environment.get_StackTrace()
   場所 com.magicsoftware.rte.CoreExecutor.WriteExceptionToLog(Int64 contextID, String msg)
   場所 com.magicsoftware.rte.GuiEventsProcessor.WriteExceptionToLog(String message)
   場所 com.magicsoftware.unipaas.Events.WriteExceptionToLog(String msg)
   場所 com.magicsoftware.unipaas.management.gui.MgControlBase.refreshProperties(Boolean onlyRepeatableProps)
   場所 com.magicsoftware.unipaas.management.gui.MgControlBase.RefreshDisplay(Boolean onlyRepeatableProps)
   場所 com.magicsoftware.unipaas.management.gui.MgFormBase.refreshControls(Boolean repeatableOnly)
   場所 com.magicsoftware.unipaas.management.gui.MgFormBase.refreshRow(Int32 rowIdx, Boolean repeatableOnly)
   場所 com.magicsoftware.rte.gui.MgForm.DisplayRow(Int32 rowIdx, Boolean repeatableOnly, String dataCtrlPairs)
   場所 com.magicsoftware.rte.RteExecutor.DisplayRow(Int32 taskID, Int32 rowIdx, Boolean repeatableOnly, String dataCtrlPairs)
   場所 RteExecutorEndpoint.InvokeDisplayRow(Int32 taskID, Int32 rowIdx, Boolean repeatableOnly, String dataCtrlPairs)
   場所 RteExecutorBridge.DisplayRow(RteExecutorBridge* , Int32 taskID, Int32 rowIdx, Boolean repeatableOnly, UInt16* dataCtrlPairs)
   場所 CoreExecutorEndpoint.EventsLoop()
   場所 CoreExecutorGateway.EventsLoop()
   場所 com.magicsoftware.rte.RTEmanager.ExecuteWorkThread()
   場所 System.Threading.ThreadHelper.ThreadStart_Context(Object state)
   場所 System.Threading.ExecutionContext.RunInternal(ExecutionContext executionContext, ContextCallback callback, Object state, Boolean preserveSyncCtx)
   場所 System.Threading.ExecutionContext.Run(ExecutionContext executionContext, ContextCallback callback, Object state, Boolean preserveSyncCtx)
   場所 System.Threading.ExecutionContext.Run(ExecutionContext executionContext, ContextCallback callback, Object state)
   場所 System.Threading.ThreadHelper.ThreadStart(), Program: "伝票情報 表示".
 <-1> 03/06/2026 14:21:48.988     [Error  ] - [MgGui.dll] Control 'V_合計金額_1': オブジェクト参照がオブジェクト インスタンスに設定されていません。, Program: "伝票情報 表示".
 <-1> 03/06/2026 14:21:48.988     [Error  ] - [MgGui.dll] 
   場所 System.Environment.GetStackTrace(Exception e, Boolean needFileInfo)
   場所 System.Environment.get_StackTrace()
   場所 com.magicsoftware.rte.CoreExecutor.WriteExceptionToLog(Int64 contextID, String msg)
   場所 com.magicsoftware.rte.GuiEventsProcessor.WriteExceptionToLog(String message)
   場所 com.magicsoftware.unipaas.Events.WriteExceptionToLog(String msg)
   場所 com.magicsoftware.unipaas.management.gui.MgControlBase.refreshProperties(Boolean onlyRepeatableProps)
   場所 com.magicsoftware.unipaas.management.gui.MgControlBase.RefreshDisplay(Boolean onlyRepeatableProps)
   場所 com.magicsoftware.unipaas.management.gui.MgFormBase.refreshControls(Boolean repeatableOnly)
   場所 com.magicsoftware.unipaas.management.gui.MgFormBase.refreshRow(Int32 rowIdx, Boolean repeatableOnly)
   場所 com.magicsoftware.rte.gui.MgForm.DisplayRow(Int32 rowIdx, Boolean repeatableOnly, String dataCtrlPairs)
   場所 com.magicsoftware.rte.RteExecutor.DisplayRow(Int32 taskID, Int32 rowIdx, Boolean repeatableOnly, String dataCtrlPairs)
   場所 RteExecutorEndpoint.InvokeDisplayRow(Int32 taskID, Int32 rowIdx, Boolean repeatableOnly, String dataCtrlPairs)
   場所 RteExecutorBridge.DisplayRow(RteExecutorBridge* , Int32 taskID, Int32 rowIdx, Boolean repeatableOnly, UInt16* dataCtrlPairs)
   場所 CoreExecutorEndpoint.EventsLoop()
   場所 CoreExecutorGateway.EventsLoop()
   場所 com.magicsoftware.rte.RTEmanager.ExecuteWorkThread()
   場所 System.Threading.ThreadHelper.ThreadStart_Context(Object state)
   場所 System.Threading.ExecutionContext.RunInternal(ExecutionContext executionContext, ContextCallback callback, Object state, Boolean preserveSyncCtx)
   場所 System.Threading.ExecutionContext.Run(ExecutionContext executionContext, ContextCallback callback, Object state, Boolean preserveSyncCtx)
   場所 System.Threading.ExecutionContext.Run(ExecutionContext executionContext, ContextCallback callback, Object state)
   場所 System.Threading.ThreadHelper.ThreadStart(), Program: "伝票情報 表示".
 <-1> 03/06/2026 14:21:48.989     [Error  ] - [MgGui.dll] Control 'V_開始伝票NO_1': オブジェクト参照がオブジェクト インスタンスに設定されていません。, Program: "伝票情報 表示".
 <-1> 03/06/2026 14:21:48.989     [Error  ] - [MgGui.dll] 
   場所 System.Environment.GetStackTrace(Exception e, Boolean needFileInfo)
   場所 System.Environment.get_StackTrace()
   場所 com.magicsoftware.rte.CoreExecutor.WriteExceptionToLog(Int64 contextID, String msg)
   場所 com.magicsoftware.rte.GuiEventsProcessor.WriteExceptionToLog(String message)
   場所 com.magicsoftware.unipaas.Events.WriteExceptionToLog(String msg)
   場所 com.magicsoftware.unipaas.management.gui.MgControlBase.refreshProperties(Boolean onlyRepeatableProps)
   場所 com.magicsoftware.unipaas.management.gui.MgControlBase.RefreshDisplay(Boolean onlyRepeatableProps)
   場所 com.magicsoftware.unipaas.management.gui.MgFormBase.refreshControls(Boolean repeatableOnly)
   場所 com.magicsoftware.unipaas.management.gui.MgFormBase.refreshRow(Int32 rowIdx, Boolean repeatableOnly)
   場所 com.magicsoftware.rte.gui.MgForm.DisplayRow(Int32 rowIdx, Boolean repeatableOnly, String dataCtrlPairs)
   場所 com.magicsoftware.rte.RteExecutor.DisplayRow(Int32 taskID, Int32 rowIdx, Boolean repeatableOnly, String dataCtrlPairs)
   場所 RteExecutorEndpoint.InvokeDisplayRow(Int32 taskID, Int32 rowIdx, Boolean repeatableOnly, String dataCtrlPairs)
   場所 RteExecutorBridge.DisplayRow(RteExecutorBridge* , Int32 taskID, Int32 rowIdx, Boolean repeatableOnly, UInt16* dataCtrlPairs)
   場所 CoreExecutorEndpoint.EventsLoop()
   場所 CoreExecutorGateway.EventsLoop()
   場所 com.magicsoftware.rte.RTEmanager.ExecuteWorkThread()
   場所 System.Threading.ThreadHelper.ThreadStart_Context(Object state)
   場所 System.Threading.ExecutionContext.RunInternal(ExecutionContext executionContext, ContextCallback callback, Object state, Boolean preserveSyncCtx)
   場所 System.Threading.ExecutionContext.Run(ExecutionContext executionContext, ContextCallback callback, Object state, Boolean preserveSyncCtx)
   場所 System.Threading.ExecutionContext.Run(ExecutionContext executionContext, ContextCallback callback, Object state)
   場所 System.Threading.ThreadHelper.ThreadStart(), Program: "伝票情報 表示".
 <-1> 03/06/2026 14:21:48.989     [Error  ] - [MgGui.dll] Control 'V_終了伝票NO_1': オブジェクト参照がオブジェクト インスタンスに設定されていません。, Program: "伝票情報 表示".
 <-1> 03/06/2026 14:21:48.989     [Error  ] - [MgGui.dll] 
   場所 System.Environment.GetStackTrace(Exception e, Boolean needFileInfo)
   場所 System.Environment.get_StackTrace()
   場所 com.magicsoftware.rte.CoreExecutor.WriteExceptionToLog(Int64 contextID, String msg)
   場所 com.magicsoftware.rte.GuiEventsProcessor.WriteExceptionToLog(String message)
   場所 com.magicsoftware.unipaas.Events.WriteExceptionToLog(String msg)
   場所 com.magicsoftware.unipaas.management.gui.MgControlBase.refreshProperties(Boolean onlyRepeatableProps)
   場所 com.magicsoftware.unipaas.management.gui.MgControlBase.RefreshDisplay(Boolean onlyRepeatableProps)
   場所 com.magicsoftware.unipaas.management.gui.MgFormBase.refreshControls(Boolean repeatableOnly)
   場所 com.magicsoftware.unipaas.management.gui.MgFormBase.refreshRow(Int32 rowIdx, Boolean repeatableOnly)
   場所 com.magicsoftware.rte.gui.MgForm.DisplayRow(Int32 rowIdx, Boolean repeatableOnly, String dataCtrlPairs)
   場所 com.magicsoftware.rte.RteExecutor.DisplayRow(Int32 taskID, Int32 rowIdx, Boolean repeatableOnly, String dataCtrlPairs)
   場所 RteExecutorEndpoint.InvokeDisplayRow(Int32 taskID, Int32 rowIdx, Boolean repeatableOnly, String dataCtrlPairs)
   場所 RteExecutorBridge.DisplayRow(RteExecutorBridge* , Int32 taskID, Int32 rowIdx, Boolean repeatableOnly, UInt16* dataCtrlPairs)
   場所 CoreExecutorEndpoint.EventsLoop()
   場所 CoreExecutorGateway.EventsLoop()
   場所 com.magicsoftware.rte.RTEmanager.ExecuteWorkThread()
   場所 System.Threading.ThreadHelper.ThreadStart_Context(Object state)
   場所 System.Threading.ExecutionContext.RunInternal(ExecutionContext executionContext, ContextCallback callback, Object state, Boolean preserveSyncCtx)
   場所 System.Threading.ExecutionContext.Run(ExecutionContext executionContext, ContextCallback callback, Object state, Boolean preserveSyncCtx)
   場所 System.Threading.ExecutionContext.Run(ExecutionContext executionContext, ContextCallback callback, Object state)
   場所 System.Threading.ThreadHelper.ThreadStart(), Program: "伝票情報 表示".
 <-1> 03/06/2026 14:21:48.989     [Error  ] - [MgGui.dll] Control 'V_次伝票NO_1': オブジェクト参照がオブジェクト インスタンスに設定されていません。, Program: "伝票情報 表示".
 <-1> 03/06/2026 14:21:48.990     [Error  ] - [MgGui.dll] 
   場所 System.Environment.GetStackTrace(Exception e, Boolean needFileInfo)
   場所 System.Environment.get_StackTrace()
   場所 com.magicsoftware.rte.CoreExecutor.WriteExceptionToLog(Int64 contextID, String msg)
   場所 com.magicsoftware.rte.GuiEventsProcessor.WriteExceptionToLog(String message)
   場所 com.magicsoftware.unipaas.Events.WriteExceptionToLog(String msg)
   場所 com.magicsoftware.unipaas.management.gui.MgControlBase.refreshProperties(Boolean onlyRepeatableProps)
   場所 com.magicsoftware.unipaas.management.gui.MgControlBase.RefreshDisplay(Boolean onlyRepeatableProps)
   場所 com.magicsoftware.unipaas.management.gui.MgFormBase.refreshControls(Boolean repeatableOnly)
   場所 com.magicsoftware.unipaas.management.gui.MgFormBase.refreshRow(Int32 rowIdx, Boolean repeatableOnly)
   場所 com.magicsoftware.rte.gui.MgForm.DisplayRow(Int32 rowIdx, Boolean repeatableOnly, String dataCtrlPairs)
   場所 com.magicsoftware.rte.RteExecutor.DisplayRow(Int32 taskID, Int32 rowIdx, Boolean repeatableOnly, String dataCtrlPairs)
   場所 RteExecutorEndpoint.InvokeDisplayRow(Int32 taskID, Int32 rowIdx, Boolean repeatableOnly, String dataCtrlPairs)
   場所 RteExecutorBridge.DisplayRow(RteExecutorBridge* , Int32 taskID, Int32 rowIdx, Boolean repeatableOnly, UInt16* dataCtrlPairs)
   場所 CoreExecutorEndpoint.EventsLoop()
   場所 CoreExecutorGateway.EventsLoop()
   場所 com.magicsoftware.rte.RTEmanager.ExecuteWorkThread()
   場所 System.Threading.ThreadHelper.ThreadStart_Context(Object state)
   場所 System.Threading.ExecutionContext.RunInternal(ExecutionContext executionContext, ContextCallback callback, Object state, Boolean preserveSyncCtx)
   場所 System.Threading.ExecutionContext.Run(ExecutionContext executionContext, ContextCallback callback, Object state, Boolean preserveSyncCtx)
   場所 System.Threading.ExecutionContext.Run(ExecutionContext executionContext, ContextCallback callback, Object state)
   場所 System.Threading.ThreadHelper.ThreadStart(), Program: "伝票情報 表示".
 <-1> 03/06/2026 14:21:48.992     [Error  ] - [MgGui.dll] Control 'V_仕入金額(標準)_0': オブジェクト参照がオブジェクト インスタンスに設定されていません。, Program: "伝票情報 表示".
 <-1> 03/06/2026 14:21:48.992     [Error  ] - [MgGui.dll] 
   場所 System.Environment.GetStackTrace(Exception e, Boolean needFileInfo)
   場所 System.Environment.get_StackTrace()
   場所 com.magicsoftware.rte.CoreExecutor.WriteExceptionToLog(Int64 contextID, String msg)
   場所 com.magicsoftware.rte.GuiEventsProcessor.WriteExceptionToLog(String message)
   場所 com.magicsoftware.unipaas.Events.WriteExceptionToLog(String msg)
   場所 com.magicsoftware.unipaas.management.gui.MgControlBase.refreshProperties(Boolean onlyRepeatableProps)
   場所 com.magicsoftware.unipaas.management.gui.MgControlBase.RefreshDisplay(Boolean onlyRepeatableProps)
   場所 com.magicsoftware.unipaas.management.gui.MgFormBase.refreshControls(Boolean repeatableOnly)
   場所 com.magicsoftware.unipaas.management.gui.MgFormBase.refreshRow(Int32 rowIdx, Boolean repeatableOnly)
   場所 com.magicsoftware.rte.gui.MgForm.DisplayRow(Int32 rowIdx, Boolean repeatableOnly, String dataCtrlPairs)
   場所 com.magicsoftware.rte.RteExecutor.DisplayRow(Int32 taskID, Int32 rowIdx, Boolean repeatableOnly, String dataCtrlPairs)
   場所 RteExecutorEndpoint.InvokeDisplayRow(Int32 taskID, Int32 rowIdx, Boolean repeatableOnly, String dataCtrlPairs)
   場所 RteExecutorBridge.DisplayRow(RteExecutorBridge* , Int32 taskID, Int32 rowIdx, Boolean repeatableOnly, UInt16* dataCtrlPairs)
   場所 CoreExecutorEndpoint.EventsLoop()
   場所 CoreExecutorGateway.EventsLoop()
   場所 com.magicsoftware.rte.RTEmanager.ExecuteWorkThread()
   場所 System.Threading.ThreadHelper.ThreadStart_Context(Object state)
   場所 System.Threading.ExecutionContext.RunInternal(ExecutionContext executionContext, ContextCallback callback, Object state, Boolean preserveSyncCtx)
   場所 System.Threading.ExecutionContext.Run(ExecutionContext executionContext, ContextCallback callback, Object state, Boolean preserveSyncCtx)
   場所 System.Threading.ExecutionContext.Run(ExecutionContext executionContext, ContextCallback callback, Object state)
   場所 System.Threading.ThreadHelper.ThreadStart(), Program: "伝票情報 表示".
 <-1> 03/06/2026 14:21:48.993     [Error  ] - [MgGui.dll] Control 'V_返品金額(標準)_0': オブジェクト参照がオブジェクト インスタンスに設定されていません。, Program: "伝票情報 表示".
 <-1> 03/06/2026 14:21:48.993     [Error  ] - [MgGui.dll] 
   場所 System.Environment.GetStackTrace(Exception e, Boolean needFileInfo)
   場所 System.Environment.get_StackTrace()
   場所 com.magicsoftware.rte.CoreExecutor.WriteExceptionToLog(Int64 contextID, String msg)
   場所 com.magicsoftware.rte.GuiEventsProcessor.WriteExceptionToLog(String message)
   場所 com.magicsoftware.unipaas.Events.WriteExceptionToLog(String msg)
   場所 com.magicsoftware.unipaas.management.gui.MgControlBase.refreshProperties(Boolean onlyRepeatableProps)
   場所 com.magicsoftware.unipaas.management.gui.MgControlBase.RefreshDisplay(Boolean onlyRepeatableProps)
   場所 com.magicsoftware.unipaas.management.gui.MgFormBase.refreshControls(Boolean repeatableOnly)
   場所 com.magicsoftware.unipaas.management.gui.MgFormBase.refreshRow(Int32 rowIdx, Boolean repeatableOnly)
   場所 com.magicsoftware.rte.gui.MgForm.DisplayRow(Int32 rowIdx, Boolean repeatableOnly, String dataCtrlPairs)
   場所 com.magicsoftware.rte.RteExecutor.DisplayRow(Int32 taskID, Int32 rowIdx, Boolean repeatableOnly, String dataCtrlPairs)
   場所 RteExecutorEndpoint.InvokeDisplayRow(Int32 taskID, Int32 rowIdx, Boolean repeatableOnly, String dataCtrlPairs)
   場所 RteExecutorBridge.DisplayRow(RteExecutorBridge* , Int32 taskID, Int32 rowIdx, Boolean repeatableOnly, UInt16* dataCtrlPairs)
   場所 CoreExecutorEndpoint.EventsLoop()
   場所 CoreExecutorGateway.EventsLoop()
   場所 com.magicsoftware.rte.RTEmanager.ExecuteWorkThread()
   場所 System.Threading.ThreadHelper.ThreadStart_Context(Object state)
   場所 System.Threading.ExecutionContext.RunInternal(ExecutionContext executionContext, ContextCallback callback, Object state, Boolean preserveSyncCtx)
   場所 System.Threading.ExecutionContext.Run(ExecutionContext executionContext, ContextCallback callback, Object state, Boolean preserveSyncCtx)
   場所 System.Threading.ExecutionContext.Run(ExecutionContext executionContext, ContextCallback callback, Object state)
   場所 System.Threading.ThreadHelper.ThreadStart(), Program: "伝票情報 表示".
 <-1> 03/06/2026 14:21:48.994     [Error  ] - [MgGui.dll] Control 'V_値引金額(標準)_0': オブジェクト参照がオブジェクト インスタンスに設定されていません。, Program: "伝票情報 表示".
 <-1> 03/06/2026 14:21:48.995     [Error  ] - [MgGui.dll] 
   場所 System.Environment.GetStackTrace(Exception e, Boolean needFileInfo)
   場所 System.Environment.get_StackTrace()
   場所 com.magicsoftware.rte.CoreExecutor.WriteExceptionToLog(Int64 contextID, String msg)
   場所 com.magicsoftware.rte.GuiEventsProcessor.WriteExceptionToLog(String message)
   場所 com.magicsoftware.unipaas.Events.WriteExceptionToLog(String msg)
   場所 com.magicsoftware.unipaas.management.gui.MgControlBase.refreshProperties(Boolean onlyRepeatableProps)
   場所 com.magicsoftware.unipaas.management.gui.MgControlBase.RefreshDisplay(Boolean onlyRepeatableProps)
   場所 com.magicsoftware.unipaas.management.gui.MgFormBase.refreshControls(Boolean repeatableOnly)
   場所 com.magicsoftware.unipaas.management.gui.MgFormBase.refreshRow(Int32 rowIdx, Boolean repeatableOnly)
   場所 com.magicsoftware.rte.gui.MgForm.DisplayRow(Int32 rowIdx, Boolean repeatableOnly, String dataCtrlPairs)
   場所 com.magicsoftware.rte.RteExecutor.DisplayRow(Int32 taskID, Int32 rowIdx, Boolean repeatableOnly, String dataCtrlPairs)
   場所 RteExecutorEndpoint.InvokeDisplayRow(Int32 taskID, Int32 rowIdx, Boolean repeatableOnly, String dataCtrlPairs)
   場所 RteExecutorBridge.DisplayRow(RteExecutorBridge* , Int32 taskID, Int32 rowIdx, Boolean repeatableOnly, UInt16* dataCtrlPairs)
   場所 CoreExecutorEndpoint.EventsLoop()
   場所 CoreExecutorGateway.EventsLoop()
   場所 com.magicsoftware.rte.RTEmanager.ExecuteWorkThread()
   場所 System.Threading.ThreadHelper.ThreadStart_Context(Object state)
   場所 System.Threading.ExecutionContext.RunInternal(ExecutionContext executionContext, ContextCallback callback, Object state, Boolean preserveSyncCtx)
   場所 System.Threading.ExecutionContext.Run(ExecutionContext executionContext, ContextCallback callback, Object state, Boolean preserveSyncCtx)
   場所 System.Threading.ExecutionContext.Run(ExecutionContext executionContext, ContextCallback callback, Object state)
   場所 System.Threading.ThreadHelper.ThreadStart(), Program: "伝票情報 表示".
 <-1> 03/06/2026 14:21:48.996     [Error  ] - [MgGui.dll] Control 'V_消費税額(標準)_0': オブジェクト参照がオブジェクト インスタンスに設定されていません。, Program: "伝票情報 表示".
 <-1> 03/06/2026 14:21:48.996     [Error  ] - [MgGui.dll] 
   場所 System.Environment.GetStackTrace(Exception e, Boolean needFileInfo)
   場所 System.Environment.get_StackTrace()
   場所 com.magicsoftware.rte.CoreExecutor.WriteExceptionToLog(Int64 contextID, String msg)
   場所 com.magicsoftware.rte.GuiEventsProcessor.WriteExceptionToLog(String message)
   場所 com.magicsoftware.unipaas.Events.WriteExceptionToLog(String msg)
   場所 com.magicsoftware.unipaas.management.gui.MgControlBase.refreshProperties(Boolean onlyRepeatableProps)
   場所 com.magicsoftware.unipaas.management.gui.MgControlBase.RefreshDisplay(Boolean onlyRepeatableProps)
   場所 com.magicsoftware.unipaas.management.gui.MgFormBase.refreshControls(Boolean repeatableOnly)
   場所 com.magicsoftware.unipaas.management.gui.MgFormBase.refreshRow(Int32 rowIdx, Boolean repeatableOnly)
   場所 com.magicsoftware.rte.gui.MgForm.DisplayRow(Int32 rowIdx, Boolean repeatableOnly, String dataCtrlPairs)
   場所 com.magicsoftware.rte.RteExecutor.DisplayRow(Int32 taskID, Int32 rowIdx, Boolean repeatableOnly, String dataCtrlPairs)
   場所 RteExecutorEndpoint.InvokeDisplayRow(Int32 taskID, Int32 rowIdx, Boolean repeatableOnly, String dataCtrlPairs)
   場所 RteExecutorBridge.DisplayRow(RteExecutorBridge* , Int32 taskID, Int32 rowIdx, Boolean repeatableOnly, UInt16* dataCtrlPairs)
   場所 CoreExecutorEndpoint.EventsLoop()
   場所 CoreExecutorGateway.EventsLoop()
   場所 com.magicsoftware.rte.RTEmanager.ExecuteWorkThread()
   場所 System.Threading.ThreadHelper.ThreadStart_Context(Object state)
   場所 System.Threading.ExecutionContext.RunInternal(ExecutionContext executionContext, ContextCallback callback, Object state, Boolean preserveSyncCtx)
   場所 System.Threading.ExecutionContext.Run(ExecutionContext executionContext, ContextCallback callback, Object state, Boolean preserveSyncCtx)
   場所 System.Threading.ExecutionContext.Run(ExecutionContext executionContext, ContextCallback callback, Object state)
   場所 System.Threading.ThreadHelper.ThreadStart(), Program: "伝票情報 表示".
 <-1> 03/06/2026 14:21:48.997     [Error  ] - [MgGui.dll] Control 'V_合計金額_0': オブジェクト参照がオブジェクト インスタンスに設定されていません。, Program: "伝票情報 表示".
 <-1> 03/06/2026 14:21:48.998     [Error  ] - [MgGui.dll] 
   場所 System.Environment.GetStackTrace(Exception e, Boolean needFileInfo)
   場所 System.Environment.get_StackTrace()
   場所 com.magicsoftware.rte.CoreExecutor.WriteExceptionToLog(Int64 contextID, String msg)
   場所 com.magicsoftware.rte.GuiEventsProcessor.WriteExceptionToLog(String message)
   場所 com.magicsoftware.unipaas.Events.WriteExceptionToLog(String msg)
   場所 com.magicsoftware.unipaas.management.gui.MgControlBase.refreshProperties(Boolean onlyRepeatableProps)
   場所 com.magicsoftware.unipaas.management.gui.MgControlBase.RefreshDisplay(Boolean onlyRepeatableProps)
   場所 com.magicsoftware.unipaas.management.gui.MgFormBase.refreshControls(Boolean repeatableOnly)
   場所 com.magicsoftware.unipaas.management.gui.MgFormBase.refreshRow(Int32 rowIdx, Boolean repeatableOnly)
   場所 com.magicsoftware.rte.gui.MgForm.DisplayRow(Int32 rowIdx, Boolean repeatableOnly, String dataCtrlPairs)
   場所 com.magicsoftware.rte.RteExecutor.DisplayRow(Int32 taskID, Int32 rowIdx, Boolean repeatableOnly, String dataCtrlPairs)
   場所 RteExecutorEndpoint.InvokeDisplayRow(Int32 taskID, Int32 rowIdx, Boolean repeatableOnly, String dataCtrlPairs)
   場所 RteExecutorBridge.DisplayRow(RteExecutorBridge* , Int32 taskID, Int32 rowIdx, Boolean repeatableOnly, UInt16* dataCtrlPairs)
   場所 CoreExecutorEndpoint.EventsLoop()
   場所 CoreExecutorGateway.EventsLoop()
   場所 com.magicsoftware.rte.RTEmanager.ExecuteWorkThread()
   場所 System.Threading.ThreadHelper.ThreadStart_Context(Object state)
   場所 System.Threading.ExecutionContext.RunInternal(ExecutionContext executionContext, ContextCallback callback, Object state, Boolean preserveSyncCtx)
   場所 System.Threading.ExecutionContext.Run(ExecutionContext executionContext, ContextCallback callback, Object state, Boolean preserveSyncCtx)
   場所 System.Threading.ExecutionContext.Run(ExecutionContext executionContext, ContextCallback callback, Object state)
   場所 System.Threading.ThreadHelper.ThreadStart(), Program: "伝票情報 表示".
 <-1> 03/06/2026 14:21:48.998     [Error  ] - [MgGui.dll] Control 'V_開始伝票NO_0': オブジェクト参照がオブジェクト インスタンスに設定されていません。, Program: "伝票情報 表示".
 <-1> 03/06/2026 14:21:48.998     [Error  ] - [MgGui.dll] 
   場所 System.Environment.GetStackTrace(Exception e, Boolean needFileInfo)
   場所 System.Environment.get_StackTrace()
   場所 com.magicsoftware.rte.CoreExecutor.WriteExceptionToLog(Int64 contextID, String msg)
   場所 com.magicsoftware.rte.GuiEventsProcessor.WriteExceptionToLog(String message)
   場所 com.magicsoftware.unipaas.Events.WriteExceptionToLog(String msg)
   場所 com.magicsoftware.unipaas.management.gui.MgControlBase.refreshProperties(Boolean onlyRepeatableProps)
   場所 com.magicsoftware.unipaas.management.gui.MgControlBase.RefreshDisplay(Boolean onlyRepeatableProps)
   場所 com.magicsoftware.unipaas.management.gui.MgFormBase.refreshControls(Boolean repeatableOnly)
   場所 com.magicsoftware.unipaas.management.gui.MgFormBase.refreshRow(Int32 rowIdx, Boolean repeatableOnly)
   場所 com.magicsoftware.rte.gui.MgForm.DisplayRow(Int32 rowIdx, Boolean repeatableOnly, String dataCtrlPairs)
   場所 com.magicsoftware.rte.RteExecutor.DisplayRow(Int32 taskID, Int32 rowIdx, Boolean repeatableOnly, String dataCtrlPairs)
   場所 RteExecutorEndpoint.InvokeDisplayRow(Int32 taskID, Int32 rowIdx, Boolean repeatableOnly, String dataCtrlPairs)
   場所 RteExecutorBridge.DisplayRow(RteExecutorBridge* , Int32 taskID, Int32 rowIdx, Boolean repeatableOnly, UInt16* dataCtrlPairs)
   場所 CoreExecutorEndpoint.EventsLoop()
   場所 CoreExecutorGateway.EventsLoop()
   場所 com.magicsoftware.rte.RTEmanager.ExecuteWorkThread()
   場所 System.Threading.ThreadHelper.ThreadStart_Context(Object state)
   場所 System.Threading.ExecutionContext.RunInternal(ExecutionContext executionContext, ContextCallback callback, Object state, Boolean preserveSyncCtx)
   場所 System.Threading.ExecutionContext.Run(ExecutionContext executionContext, ContextCallback callback, Object state, Boolean preserveSyncCtx)
   場所 System.Threading.ExecutionContext.Run(ExecutionContext executionContext, ContextCallback callback, Object state)
   場所 System.Threading.ThreadHelper.ThreadStart(), Program: "伝票情報 表示".
 <-1> 03/06/2026 14:21:48.998     [Error  ] - [MgGui.dll] Control 'V_終了伝票NO_0': オブジェクト参照がオブジェクト インスタンスに設定されていません。, Program: "伝票情報 表示".
 <-1> 03/06/2026 14:21:48.999     [Error  ] - [MgGui.dll] 
   場所 System.Environment.GetStackTrace(Exception e, Boolean needFileInfo)
   場所 System.Environment.get_StackTrace()
   場所 com.magicsoftware.rte.CoreExecutor.WriteExceptionToLog(Int64 contextID, String msg)
   場所 com.magicsoftware.rte.GuiEventsProcessor.WriteExceptionToLog(String message)
   場所 com.magicsoftware.unipaas.Events.WriteExceptionToLog(String msg)
   場所 com.magicsoftware.unipaas.management.gui.MgControlBase.refreshProperties(Boolean onlyRepeatableProps)
   場所 com.magicsoftware.unipaas.management.gui.MgControlBase.RefreshDisplay(Boolean onlyRepeatableProps)
   場所 com.magicsoftware.unipaas.management.gui.MgFormBase.refreshControls(Boolean repeatableOnly)
   場所 com.magicsoftware.unipaas.management.gui.MgFormBase.refreshRow(Int32 rowIdx, Boolean repeatableOnly)
   場所 com.magicsoftware.rte.gui.MgForm.DisplayRow(Int32 rowIdx, Boolean repeatableOnly, String dataCtrlPairs)
   場所 com.magicsoftware.rte.RteExecutor.DisplayRow(Int32 taskID, Int32 rowIdx, Boolean repeatableOnly, String dataCtrlPairs)
   場所 RteExecutorEndpoint.InvokeDisplayRow(Int32 taskID, Int32 rowIdx, Boolean repeatableOnly, String dataCtrlPairs)
   場所 RteExecutorBridge.DisplayRow(RteExecutorBridge* , Int32 taskID, Int32 rowIdx, Boolean repeatableOnly, UInt16* dataCtrlPairs)
   場所 CoreExecutorEndpoint.EventsLoop()
   場所 CoreExecutorGateway.EventsLoop()
   場所 com.magicsoftware.rte.RTEmanager.ExecuteWorkThread()
   場所 System.Threading.ThreadHelper.ThreadStart_Context(Object state)
   場所 System.Threading.ExecutionContext.RunInternal(ExecutionContext executionContext, ContextCallback callback, Object state, Boolean preserveSyncCtx)
   場所 System.Threading.ExecutionContext.Run(ExecutionContext executionContext, ContextCallback callback, Object state, Boolean preserveSyncCtx)
   場所 System.Threading.ExecutionContext.Run(ExecutionContext executionContext, ContextCallback callback, Object state)
   場所 System.Threading.ThreadHelper.ThreadStart(), Program: "伝票情報 表示".
 <-1> 03/06/2026 14:21:48.999     [Error  ] - [MgGui.dll] Control 'V_次伝票NO_0': オブジェクト参照がオブジェクト インスタンスに設定されていません。, Program: "伝票情報 表示".
 <-1> 03/06/2026 14:21:48.999     [Error  ] - [MgGui.dll] 
   場所 System.Environment.GetStackTrace(Exception e, Boolean needFileInfo)
   場所 System.Environment.get_StackTrace()
   場所 com.magicsoftware.rte.CoreExecutor.WriteExceptionToLog(Int64 contextID, String msg)
   場所 com.magicsoftware.rte.GuiEventsProcessor.WriteExceptionToLog(String message)
   場所 com.magicsoftware.unipaas.Events.WriteExceptionToLog(String msg)
   場所 com.magicsoftware.unipaas.management.gui.MgControlBase.refreshProperties(Boolean onlyRepeatableProps)
   場所 com.magicsoftware.unipaas.management.gui.MgControlBase.RefreshDisplay(Boolean onlyRepeatableProps)
   場所 com.magicsoftware.unipaas.management.gui.MgFormBase.refreshControls(Boolean repeatableOnly)
   場所 com.magicsoftware.unipaas.management.gui.MgFormBase.refreshRow(Int32 rowIdx, Boolean repeatableOnly)
   場所 com.magicsoftware.rte.gui.MgForm.DisplayRow(Int32 rowIdx, Boolean repeatableOnly, String dataCtrlPairs)
   場所 com.magicsoftware.rte.RteExecutor.DisplayRow(Int32 taskID, Int32 rowIdx, Boolean repeatableOnly, String dataCtrlPairs)
   場所 RteExecutorEndpoint.InvokeDisplayRow(Int32 taskID, Int32 rowIdx, Boolean repeatableOnly, String dataCtrlPairs)
   場所 RteExecutorBridge.DisplayRow(RteExecutorBridge* , Int32 taskID, Int32 rowIdx, Boolean repeatableOnly, UInt16* dataCtrlPairs)
   場所 CoreExecutorEndpoint.EventsLoop()
   場所 CoreExecutorGateway.EventsLoop()
   場所 com.magicsoftware.rte.RTEmanager.ExecuteWorkThread()
   場所 System.Threading.ThreadHelper.ThreadStart_Context(Object state)
   場所 System.Threading.ExecutionContext.RunInternal(ExecutionContext executionContext, ContextCallback callback, Object state, Boolean preserveSyncCtx)
   場所 System.Threading.ExecutionContext.Run(ExecutionContext executionContext, ContextCallback callback, Object state, Boolean preserveSyncCtx)
   場所 System.Threading.ExecutionContext.Run(ExecutionContext executionContext, ContextCallback callback, Object state)
   場所 System.Threading.ThreadHelper.ThreadStart(), Program: "伝票情報 表示".
 <-1> 03/06/2026 14:22:51.801     [Error  ] - [MgGui.dll] in Control.fillData(): missing datatype or picture string for control: V_仕入金額(標準), Program: "伝票情報 表示".
 <-1> 03/06/2026 14:22:51.811     [Error  ] - [MgGui.dll] 
   場所 System.Environment.GetStackTrace(Exception e, Boolean needFileInfo)
   場所 System.Environment.get_StackTrace()
   場所 com.magicsoftware.rte.CoreExecutor.WriteExceptionToLog(Int64 contextID, String msg)
   場所 com.magicsoftware.rte.GuiEventsProcessor.WriteExceptionToLog(String message)
   場所 com.magicsoftware.unipaas.Events.WriteExceptionToLog(String msg)
   場所 com.magicsoftware.unipaas.management.gui.MgControlBase.fillData(MgFormBase mgForm, Int32 ditIdx)
   場所 com.magicsoftware.unipaas.management.gui.ControlTable.initInnerObjects(String foundTagName)
   場所 com.magicsoftware.unipaas.management.gui.ControlTable.fillData(MgFormBase mgForm)
   場所 com.magicsoftware.unipaas.management.gui.MgFormBase.initInnerObjects(String foundTagName)
   場所 com.magicsoftware.unipaas.management.gui.MgFormBase.fillData(TaskBase taskRef)
   場所 com.magicsoftware.rte.gui.MgForm.fillData(TaskBase taskRef)
   場所 com.magicsoftware.unipaas.management.tasks.TaskBase.FormInitData(MgFormBase parentForm)
   場所 com.magicsoftware.unipaas.management.tasks.TaskBase.initInnerObjects(String foundTagName, MgFormBase parentForm)
   場所 com.magicsoftware.rte.tasks.Task.FillData(MgFormBase parentFrom)
   場所 com.magicsoftware.rte.tasks.TasksManager.InitInnerObjects(String currTagName, Int64 contextID, MgFormBase parentForm, Task& task)
   場所 com.magicsoftware.rte.tasks.TasksManager.fillData(Int64 contextID, String xmlData, MgFormBase parentForm)
   場所 com.magicsoftware.rte.RteExecutor.OpenTask(Double contextID, String xmlData, Int32 parentFormTskID, Int32 triggeringParentTaskID)
   場所 RteExecutorEndpoint.OpenTask(Double contextID, String content, Int32 parentTskID, Int32 triggeringTaskID)
   場所 RteExecutorBridge.OpenTask(RteExecutorBridge* , Double contextID, UInt16* content, Int32 parentFormTskID, Int32 triggeringTaskID)
   場所 CoreExecutorEndpoint.EventsLoop()
   場所 CoreExecutorGateway.EventsLoop()
   場所 com.magicsoftware.rte.RTEmanager.ExecuteWorkThread()
   場所 System.Threading.ThreadHelper.ThreadStart_Context(Object state)
   場所 System.Threading.ExecutionContext.RunInternal(ExecutionContext executionContext, ContextCallback callback, Object state, Boolean preserveSyncCtx)
   場所 System.Threading.ExecutionContext.Run(ExecutionContext executionContext, ContextCallback callback, Object state, Boolean preserveSyncCtx)
   場所 System.Threading.ExecutionContext.Run(ExecutionContext executionContext, ContextCallback callback, Object state)
   場所 System.Threading.ThreadHelper.ThreadStart(), Program: "伝票情報 表示".
 <-1> 03/06/2026 14:22:51.811     [Error  ] - [MgGui.dll] in Control.fillData(): missing datatype or picture string for control: V_返品金額(標準), Program: "伝票情報 表示".
 <-1> 03/06/2026 14:22:51.812     [Error  ] - [MgGui.dll] 
   場所 System.Environment.GetStackTrace(Exception e, Boolean needFileInfo)
   場所 System.Environment.get_StackTrace()
   場所 com.magicsoftware.rte.CoreExecutor.WriteExceptionToLog(Int64 contextID, String msg)
   場所 com.magicsoftware.rte.GuiEventsProcessor.WriteExceptionToLog(String message)
   場所 com.magicsoftware.unipaas.Events.WriteExceptionToLog(String msg)
   場所 com.magicsoftware.unipaas.management.gui.MgControlBase.fillData(MgFormBase mgForm, Int32 ditIdx)
   場所 com.magicsoftware.unipaas.management.gui.ControlTable.initInnerObjects(String foundTagName)
   場所 com.magicsoftware.unipaas.management.gui.ControlTable.fillData(MgFormBase mgForm)
   場所 com.magicsoftware.unipaas.management.gui.MgFormBase.initInnerObjects(String foundTagName)
   場所 com.magicsoftware.unipaas.management.gui.MgFormBase.fillData(TaskBase taskRef)
   場所 com.magicsoftware.rte.gui.MgForm.fillData(TaskBase taskRef)
   場所 com.magicsoftware.unipaas.management.tasks.TaskBase.FormInitData(MgFormBase parentForm)
   場所 com.magicsoftware.unipaas.management.tasks.TaskBase.initInnerObjects(String foundTagName, MgFormBase parentForm)
   場所 com.magicsoftware.rte.tasks.Task.FillData(MgFormBase parentFrom)
   場所 com.magicsoftware.rte.tasks.TasksManager.InitInnerObjects(String currTagName, Int64 contextID, MgFormBase parentForm, Task& task)
   場所 com.magicsoftware.rte.tasks.TasksManager.fillData(Int64 contextID, String xmlData, MgFormBase parentForm)
   場所 com.magicsoftware.rte.RteExecutor.OpenTask(Double contextID, String xmlData, Int32 parentFormTskID, Int32 triggeringParentTaskID)
   場所 RteExecutorEndpoint.OpenTask(Double contextID, String content, Int32 parentTskID, Int32 triggeringTaskID)
   場所 RteExecutorBridge.OpenTask(RteExecutorBridge* , Double contextID, UInt16* content, Int32 parentFormTskID, Int32 triggeringTaskID)
   場所 CoreExecutorEndpoint.EventsLoop()
   場所 CoreExecutorGateway.EventsLoop()
   場所 com.magicsoftware.rte.RTEmanager.ExecuteWorkThread()
   場所 System.Threading.ThreadHelper.ThreadStart_Context(Object state)
   場所 System.Threading.ExecutionContext.RunInternal(ExecutionContext executionContext, ContextCallback callback, Object state, Boolean preserveSyncCtx)
   場所 System.Threading.ExecutionContext.Run(ExecutionContext executionContext, ContextCallback callback, Object state, Boolean preserveSyncCtx)
   場所 System.Threading.ExecutionContext.Run(ExecutionContext executionContext, ContextCallback callback, Object state)
   場所 System.Threading.ThreadHelper.ThreadStart(), Program: "伝票情報 表示".
 <-1> 03/06/2026 14:22:51.812     [Error  ] - [MgGui.dll] in Control.fillData(): missing datatype or picture string for control: V_値引金額(標準), Program: "伝票情報 表示".
 <-1> 03/06/2026 14:22:51.812     [Error  ] - [MgGui.dll] 
   場所 System.Environment.GetStackTrace(Exception e, Boolean needFileInfo)
   場所 System.Environment.get_StackTrace()
   場所 com.magicsoftware.rte.CoreExecutor.WriteExceptionToLog(Int64 contextID, String msg)
   場所 com.magicsoftware.rte.GuiEventsProcessor.WriteExceptionToLog(String message)
   場所 com.magicsoftware.unipaas.Events.WriteExceptionToLog(String msg)
   場所 com.magicsoftware.unipaas.management.gui.MgControlBase.fillData(MgFormBase mgForm, Int32 ditIdx)
   場所 com.magicsoftware.unipaas.management.gui.ControlTable.initInnerObjects(String foundTagName)
   場所 com.magicsoftware.unipaas.management.gui.ControlTable.fillData(MgFormBase mgForm)
   場所 com.magicsoftware.unipaas.management.gui.MgFormBase.initInnerObjects(String foundTagName)
   場所 com.magicsoftware.unipaas.management.gui.MgFormBase.fillData(TaskBase taskRef)
   場所 com.magicsoftware.rte.gui.MgForm.fillData(TaskBase taskRef)
   場所 com.magicsoftware.unipaas.management.tasks.TaskBase.FormInitData(MgFormBase parentForm)
   場所 com.magicsoftware.unipaas.management.tasks.TaskBase.initInnerObjects(String foundTagName, MgFormBase parentForm)
   場所 com.magicsoftware.rte.tasks.Task.FillData(MgFormBase parentFrom)
   場所 com.magicsoftware.rte.tasks.TasksManager.InitInnerObjects(String currTagName, Int64 contextID, MgFormBase parentForm, Task& task)
   場所 com.magicsoftware.rte.tasks.TasksManager.fillData(Int64 contextID, String xmlData, MgFormBase parentForm)
   場所 com.magicsoftware.rte.RteExecutor.OpenTask(Double contextID, String xmlData, Int32 parentFormTskID, Int32 triggeringParentTaskID)
   場所 RteExecutorEndpoint.OpenTask(Double contextID, String content, Int32 parentTskID, Int32 triggeringTaskID)
   場所 RteExecutorBridge.OpenTask(RteExecutorBridge* , Double contextID, UInt16* content, Int32 parentFormTskID, Int32 triggeringTaskID)
   場所 CoreExecutorEndpoint.EventsLoop()
   場所 CoreExecutorGateway.EventsLoop()
   場所 com.magicsoftware.rte.RTEmanager.ExecuteWorkThread()
   場所 System.Threading.ThreadHelper.ThreadStart_Context(Object state)
   場所 System.Threading.ExecutionContext.RunInternal(ExecutionContext executionContext, ContextCallback callback, Object state, Boolean preserveSyncCtx)
   場所 System.Threading.ExecutionContext.Run(ExecutionContext executionContext, ContextCallback callback, Object state, Boolean preserveSyncCtx)
   場所 System.Threading.ExecutionContext.Run(ExecutionContext executionContext, ContextCallback callback, Object state)
   場所 System.Threading.ThreadHelper.ThreadStart(), Program: "伝票情報 表示".
 <-1> 03/06/2026 14:22:51.813     [Error  ] - [MgGui.dll] in Control.fillData(): missing datatype or picture string for control: V_消費税額(標準), Program: "伝票情報 表示".
 <-1> 03/06/2026 14:22:51.813     [Error  ] - [MgGui.dll] 
   場所 System.Environment.GetStackTrace(Exception e, Boolean needFileInfo)
   場所 System.Environment.get_StackTrace()
   場所 com.magicsoftware.rte.CoreExecutor.WriteExceptionToLog(Int64 contextID, String msg)
   場所 com.magicsoftware.rte.GuiEventsProcessor.WriteExceptionToLog(String message)
   場所 com.magicsoftware.unipaas.Events.WriteExceptionToLog(String msg)
   場所 com.magicsoftware.unipaas.management.gui.MgControlBase.fillData(MgFormBase mgForm, Int32 ditIdx)
   場所 com.magicsoftware.unipaas.management.gui.ControlTable.initInnerObjects(String foundTagName)
   場所 com.magicsoftware.unipaas.management.gui.ControlTable.fillData(MgFormBase mgForm)
   場所 com.magicsoftware.unipaas.management.gui.MgFormBase.initInnerObjects(String foundTagName)
   場所 com.magicsoftware.unipaas.management.gui.MgFormBase.fillData(TaskBase taskRef)
   場所 com.magicsoftware.rte.gui.MgForm.fillData(TaskBase taskRef)
   場所 com.magicsoftware.unipaas.management.tasks.TaskBase.FormInitData(MgFormBase parentForm)
   場所 com.magicsoftware.unipaas.management.tasks.TaskBase.initInnerObjects(String foundTagName, MgFormBase parentForm)
   場所 com.magicsoftware.rte.tasks.Task.FillData(MgFormBase parentFrom)
   場所 com.magicsoftware.rte.tasks.TasksManager.InitInnerObjects(String currTagName, Int64 contextID, MgFormBase parentForm, Task& task)
   場所 com.magicsoftware.rte.tasks.TasksManager.fillData(Int64 contextID, String xmlData, MgFormBase parentForm)
   場所 com.magicsoftware.rte.RteExecutor.OpenTask(Double contextID, String xmlData, Int32 parentFormTskID, Int32 triggeringParentTaskID)
   場所 RteExecutorEndpoint.OpenTask(Double contextID, String content, Int32 parentTskID, Int32 triggeringTaskID)
   場所 RteExecutorBridge.OpenTask(RteExecutorBridge* , Double contextID, UInt16* content, Int32 parentFormTskID, Int32 triggeringTaskID)
   場所 CoreExecutorEndpoint.EventsLoop()
   場所 CoreExecutorGateway.EventsLoop()
   場所 com.magicsoftware.rte.RTEmanager.ExecuteWorkThread()
   場所 System.Threading.ThreadHelper.ThreadStart_Context(Object state)
   場所 System.Threading.ExecutionContext.RunInternal(ExecutionContext executionContext, ContextCallback callback, Object state, Boolean preserveSyncCtx)
   場所 System.Threading.ExecutionContext.Run(ExecutionContext executionContext, ContextCallback callback, Object state, Boolean preserveSyncCtx)
   場所 System.Threading.ExecutionContext.Run(ExecutionContext executionContext, ContextCallback callback, Object state)
   場所 System.Threading.ThreadHelper.ThreadStart(), Program: "伝票情報 表示".
 <-1> 03/06/2026 14:22:51.814     [Error  ] - [MgGui.dll] in Control.fillData(): missing datatype or picture string for control: V_合計金額, Program: "伝票情報 表示".
 <-1> 03/06/2026 14:22:51.814     [Error  ] - [MgGui.dll] 
   場所 System.Environment.GetStackTrace(Exception e, Boolean needFileInfo)
   場所 System.Environment.get_StackTrace()
   場所 com.magicsoftware.rte.CoreExecutor.WriteExceptionToLog(Int64 contextID, String msg)
   場所 com.magicsoftware.rte.GuiEventsProcessor.WriteExceptionToLog(String message)
   場所 com.magicsoftware.unipaas.Events.WriteExceptionToLog(String msg)
   場所 com.magicsoftware.unipaas.management.gui.MgControlBase.fillData(MgFormBase mgForm, Int32 ditIdx)
   場所 com.magicsoftware.unipaas.management.gui.ControlTable.initInnerObjects(String foundTagName)
   場所 com.magicsoftware.unipaas.management.gui.ControlTable.fillData(MgFormBase mgForm)
   場所 com.magicsoftware.unipaas.management.gui.MgFormBase.initInnerObjects(String foundTagName)
   場所 com.magicsoftware.unipaas.management.gui.MgFormBase.fillData(TaskBase taskRef)
   場所 com.magicsoftware.rte.gui.MgForm.fillData(TaskBase taskRef)
   場所 com.magicsoftware.unipaas.management.tasks.TaskBase.FormInitData(MgFormBase parentForm)
   場所 com.magicsoftware.unipaas.management.tasks.TaskBase.initInnerObjects(String foundTagName, MgFormBase parentForm)
   場所 com.magicsoftware.rte.tasks.Task.FillData(MgFormBase parentFrom)
   場所 com.magicsoftware.rte.tasks.TasksManager.InitInnerObjects(String currTagName, Int64 contextID, MgFormBase parentForm, Task& task)
   場所 com.magicsoftware.rte.tasks.TasksManager.fillData(Int64 contextID, String xmlData, MgFormBase parentForm)
   場所 com.magicsoftware.rte.RteExecutor.OpenTask(Double contextID, String xmlData, Int32 parentFormTskID, Int32 triggeringParentTaskID)
   場所 RteExecutorEndpoint.OpenTask(Double contextID, String content, Int32 parentTskID, Int32 triggeringTaskID)
   場所 RteExecutorBridge.OpenTask(RteExecutorBridge* , Double contextID, UInt16* content, Int32 parentFormTskID, Int32 triggeringTaskID)
   場所 CoreExecutorEndpoint.EventsLoop()
   場所 CoreExecutorGateway.EventsLoop()
   場所 com.magicsoftware.rte.RTEmanager.ExecuteWorkThread()
   場所 System.Threading.ThreadHelper.ThreadStart_Context(Object state)
   場所 System.Threading.ExecutionContext.RunInternal(ExecutionContext executionContext, ContextCallback callback, Object state, Boolean preserveSyncCtx)
   場所 System.Threading.ExecutionContext.Run(ExecutionContext executionContext, ContextCallback callback, Object state, Boolean preserveSyncCtx)
   場所 System.Threading.ExecutionContext.Run(ExecutionContext executionContext, ContextCallback callback, Object state)
   場所 System.Threading.ThreadHelper.ThreadStart(), Program: "伝票情報 表示".
 <-1> 03/06/2026 14:22:51.814     [Error  ] - [MgGui.dll] in Control.fillData(): missing datatype or picture string for control: V_開始伝票NO, Program: "伝票情報 表示".
 <-1> 03/06/2026 14:22:51.815     [Error  ] - [MgGui.dll] 
   場所 System.Environment.GetStackTrace(Exception e, Boolean needFileInfo)
   場所 System.Environment.get_StackTrace()
   場所 com.magicsoftware.rte.CoreExecutor.WriteExceptionToLog(Int64 contextID, String msg)
   場所 com.magicsoftware.rte.GuiEventsProcessor.WriteExceptionToLog(String message)
   場所 com.magicsoftware.unipaas.Events.WriteExceptionToLog(String msg)
   場所 com.magicsoftware.unipaas.management.gui.MgControlBase.fillData(MgFormBase mgForm, Int32 ditIdx)
   場所 com.magicsoftware.unipaas.management.gui.ControlTable.initInnerObjects(String foundTagName)
   場所 com.magicsoftware.unipaas.management.gui.ControlTable.fillData(MgFormBase mgForm)
   場所 com.magicsoftware.unipaas.management.gui.MgFormBase.initInnerObjects(String foundTagName)
   場所 com.magicsoftware.unipaas.management.gui.MgFormBase.fillData(TaskBase taskRef)
   場所 com.magicsoftware.rte.gui.MgForm.fillData(TaskBase taskRef)
   場所 com.magicsoftware.unipaas.management.tasks.TaskBase.FormInitData(MgFormBase parentForm)
   場所 com.magicsoftware.unipaas.management.tasks.TaskBase.initInnerObjects(String foundTagName, MgFormBase parentForm)
   場所 com.magicsoftware.rte.tasks.Task.FillData(MgFormBase parentFrom)
   場所 com.magicsoftware.rte.tasks.TasksManager.InitInnerObjects(String currTagName, Int64 contextID, MgFormBase parentForm, Task& task)
   場所 com.magicsoftware.rte.tasks.TasksManager.fillData(Int64 contextID, String xmlData, MgFormBase parentForm)
   場所 com.magicsoftware.rte.RteExecutor.OpenTask(Double contextID, String xmlData, Int32 parentFormTskID, Int32 triggeringParentTaskID)
   場所 RteExecutorEndpoint.OpenTask(Double contextID, String content, Int32 parentTskID, Int32 triggeringTaskID)
   場所 RteExecutorBridge.OpenTask(RteExecutorBridge* , Double contextID, UInt16* content, Int32 parentFormTskID, Int32 triggeringTaskID)
   場所 CoreExecutorEndpoint.EventsLoop()
   場所 CoreExecutorGateway.EventsLoop()
   場所 com.magicsoftware.rte.RTEmanager.ExecuteWorkThread()
   場所 System.Threading.ThreadHelper.ThreadStart_Context(Object state)
   場所 System.Threading.ExecutionContext.RunInternal(ExecutionContext executionContext, ContextCallback callback, Object state, Boolean preserveSyncCtx)
   場所 System.Threading.ExecutionContext.Run(ExecutionContext executionContext, ContextCallback callback, Object state, Boolean preserveSyncCtx)
   場所 System.Threading.ExecutionContext.Run(ExecutionContext executionContext, ContextCallback callback, Object state)
   場所 System.Threading.ThreadHelper.ThreadStart(), Program: "伝票情報 表示".
 <-1> 03/06/2026 14:22:51.815     [Error  ] - [MgGui.dll] in Control.fillData(): missing datatype or picture string for control: V_終了伝票NO, Program: "伝票情報 表示".
 <-1> 03/06/2026 14:22:51.815     [Error  ] - [MgGui.dll] 
   場所 System.Environment.GetStackTrace(Exception e, Boolean needFileInfo)
   場所 System.Environment.get_StackTrace()
   場所 com.magicsoftware.rte.CoreExecutor.WriteExceptionToLog(Int64 contextID, String msg)
   場所 com.magicsoftware.rte.GuiEventsProcessor.WriteExceptionToLog(String message)
   場所 com.magicsoftware.unipaas.Events.WriteExceptionToLog(String msg)
   場所 com.magicsoftware.unipaas.management.gui.MgControlBase.fillData(MgFormBase mgForm, Int32 ditIdx)
   場所 com.magicsoftware.unipaas.management.gui.ControlTable.initInnerObjects(String foundTagName)
   場所 com.magicsoftware.unipaas.management.gui.ControlTable.fillData(MgFormBase mgForm)
   場所 com.magicsoftware.unipaas.management.gui.MgFormBase.initInnerObjects(String foundTagName)
   場所 com.magicsoftware.unipaas.management.gui.MgFormBase.fillData(TaskBase taskRef)
   場所 com.magicsoftware.rte.gui.MgForm.fillData(TaskBase taskRef)
   場所 com.magicsoftware.unipaas.management.tasks.TaskBase.FormInitData(MgFormBase parentForm)
   場所 com.magicsoftware.unipaas.management.tasks.TaskBase.initInnerObjects(String foundTagName, MgFormBase parentForm)
   場所 com.magicsoftware.rte.tasks.Task.FillData(MgFormBase parentFrom)
   場所 com.magicsoftware.rte.tasks.TasksManager.InitInnerObjects(String currTagName, Int64 contextID, MgFormBase parentForm, Task& task)
   場所 com.magicsoftware.rte.tasks.TasksManager.fillData(Int64 contextID, String xmlData, MgFormBase parentForm)
   場所 com.magicsoftware.rte.RteExecutor.OpenTask(Double contextID, String xmlData, Int32 parentFormTskID, Int32 triggeringParentTaskID)
   場所 RteExecutorEndpoint.OpenTask(Double contextID, String content, Int32 parentTskID, Int32 triggeringTaskID)
   場所 RteExecutorBridge.OpenTask(RteExecutorBridge* , Double contextID, UInt16* content, Int32 parentFormTskID, Int32 triggeringTaskID)
   場所 CoreExecutorEndpoint.EventsLoop()
   場所 CoreExecutorGateway.EventsLoop()
   場所 com.magicsoftware.rte.RTEmanager.ExecuteWorkThread()
   場所 System.Threading.ThreadHelper.ThreadStart_Context(Object state)
   場所 System.Threading.ExecutionContext.RunInternal(ExecutionContext executionContext, ContextCallback callback, Object state, Boolean preserveSyncCtx)
   場所 System.Threading.ExecutionContext.Run(ExecutionContext executionContext, ContextCallback callback, Object state, Boolean preserveSyncCtx)
   場所 System.Threading.ExecutionContext.Run(ExecutionContext executionContext, ContextCallback callback, Object state)
   場所 System.Threading.ThreadHelper.ThreadStart(), Program: "伝票情報 表示".
 <-1> 03/06/2026 14:22:51.816     [Error  ] - [MgGui.dll] in Control.fillData(): missing datatype or picture string for control: V_次伝票NO, Program: "伝票情報 表示".
 <-1> 03/06/2026 14:22:51.816     [Error  ] - [MgGui.dll] 
   場所 System.Environment.GetStackTrace(Exception e, Boolean needFileInfo)
   場所 System.Environment.get_StackTrace()
   場所 com.magicsoftware.rte.CoreExecutor.WriteExceptionToLog(Int64 contextID, String msg)
   場所 com.magicsoftware.rte.GuiEventsProcessor.WriteExceptionToLog(String message)
   場所 com.magicsoftware.unipaas.Events.WriteExceptionToLog(String msg)
   場所 com.magicsoftware.unipaas.management.gui.MgControlBase.fillData(MgFormBase mgForm, Int32 ditIdx)
   場所 com.magicsoftware.unipaas.management.gui.ControlTable.initInnerObjects(String foundTagName)
   場所 com.magicsoftware.unipaas.management.gui.ControlTable.fillData(MgFormBase mgForm)
   場所 com.magicsoftware.unipaas.management.gui.MgFormBase.initInnerObjects(String foundTagName)
   場所 com.magicsoftware.unipaas.management.gui.MgFormBase.fillData(TaskBase taskRef)
   場所 com.magicsoftware.rte.gui.MgForm.fillData(TaskBase taskRef)
   場所 com.magicsoftware.unipaas.management.tasks.TaskBase.FormInitData(MgFormBase parentForm)
   場所 com.magicsoftware.unipaas.management.tasks.TaskBase.initInnerObjects(String foundTagName, MgFormBase parentForm)
   場所 com.magicsoftware.rte.tasks.Task.FillData(MgFormBase parentFrom)
   場所 com.magicsoftware.rte.tasks.TasksManager.InitInnerObjects(String currTagName, Int64 contextID, MgFormBase parentForm, Task& task)
   場所 com.magicsoftware.rte.tasks.TasksManager.fillData(Int64 contextID, String xmlData, MgFormBase parentForm)
   場所 com.magicsoftware.rte.RteExecutor.OpenTask(Double contextID, String xmlData, Int32 parentFormTskID, Int32 triggeringParentTaskID)
   場所 RteExecutorEndpoint.OpenTask(Double contextID, String content, Int32 parentTskID, Int32 triggeringTaskID)
   場所 RteExecutorBridge.OpenTask(RteExecutorBridge* , Double contextID, UInt16* content, Int32 parentFormTskID, Int32 triggeringTaskID)
   場所 CoreExecutorEndpoint.EventsLoop()
   場所 CoreExecutorGateway.EventsLoop()
   場所 com.magicsoftware.rte.RTEmanager.ExecuteWorkThread()
   場所 System.Threading.ThreadHelper.ThreadStart_Context(Object state)
   場所 System.Threading.ExecutionContext.RunInternal(ExecutionContext executionContext, ContextCallback callback, Object state, Boolean preserveSyncCtx)
   場所 System.Threading.ExecutionContext.Run(ExecutionContext executionContext, ContextCallback callback, Object state, Boolean preserveSyncCtx)
   場所 System.Threading.ExecutionContext.Run(ExecutionContext executionContext, ContextCallback callback, Object state)
   場所 System.Threading.ThreadHelper.ThreadStart(), Program: "伝票情報 表示".
 <-1> 03/06/2026 14:22:51.964     [Error  ] - [MgGui.dll] Control 'V_仕入金額(標準)_0': オブジェクト参照がオブジェクト インスタンスに設定されていません。, Program: "伝票情報 表示".
 <-1> 03/06/2026 14:22:51.964     [Error  ] - [MgGui.dll] 
   場所 System.Environment.GetStackTrace(Exception e, Boolean needFileInfo)
   場所 System.Environment.get_StackTrace()
   場所 com.magicsoftware.rte.CoreExecutor.WriteExceptionToLog(Int64 contextID, String msg)
   場所 com.magicsoftware.rte.GuiEventsProcessor.WriteExceptionToLog(String message)
   場所 com.magicsoftware.unipaas.Events.WriteExceptionToLog(String msg)
   場所 com.magicsoftware.unipaas.management.gui.MgControlBase.refreshProperties(Boolean onlyRepeatableProps)
   場所 com.magicsoftware.unipaas.management.gui.MgControlBase.RefreshDisplay(Boolean onlyRepeatableProps)
   場所 com.magicsoftware.unipaas.management.gui.MgFormBase.refreshControls(Boolean repeatableOnly)
   場所 com.magicsoftware.unipaas.management.gui.MgFormBase.refreshRow(Int32 rowIdx, Boolean repeatableOnly)
   場所 com.magicsoftware.rte.gui.MgForm.DisplayRow(Int32 rowIdx, Boolean repeatableOnly, String dataCtrlPairs)
   場所 com.magicsoftware.rte.RteExecutor.DisplayRow(Int32 taskID, Int32 rowIdx, Boolean repeatableOnly, String dataCtrlPairs)
   場所 RteExecutorEndpoint.InvokeDisplayRow(Int32 taskID, Int32 rowIdx, Boolean repeatableOnly, String dataCtrlPairs)
   場所 RteExecutorBridge.DisplayRow(RteExecutorBridge* , Int32 taskID, Int32 rowIdx, Boolean repeatableOnly, UInt16* dataCtrlPairs)
   場所 CoreExecutorEndpoint.EventsLoop()
   場所 CoreExecutorGateway.EventsLoop()
   場所 com.magicsoftware.rte.RTEmanager.ExecuteWorkThread()
   場所 System.Threading.ThreadHelper.ThreadStart_Context(Object state)
   場所 System.Threading.ExecutionContext.RunInternal(ExecutionContext executionContext, ContextCallback callback, Object state, Boolean preserveSyncCtx)
   場所 System.Threading.ExecutionContext.Run(ExecutionContext executionContext, ContextCallback callback, Object state, Boolean preserveSyncCtx)
   場所 System.Threading.ExecutionContext.Run(ExecutionContext executionContext, ContextCallback callback, Object state)
   場所 System.Threading.ThreadHelper.ThreadStart(), Program: "伝票情報 表示".
 <-1> 03/06/2026 14:22:51.965     [Error  ] - [MgGui.dll] Control 'V_返品金額(標準)_0': オブジェクト参照がオブジェクト インスタンスに設定されていません。, Program: "伝票情報 表示".
 <-1> 03/06/2026 14:22:51.965     [Error  ] - [MgGui.dll] 
   場所 System.Environment.GetStackTrace(Exception e, Boolean needFileInfo)
   場所 System.Environment.get_StackTrace()
   場所 com.magicsoftware.rte.CoreExecutor.WriteExceptionToLog(Int64 contextID, String msg)
   場所 com.magicsoftware.rte.GuiEventsProcessor.WriteExceptionToLog(String message)
   場所 com.magicsoftware.unipaas.Events.WriteExceptionToLog(String msg)
   場所 com.magicsoftware.unipaas.management.gui.MgControlBase.refreshProperties(Boolean onlyRepeatableProps)
   場所 com.magicsoftware.unipaas.management.gui.MgControlBase.RefreshDisplay(Boolean onlyRepeatableProps)
   場所 com.magicsoftware.unipaas.management.gui.MgFormBase.refreshControls(Boolean repeatableOnly)
   場所 com.magicsoftware.unipaas.management.gui.MgFormBase.refreshRow(Int32 rowIdx, Boolean repeatableOnly)
   場所 com.magicsoftware.rte.gui.MgForm.DisplayRow(Int32 rowIdx, Boolean repeatableOnly, String dataCtrlPairs)
   場所 com.magicsoftware.rte.RteExecutor.DisplayRow(Int32 taskID, Int32 rowIdx, Boolean repeatableOnly, String dataCtrlPairs)
   場所 RteExecutorEndpoint.InvokeDisplayRow(Int32 taskID, Int32 rowIdx, Boolean repeatableOnly, String dataCtrlPairs)
   場所 RteExecutorBridge.DisplayRow(RteExecutorBridge* , Int32 taskID, Int32 rowIdx, Boolean repeatableOnly, UInt16* dataCtrlPairs)
   場所 CoreExecutorEndpoint.EventsLoop()
   場所 CoreExecutorGateway.EventsLoop()
   場所 com.magicsoftware.rte.RTEmanager.ExecuteWorkThread()
   場所 System.Threading.ThreadHelper.ThreadStart_Context(Object state)
   場所 System.Threading.ExecutionContext.RunInternal(ExecutionContext executionContext, ContextCallback callback, Object state, Boolean preserveSyncCtx)
   場所 System.Threading.ExecutionContext.Run(ExecutionContext executionContext, ContextCallback callback, Object state, Boolean preserveSyncCtx)
   場所 System.Threading.ExecutionContext.Run(ExecutionContext executionContext, ContextCallback callback, Object state)
   場所 System.Threading.ThreadHelper.ThreadStart(), Program: "伝票情報 表示".
 <-1> 03/06/2026 14:22:51.966     [Error  ] - [MgGui.dll] Control 'V_値引金額(標準)_0': オブジェクト参照がオブジェクト インスタンスに設定されていません。, Program: "伝票情報 表示".
 <-1> 03/06/2026 14:22:51.966     [Error  ] - [MgGui.dll] 
   場所 System.Environment.GetStackTrace(Exception e, Boolean needFileInfo)
   場所 System.Environment.get_StackTrace()
   場所 com.magicsoftware.rte.CoreExecutor.WriteExceptionToLog(Int64 contextID, String msg)
   場所 com.magicsoftware.rte.GuiEventsProcessor.WriteExceptionToLog(String message)
   場所 com.magicsoftware.unipaas.Events.WriteExceptionToLog(String msg)
   場所 com.magicsoftware.unipaas.management.gui.MgControlBase.refreshProperties(Boolean onlyRepeatableProps)
   場所 com.magicsoftware.unipaas.management.gui.MgControlBase.RefreshDisplay(Boolean onlyRepeatableProps)
   場所 com.magicsoftware.unipaas.management.gui.MgFormBase.refreshControls(Boolean repeatableOnly)
   場所 com.magicsoftware.unipaas.management.gui.MgFormBase.refreshRow(Int32 rowIdx, Boolean repeatableOnly)
   場所 com.magicsoftware.rte.gui.MgForm.DisplayRow(Int32 rowIdx, Boolean repeatableOnly, String dataCtrlPairs)
   場所 com.magicsoftware.rte.RteExecutor.DisplayRow(Int32 taskID, Int32 rowIdx, Boolean repeatableOnly, String dataCtrlPairs)
   場所 RteExecutorEndpoint.InvokeDisplayRow(Int32 taskID, Int32 rowIdx, Boolean repeatableOnly, String dataCtrlPairs)
   場所 RteExecutorBridge.DisplayRow(RteExecutorBridge* , Int32 taskID, Int32 rowIdx, Boolean repeatableOnly, UInt16* dataCtrlPairs)
   場所 CoreExecutorEndpoint.EventsLoop()
   場所 CoreExecutorGateway.EventsLoop()
   場所 com.magicsoftware.rte.RTEmanager.ExecuteWorkThread()
   場所 System.Threading.ThreadHelper.ThreadStart_Context(Object state)
   場所 System.Threading.ExecutionContext.RunInternal(ExecutionContext executionContext, ContextCallback callback, Object state, Boolean preserveSyncCtx)
   場所 System.Threading.ExecutionContext.Run(ExecutionContext executionContext, ContextCallback callback, Object state, Boolean preserveSyncCtx)
   場所 System.Threading.ExecutionContext.Run(ExecutionContext executionContext, ContextCallback callback, Object state)
   場所 System.Threading.ThreadHelper.ThreadStart(), Program: "伝票情報 表示".
 <-1> 03/06/2026 14:22:51.967     [Error  ] - [MgGui.dll] Control 'V_消費税額(標準)_0': オブジェクト参照がオブジェクト インスタンスに設定されていません。, Program: "伝票情報 表示".
 <-1> 03/06/2026 14:22:51.967     [Error  ] - [MgGui.dll] 
   場所 System.Environment.GetStackTrace(Exception e, Boolean needFileInfo)
   場所 System.Environment.get_StackTrace()
   場所 com.magicsoftware.rte.CoreExecutor.WriteExceptionToLog(Int64 contextID, String msg)
   場所 com.magicsoftware.rte.GuiEventsProcessor.WriteExceptionToLog(String message)
   場所 com.magicsoftware.unipaas.Events.WriteExceptionToLog(String msg)
   場所 com.magicsoftware.unipaas.management.gui.MgControlBase.refreshProperties(Boolean onlyRepeatableProps)
   場所 com.magicsoftware.unipaas.management.gui.MgControlBase.RefreshDisplay(Boolean onlyRepeatableProps)
   場所 com.magicsoftware.unipaas.management.gui.MgFormBase.refreshControls(Boolean repeatableOnly)
   場所 com.magicsoftware.unipaas.management.gui.MgFormBase.refreshRow(Int32 rowIdx, Boolean repeatableOnly)
   場所 com.magicsoftware.rte.gui.MgForm.DisplayRow(Int32 rowIdx, Boolean repeatableOnly, String dataCtrlPairs)
   場所 com.magicsoftware.rte.RteExecutor.DisplayRow(Int32 taskID, Int32 rowIdx, Boolean repeatableOnly, String dataCtrlPairs)
   場所 RteExecutorEndpoint.InvokeDisplayRow(Int32 taskID, Int32 rowIdx, Boolean repeatableOnly, String dataCtrlPairs)
   場所 RteExecutorBridge.DisplayRow(RteExecutorBridge* , Int32 taskID, Int32 rowIdx, Boolean repeatableOnly, UInt16* dataCtrlPairs)
   場所 CoreExecutorEndpoint.EventsLoop()
   場所 CoreExecutorGateway.EventsLoop()
   場所 com.magicsoftware.rte.RTEmanager.ExecuteWorkThread()
   場所 System.Threading.ThreadHelper.ThreadStart_Context(Object state)
   場所 System.Threading.ExecutionContext.RunInternal(ExecutionContext executionContext, ContextCallback callback, Object state, Boolean preserveSyncCtx)
   場所 System.Threading.ExecutionContext.Run(ExecutionContext executionContext, ContextCallback callback, Object state, Boolean preserveSyncCtx)
   場所 System.Threading.ExecutionContext.Run(ExecutionContext executionContext, ContextCallback callback, Object state)
   場所 System.Threading.ThreadHelper.ThreadStart(), Program: "伝票情報 表示".
 <-1> 03/06/2026 14:22:51.967     [Error  ] - [MgGui.dll] Control 'V_合計金額_0': オブジェクト参照がオブジェクト インスタンスに設定されていません。, Program: "伝票情報 表示".
 <-1> 03/06/2026 14:22:51.968     [Error  ] - [MgGui.dll] 
   場所 System.Environment.GetStackTrace(Exception e, Boolean needFileInfo)
   場所 System.Environment.get_StackTrace()
   場所 com.magicsoftware.rte.CoreExecutor.WriteExceptionToLog(Int64 contextID, String msg)
   場所 com.magicsoftware.rte.GuiEventsProcessor.WriteExceptionToLog(String message)
   場所 com.magicsoftware.unipaas.Events.WriteExceptionToLog(String msg)
   場所 com.magicsoftware.unipaas.management.gui.MgControlBase.refreshProperties(Boolean onlyRepeatableProps)
   場所 com.magicsoftware.unipaas.management.gui.MgControlBase.RefreshDisplay(Boolean onlyRepeatableProps)
   場所 com.magicsoftware.unipaas.management.gui.MgFormBase.refreshControls(Boolean repeatableOnly)
   場所 com.magicsoftware.unipaas.management.gui.MgFormBase.refreshRow(Int32 rowIdx, Boolean repeatableOnly)
   場所 com.magicsoftware.rte.gui.MgForm.DisplayRow(Int32 rowIdx, Boolean repeatableOnly, String dataCtrlPairs)
   場所 com.magicsoftware.rte.RteExecutor.DisplayRow(Int32 taskID, Int32 rowIdx, Boolean repeatableOnly, String dataCtrlPairs)
   場所 RteExecutorEndpoint.InvokeDisplayRow(Int32 taskID, Int32 rowIdx, Boolean repeatableOnly, String dataCtrlPairs)
   場所 RteExecutorBridge.DisplayRow(RteExecutorBridge* , Int32 taskID, Int32 rowIdx, Boolean repeatableOnly, UInt16* dataCtrlPairs)
   場所 CoreExecutorEndpoint.EventsLoop()
   場所 CoreExecutorGateway.EventsLoop()
   場所 com.magicsoftware.rte.RTEmanager.ExecuteWorkThread()
   場所 System.Threading.ThreadHelper.ThreadStart_Context(Object state)
   場所 System.Threading.ExecutionContext.RunInternal(ExecutionContext executionContext, ContextCallback callback, Object state, Boolean preserveSyncCtx)
   場所 System.Threading.ExecutionContext.Run(ExecutionContext executionContext, ContextCallback callback, Object state, Boolean preserveSyncCtx)
   場所 System.Threading.ExecutionContext.Run(ExecutionContext executionContext, ContextCallback callback, Object state)
   場所 System.Threading.ThreadHelper.ThreadStart(), Program: "伝票情報 表示".
 <-1> 03/06/2026 14:22:51.968     [Error  ] - [MgGui.dll] Control 'V_開始伝票NO_0': オブジェクト参照がオブジェクト インスタンスに設定されていません。, Program: "伝票情報 表示".
 <-1> 03/06/2026 14:22:51.968     [Error  ] - [MgGui.dll] 
   場所 System.Environment.GetStackTrace(Exception e, Boolean needFileInfo)
   場所 System.Environment.get_StackTrace()
   場所 com.magicsoftware.rte.CoreExecutor.WriteExceptionToLog(Int64 contextID, String msg)
   場所 com.magicsoftware.rte.GuiEventsProcessor.WriteExceptionToLog(String message)
   場所 com.magicsoftware.unipaas.Events.WriteExceptionToLog(String msg)
   場所 com.magicsoftware.unipaas.management.gui.MgControlBase.refreshProperties(Boolean onlyRepeatableProps)
   場所 com.magicsoftware.unipaas.management.gui.MgControlBase.RefreshDisplay(Boolean onlyRepeatableProps)
   場所 com.magicsoftware.unipaas.management.gui.MgFormBase.refreshControls(Boolean repeatableOnly)
   場所 com.magicsoftware.unipaas.management.gui.MgFormBase.refreshRow(Int32 rowIdx, Boolean repeatableOnly)
   場所 com.magicsoftware.rte.gui.MgForm.DisplayRow(Int32 rowIdx, Boolean repeatableOnly, String dataCtrlPairs)
   場所 com.magicsoftware.rte.RteExecutor.DisplayRow(Int32 taskID, Int32 rowIdx, Boolean repeatableOnly, String dataCtrlPairs)
   場所 RteExecutorEndpoint.InvokeDisplayRow(Int32 taskID, Int32 rowIdx, Boolean repeatableOnly, String dataCtrlPairs)
   場所 RteExecutorBridge.DisplayRow(RteExecutorBridge* , Int32 taskID, Int32 rowIdx, Boolean repeatableOnly, UInt16* dataCtrlPairs)
   場所 CoreExecutorEndpoint.EventsLoop()
   場所 CoreExecutorGateway.EventsLoop()
   場所 com.magicsoftware.rte.RTEmanager.ExecuteWorkThread()
   場所 System.Threading.ThreadHelper.ThreadStart_Context(Object state)
   場所 System.Threading.ExecutionContext.RunInternal(ExecutionContext executionContext, ContextCallback callback, Object state, Boolean preserveSyncCtx)
   場所 System.Threading.ExecutionContext.Run(ExecutionContext executionContext, ContextCallback callback, Object state, Boolean preserveSyncCtx)
   場所 System.Threading.ExecutionContext.Run(ExecutionContext executionContext, ContextCallback callback, Object state)
   場所 System.Threading.ThreadHelper.ThreadStart(), Program: "伝票情報 表示".
 <-1> 03/06/2026 14:22:51.969     [Error  ] - [MgGui.dll] Control 'V_終了伝票NO_0': オブジェクト参照がオブジェクト インスタンスに設定されていません。, Program: "伝票情報 表示".
 <-1> 03/06/2026 14:22:51.969     [Error  ] - [MgGui.dll] 
   場所 System.Environment.GetStackTrace(Exception e, Boolean needFileInfo)
   場所 System.Environment.get_StackTrace()
   場所 com.magicsoftware.rte.CoreExecutor.WriteExceptionToLog(Int64 contextID, String msg)
   場所 com.magicsoftware.rte.GuiEventsProcessor.WriteExceptionToLog(String message)
   場所 com.magicsoftware.unipaas.Events.WriteExceptionToLog(String msg)
   場所 com.magicsoftware.unipaas.management.gui.MgControlBase.refreshProperties(Boolean onlyRepeatableProps)
   場所 com.magicsoftware.unipaas.management.gui.MgControlBase.RefreshDisplay(Boolean onlyRepeatableProps)
   場所 com.magicsoftware.unipaas.management.gui.MgFormBase.refreshControls(Boolean repeatableOnly)
   場所 com.magicsoftware.unipaas.management.gui.MgFormBase.refreshRow(Int32 rowIdx, Boolean repeatableOnly)
   場所 com.magicsoftware.rte.gui.MgForm.DisplayRow(Int32 rowIdx, Boolean repeatableOnly, String dataCtrlPairs)
   場所 com.magicsoftware.rte.RteExecutor.DisplayRow(Int32 taskID, Int32 rowIdx, Boolean repeatableOnly, String dataCtrlPairs)
   場所 RteExecutorEndpoint.InvokeDisplayRow(Int32 taskID, Int32 rowIdx, Boolean repeatableOnly, String dataCtrlPairs)
   場所 RteExecutorBridge.DisplayRow(RteExecutorBridge* , Int32 taskID, Int32 rowIdx, Boolean repeatableOnly, UInt16* dataCtrlPairs)
   場所 CoreExecutorEndpoint.EventsLoop()
   場所 CoreExecutorGateway.EventsLoop()
   場所 com.magicsoftware.rte.RTEmanager.ExecuteWorkThread()
   場所 System.Threading.ThreadHelper.ThreadStart_Context(Object state)
   場所 System.Threading.ExecutionContext.RunInternal(ExecutionContext executionContext, ContextCallback callback, Object state, Boolean preserveSyncCtx)
   場所 System.Threading.ExecutionContext.Run(ExecutionContext executionContext, ContextCallback callback, Object state, Boolean preserveSyncCtx)
   場所 System.Threading.ExecutionContext.Run(ExecutionContext executionContext, ContextCallback callback, Object state)
   場所 System.Threading.ThreadHelper.ThreadStart(), Program: "伝票情報 表示".
 <-1> 03/06/2026 14:22:51.969     [Error  ] - [MgGui.dll] Control 'V_次伝票NO_0': オブジェクト参照がオブジェクト インスタンスに設定されていません。, Program: "伝票情報 表示".
 <-1> 03/06/2026 14:22:51.970     [Error  ] - [MgGui.dll] 
   場所 System.Environment.GetStackTrace(Exception e, Boolean needFileInfo)
   場所 System.Environment.get_StackTrace()
   場所 com.magicsoftware.rte.CoreExecutor.WriteExceptionToLog(Int64 contextID, String msg)
   場所 com.magicsoftware.rte.GuiEventsProcessor.WriteExceptionToLog(String message)
   場所 com.magicsoftware.unipaas.Events.WriteExceptionToLog(String msg)
   場所 com.magicsoftware.unipaas.management.gui.MgControlBase.refreshProperties(Boolean onlyRepeatableProps)
   場所 com.magicsoftware.unipaas.management.gui.MgControlBase.RefreshDisplay(Boolean onlyRepeatableProps)
   場所 com.magicsoftware.unipaas.management.gui.MgFormBase.refreshControls(Boolean repeatableOnly)
   場所 com.magicsoftware.unipaas.management.gui.MgFormBase.refreshRow(Int32 rowIdx, Boolean repeatableOnly)
   場所 com.magicsoftware.rte.gui.MgForm.DisplayRow(Int32 rowIdx, Boolean repeatableOnly, String dataCtrlPairs)
   場所 com.magicsoftware.rte.RteExecutor.DisplayRow(Int32 taskID, Int32 rowIdx, Boolean repeatableOnly, String dataCtrlPairs)
   場所 RteExecutorEndpoint.InvokeDisplayRow(Int32 taskID, Int32 rowIdx, Boolean repeatableOnly, String dataCtrlPairs)
   場所 RteExecutorBridge.DisplayRow(RteExecutorBridge* , Int32 taskID, Int32 rowIdx, Boolean repeatableOnly, UInt16* dataCtrlPairs)
   場所 CoreExecutorEndpoint.EventsLoop()
   場所 CoreExecutorGateway.EventsLoop()
   場所 com.magicsoftware.rte.RTEmanager.ExecuteWorkThread()
   場所 System.Threading.ThreadHelper.ThreadStart_Context(Object state)
   場所 System.Threading.ExecutionContext.RunInternal(ExecutionContext executionContext, ContextCallback callback, Object state, Boolean preserveSyncCtx)
   場所 System.Threading.ExecutionContext.Run(ExecutionContext executionContext, ContextCallback callback, Object state, Boolean preserveSyncCtx)
   場所 System.Threading.ExecutionContext.Run(ExecutionContext executionContext, ContextCallback callback, Object state)
   場所 System.Threading.ThreadHelper.ThreadStart(), Program: "伝票情報 表示".
 <-1> 03/06/2026 14:22:51.970     [Error  ] - [MgGui.dll] Control 'V_仕入金額(標準)_1': オブジェクト参照がオブジェクト インスタンスに設定されていません。, Program: "伝票情報 表示".
 <-1> 03/06/2026 14:22:51.971     [Error  ] - [MgGui.dll] 
   場所 System.Environment.GetStackTrace(Exception e, Boolean needFileInfo)
   場所 System.Environment.get_StackTrace()
   場所 com.magicsoftware.rte.CoreExecutor.WriteExceptionToLog(Int64 contextID, String msg)
   場所 com.magicsoftware.rte.GuiEventsProcessor.WriteExceptionToLog(String message)
   場所 com.magicsoftware.unipaas.Events.WriteExceptionToLog(String msg)
   場所 com.magicsoftware.unipaas.management.gui.MgControlBase.refreshProperties(Boolean onlyRepeatableProps)
   場所 com.magicsoftware.unipaas.management.gui.MgControlBase.RefreshDisplay(Boolean onlyRepeatableProps)
   場所 com.magicsoftware.unipaas.management.gui.MgFormBase.refreshControls(Boolean repeatableOnly)
   場所 com.magicsoftware.unipaas.management.gui.MgFormBase.refreshRow(Int32 rowIdx, Boolean repeatableOnly)
   場所 com.magicsoftware.rte.gui.MgForm.DisplayRow(Int32 rowIdx, Boolean repeatableOnly, String dataCtrlPairs)
   場所 com.magicsoftware.rte.RteExecutor.DisplayRow(Int32 taskID, Int32 rowIdx, Boolean repeatableOnly, String dataCtrlPairs)
   場所 RteExecutorEndpoint.InvokeDisplayRow(Int32 taskID, Int32 rowIdx, Boolean repeatableOnly, String dataCtrlPairs)
   場所 RteExecutorBridge.DisplayRow(RteExecutorBridge* , Int32 taskID, Int32 rowIdx, Boolean repeatableOnly, UInt16* dataCtrlPairs)
   場所 CoreExecutorEndpoint.EventsLoop()
   場所 CoreExecutorGateway.EventsLoop()
   場所 com.magicsoftware.rte.RTEmanager.ExecuteWorkThread()
   場所 System.Threading.ThreadHelper.ThreadStart_Context(Object state)
   場所 System.Threading.ExecutionContext.RunInternal(ExecutionContext executionContext, ContextCallback callback, Object state, Boolean preserveSyncCtx)
   場所 System.Threading.ExecutionContext.Run(ExecutionContext executionContext, ContextCallback callback, Object state, Boolean preserveSyncCtx)
   場所 System.Threading.ExecutionContext.Run(ExecutionContext executionContext, ContextCallback callback, Object state)
   場所 System.Threading.ThreadHelper.ThreadStart(), Program: "伝票情報 表示".
 <-1> 03/06/2026 14:22:51.971     [Error  ] - [MgGui.dll] Control 'V_返品金額(標準)_1': オブジェクト参照がオブジェクト インスタンスに設定されていません。, Program: "伝票情報 表示".
 <-1> 03/06/2026 14:22:51.971     [Error  ] - [MgGui.dll] 
   場所 System.Environment.GetStackTrace(Exception e, Boolean needFileInfo)
   場所 System.Environment.get_StackTrace()
   場所 com.magicsoftware.rte.CoreExecutor.WriteExceptionToLog(Int64 contextID, String msg)
   場所 com.magicsoftware.rte.GuiEventsProcessor.WriteExceptionToLog(String message)
   場所 com.magicsoftware.unipaas.Events.WriteExceptionToLog(String msg)
   場所 com.magicsoftware.unipaas.management.gui.MgControlBase.refreshProperties(Boolean onlyRepeatableProps)
   場所 com.magicsoftware.unipaas.management.gui.MgControlBase.RefreshDisplay(Boolean onlyRepeatableProps)
   場所 com.magicsoftware.unipaas.management.gui.MgFormBase.refreshControls(Boolean repeatableOnly)
   場所 com.magicsoftware.unipaas.management.gui.MgFormBase.refreshRow(Int32 rowIdx, Boolean repeatableOnly)
   場所 com.magicsoftware.rte.gui.MgForm.DisplayRow(Int32 rowIdx, Boolean repeatableOnly, String dataCtrlPairs)
   場所 com.magicsoftware.rte.RteExecutor.DisplayRow(Int32 taskID, Int32 rowIdx, Boolean repeatableOnly, String dataCtrlPairs)
   場所 RteExecutorEndpoint.InvokeDisplayRow(Int32 taskID, Int32 rowIdx, Boolean repeatableOnly, String dataCtrlPairs)
   場所 RteExecutorBridge.DisplayRow(RteExecutorBridge* , Int32 taskID, Int32 rowIdx, Boolean repeatableOnly, UInt16* dataCtrlPairs)
   場所 CoreExecutorEndpoint.EventsLoop()
   場所 CoreExecutorGateway.EventsLoop()
   場所 com.magicsoftware.rte.RTEmanager.ExecuteWorkThread()
   場所 System.Threading.ThreadHelper.ThreadStart_Context(Object state)
   場所 System.Threading.ExecutionContext.RunInternal(ExecutionContext executionContext, ContextCallback callback, Object state, Boolean preserveSyncCtx)
   場所 System.Threading.ExecutionContext.Run(ExecutionContext executionContext, ContextCallback callback, Object state, Boolean preserveSyncCtx)
   場所 System.Threading.ExecutionContext.Run(ExecutionContext executionContext, ContextCallback callback, Object state)
   場所 System.Threading.ThreadHelper.ThreadStart(), Program: "伝票情報 表示".
 <-1> 03/06/2026 14:22:51.972     [Error  ] - [MgGui.dll] Control 'V_値引金額(標準)_1': オブジェクト参照がオブジェクト インスタンスに設定されていません。, Program: "伝票情報 表示".
 <-1> 03/06/2026 14:22:51.972     [Error  ] - [MgGui.dll] 
   場所 System.Environment.GetStackTrace(Exception e, Boolean needFileInfo)
   場所 System.Environment.get_StackTrace()
   場所 com.magicsoftware.rte.CoreExecutor.WriteExceptionToLog(Int64 contextID, String msg)
   場所 com.magicsoftware.rte.GuiEventsProcessor.WriteExceptionToLog(String message)
   場所 com.magicsoftware.unipaas.Events.WriteExceptionToLog(String msg)
   場所 com.magicsoftware.unipaas.management.gui.MgControlBase.refreshProperties(Boolean onlyRepeatableProps)
   場所 com.magicsoftware.unipaas.management.gui.MgControlBase.RefreshDisplay(Boolean onlyRepeatableProps)
   場所 com.magicsoftware.unipaas.management.gui.MgFormBase.refreshControls(Boolean repeatableOnly)
   場所 com.magicsoftware.unipaas.management.gui.MgFormBase.refreshRow(Int32 rowIdx, Boolean repeatableOnly)
   場所 com.magicsoftware.rte.gui.MgForm.DisplayRow(Int32 rowIdx, Boolean repeatableOnly, String dataCtrlPairs)
   場所 com.magicsoftware.rte.RteExecutor.DisplayRow(Int32 taskID, Int32 rowIdx, Boolean repeatableOnly, String dataCtrlPairs)
   場所 RteExecutorEndpoint.InvokeDisplayRow(Int32 taskID, Int32 rowIdx, Boolean repeatableOnly, String dataCtrlPairs)
   場所 RteExecutorBridge.DisplayRow(RteExecutorBridge* , Int32 taskID, Int32 rowIdx, Boolean repeatableOnly, UInt16* dataCtrlPairs)
   場所 CoreExecutorEndpoint.EventsLoop()
   場所 CoreExecutorGateway.EventsLoop()
   場所 com.magicsoftware.rte.RTEmanager.ExecuteWorkThread()
   場所 System.Threading.ThreadHelper.ThreadStart_Context(Object state)
   場所 System.Threading.ExecutionContext.RunInternal(ExecutionContext executionContext, ContextCallback callback, Object state, Boolean preserveSyncCtx)
   場所 System.Threading.ExecutionContext.Run(ExecutionContext executionContext, ContextCallback callback, Object state, Boolean preserveSyncCtx)
   場所 System.Threading.ExecutionContext.Run(ExecutionContext executionContext, ContextCallback callback, Object state)
   場所 System.Threading.ThreadHelper.ThreadStart(), Program: "伝票情報 表示".
 <-1> 03/06/2026 14:22:51.973     [Error  ] - [MgGui.dll] Control 'V_消費税額(標準)_1': オブジェクト参照がオブジェクト インスタンスに設定されていません。, Program: "伝票情報 表示".
 <-1> 03/06/2026 14:22:51.974     [Error  ] - [MgGui.dll] 
   場所 System.Environment.GetStackTrace(Exception e, Boolean needFileInfo)
   場所 System.Environment.get_StackTrace()
   場所 com.magicsoftware.rte.CoreExecutor.WriteExceptionToLog(Int64 contextID, String msg)
   場所 com.magicsoftware.rte.GuiEventsProcessor.WriteExceptionToLog(String message)
   場所 com.magicsoftware.unipaas.Events.WriteExceptionToLog(String msg)
   場所 com.magicsoftware.unipaas.management.gui.MgControlBase.refreshProperties(Boolean onlyRepeatableProps)
   場所 com.magicsoftware.unipaas.management.gui.MgControlBase.RefreshDisplay(Boolean onlyRepeatableProps)
   場所 com.magicsoftware.unipaas.management.gui.MgFormBase.refreshControls(Boolean repeatableOnly)
   場所 com.magicsoftware.unipaas.management.gui.MgFormBase.refreshRow(Int32 rowIdx, Boolean repeatableOnly)
   場所 com.magicsoftware.rte.gui.MgForm.DisplayRow(Int32 rowIdx, Boolean repeatableOnly, String dataCtrlPairs)
   場所 com.magicsoftware.rte.RteExecutor.DisplayRow(Int32 taskID, Int32 rowIdx, Boolean repeatableOnly, String dataCtrlPairs)
   場所 RteExecutorEndpoint.InvokeDisplayRow(Int32 taskID, Int32 rowIdx, Boolean repeatableOnly, String dataCtrlPairs)
   場所 RteExecutorBridge.DisplayRow(RteExecutorBridge* , Int32 taskID, Int32 rowIdx, Boolean repeatableOnly, UInt16* dataCtrlPairs)
   場所 CoreExecutorEndpoint.EventsLoop()
   場所 CoreExecutorGateway.EventsLoop()
   場所 com.magicsoftware.rte.RTEmanager.ExecuteWorkThread()
   場所 System.Threading.ThreadHelper.ThreadStart_Context(Object state)
   場所 System.Threading.ExecutionContext.RunInternal(ExecutionContext executionContext, ContextCallback callback, Object state, Boolean preserveSyncCtx)
   場所 System.Threading.ExecutionContext.Run(ExecutionContext executionContext, ContextCallback callback, Object state, Boolean preserveSyncCtx)
   場所 System.Threading.ExecutionContext.Run(ExecutionContext executionContext, ContextCallback callback, Object state)
   場所 System.Threading.ThreadHelper.ThreadStart(), Program: "伝票情報 表示".
 <-1> 03/06/2026 14:22:51.975     [Error  ] - [MgGui.dll] Control 'V_合計金額_1': オブジェクト参照がオブジェクト インスタンスに設定されていません。, Program: "伝票情報 表示".
 <-1> 03/06/2026 14:22:51.975     [Error  ] - [MgGui.dll] 
   場所 System.Environment.GetStackTrace(Exception e, Boolean needFileInfo)
   場所 System.Environment.get_StackTrace()
   場所 com.magicsoftware.rte.CoreExecutor.WriteExceptionToLog(Int64 contextID, String msg)
   場所 com.magicsoftware.rte.GuiEventsProcessor.WriteExceptionToLog(String message)
   場所 com.magicsoftware.unipaas.Events.WriteExceptionToLog(String msg)
   場所 com.magicsoftware.unipaas.management.gui.MgControlBase.refreshProperties(Boolean onlyRepeatableProps)
   場所 com.magicsoftware.unipaas.management.gui.MgControlBase.RefreshDisplay(Boolean onlyRepeatableProps)
   場所 com.magicsoftware.unipaas.management.gui.MgFormBase.refreshControls(Boolean repeatableOnly)
   場所 com.magicsoftware.unipaas.management.gui.MgFormBase.refreshRow(Int32 rowIdx, Boolean repeatableOnly)
   場所 com.magicsoftware.rte.gui.MgForm.DisplayRow(Int32 rowIdx, Boolean repeatableOnly, String dataCtrlPairs)
   場所 com.magicsoftware.rte.RteExecutor.DisplayRow(Int32 taskID, Int32 rowIdx, Boolean repeatableOnly, String dataCtrlPairs)
   場所 RteExecutorEndpoint.InvokeDisplayRow(Int32 taskID, Int32 rowIdx, Boolean repeatableOnly, String dataCtrlPairs)
   場所 RteExecutorBridge.DisplayRow(RteExecutorBridge* , Int32 taskID, Int32 rowIdx, Boolean repeatableOnly, UInt16* dataCtrlPairs)
   場所 CoreExecutorEndpoint.EventsLoop()
   場所 CoreExecutorGateway.EventsLoop()
   場所 com.magicsoftware.rte.RTEmanager.ExecuteWorkThread()
   場所 System.Threading.ThreadHelper.ThreadStart_Context(Object state)
   場所 System.Threading.ExecutionContext.RunInternal(ExecutionContext executionContext, ContextCallback callback, Object state, Boolean preserveSyncCtx)
   場所 System.Threading.ExecutionContext.Run(ExecutionContext executionContext, ContextCallback callback, Object state, Boolean preserveSyncCtx)
   場所 System.Threading.ExecutionContext.Run(ExecutionContext executionContext, ContextCallback callback, Object state)
   場所 System.Threading.ThreadHelper.ThreadStart(), Program: "伝票情報 表示".
 <-1> 03/06/2026 14:22:51.975     [Error  ] - [MgGui.dll] Control 'V_開始伝票NO_1': オブジェクト参照がオブジェクト インスタンスに設定されていません。, Program: "伝票情報 表示".
 <-1> 03/06/2026 14:22:51.976     [Error  ] - [MgGui.dll] 
   場所 System.Environment.GetStackTrace(Exception e, Boolean needFileInfo)
   場所 System.Environment.get_StackTrace()
   場所 com.magicsoftware.rte.CoreExecutor.WriteExceptionToLog(Int64 contextID, String msg)
   場所 com.magicsoftware.rte.GuiEventsProcessor.WriteExceptionToLog(String message)
   場所 com.magicsoftware.unipaas.Events.WriteExceptionToLog(String msg)
   場所 com.magicsoftware.unipaas.management.gui.MgControlBase.refreshProperties(Boolean onlyRepeatableProps)
   場所 com.magicsoftware.unipaas.management.gui.MgControlBase.RefreshDisplay(Boolean onlyRepeatableProps)
   場所 com.magicsoftware.unipaas.management.gui.MgFormBase.refreshControls(Boolean repeatableOnly)
   場所 com.magicsoftware.unipaas.management.gui.MgFormBase.refreshRow(Int32 rowIdx, Boolean repeatableOnly)
   場所 com.magicsoftware.rte.gui.MgForm.DisplayRow(Int32 rowIdx, Boolean repeatableOnly, String dataCtrlPairs)
   場所 com.magicsoftware.rte.RteExecutor.DisplayRow(Int32 taskID, Int32 rowIdx, Boolean repeatableOnly, String dataCtrlPairs)
   場所 RteExecutorEndpoint.InvokeDisplayRow(Int32 taskID, Int32 rowIdx, Boolean repeatableOnly, String dataCtrlPairs)
   場所 RteExecutorBridge.DisplayRow(RteExecutorBridge* , Int32 taskID, Int32 rowIdx, Boolean repeatableOnly, UInt16* dataCtrlPairs)
   場所 CoreExecutorEndpoint.EventsLoop()
   場所 CoreExecutorGateway.EventsLoop()
   場所 com.magicsoftware.rte.RTEmanager.ExecuteWorkThread()
   場所 System.Threading.ThreadHelper.ThreadStart_Context(Object state)
   場所 System.Threading.ExecutionContext.RunInternal(ExecutionContext executionContext, ContextCallback callback, Object state, Boolean preserveSyncCtx)
   場所 System.Threading.ExecutionContext.Run(ExecutionContext executionContext, ContextCallback callback, Object state, Boolean preserveSyncCtx)
   場所 System.Threading.ExecutionContext.Run(ExecutionContext executionContext, ContextCallback callback, Object state)
   場所 System.Threading.ThreadHelper.ThreadStart(), Program: "伝票情報 表示".
 <-1> 03/06/2026 14:22:51.977     [Error  ] - [MgGui.dll] Control 'V_終了伝票NO_1': オブジェクト参照がオブジェクト インスタンスに設定されていません。, Program: "伝票情報 表示".
 <-1> 03/06/2026 14:22:51.977     [Error  ] - [MgGui.dll] 
   場所 System.Environment.GetStackTrace(Exception e, Boolean needFileInfo)
   場所 System.Environment.get_StackTrace()
   場所 com.magicsoftware.rte.CoreExecutor.WriteExceptionToLog(Int64 contextID, String msg)
   場所 com.magicsoftware.rte.GuiEventsProcessor.WriteExceptionToLog(String message)
   場所 com.magicsoftware.unipaas.Events.WriteExceptionToLog(String msg)
   場所 com.magicsoftware.unipaas.management.gui.MgControlBase.refreshProperties(Boolean onlyRepeatableProps)
   場所 com.magicsoftware.unipaas.management.gui.MgControlBase.RefreshDisplay(Boolean onlyRepeatableProps)
   場所 com.magicsoftware.unipaas.management.gui.MgFormBase.refreshControls(Boolean repeatableOnly)
   場所 com.magicsoftware.unipaas.management.gui.MgFormBase.refreshRow(Int32 rowIdx, Boolean repeatableOnly)
   場所 com.magicsoftware.rte.gui.MgForm.DisplayRow(Int32 rowIdx, Boolean repeatableOnly, String dataCtrlPairs)
   場所 com.magicsoftware.rte.RteExecutor.DisplayRow(Int32 taskID, Int32 rowIdx, Boolean repeatableOnly, String dataCtrlPairs)
   場所 RteExecutorEndpoint.InvokeDisplayRow(Int32 taskID, Int32 rowIdx, Boolean repeatableOnly, String dataCtrlPairs)
   場所 RteExecutorBridge.DisplayRow(RteExecutorBridge* , Int32 taskID, Int32 rowIdx, Boolean repeatableOnly, UInt16* dataCtrlPairs)
   場所 CoreExecutorEndpoint.EventsLoop()
   場所 CoreExecutorGateway.EventsLoop()
   場所 com.magicsoftware.rte.RTEmanager.ExecuteWorkThread()
   場所 System.Threading.ThreadHelper.ThreadStart_Context(Object state)
   場所 System.Threading.ExecutionContext.RunInternal(ExecutionContext executionContext, ContextCallback callback, Object state, Boolean preserveSyncCtx)
   場所 System.Threading.ExecutionContext.Run(ExecutionContext executionContext, ContextCallback callback, Object state, Boolean preserveSyncCtx)
   場所 System.Threading.ExecutionContext.Run(ExecutionContext executionContext, ContextCallback callback, Object state)
   場所 System.Threading.ThreadHelper.ThreadStart(), Program: "伝票情報 表示".
 <-1> 03/06/2026 14:22:51.977     [Error  ] - [MgGui.dll] Control 'V_次伝票NO_1': オブジェクト参照がオブジェクト インスタンスに設定されていません。, Program: "伝票情報 表示".
 <-1> 03/06/2026 14:22:51.978     [Error  ] - [MgGui.dll] 
   場所 System.Environment.GetStackTrace(Exception e, Boolean needFileInfo)
   場所 System.Environment.get_StackTrace()
   場所 com.magicsoftware.rte.CoreExecutor.WriteExceptionToLog(Int64 contextID, String msg)
   場所 com.magicsoftware.rte.GuiEventsProcessor.WriteExceptionToLog(String message)
   場所 com.magicsoftware.unipaas.Events.WriteExceptionToLog(String msg)
   場所 com.magicsoftware.unipaas.management.gui.MgControlBase.refreshProperties(Boolean onlyRepeatableProps)
   場所 com.magicsoftware.unipaas.management.gui.MgControlBase.RefreshDisplay(Boolean onlyRepeatableProps)
   場所 com.magicsoftware.unipaas.management.gui.MgFormBase.refreshControls(Boolean repeatableOnly)
   場所 com.magicsoftware.unipaas.management.gui.MgFormBase.refreshRow(Int32 rowIdx, Boolean repeatableOnly)
   場所 com.magicsoftware.rte.gui.MgForm.DisplayRow(Int32 rowIdx, Boolean repeatableOnly, String dataCtrlPairs)
   場所 com.magicsoftware.rte.RteExecutor.DisplayRow(Int32 taskID, Int32 rowIdx, Boolean repeatableOnly, String dataCtrlPairs)
   場所 RteExecutorEndpoint.InvokeDisplayRow(Int32 taskID, Int32 rowIdx, Boolean repeatableOnly, String dataCtrlPairs)
   場所 RteExecutorBridge.DisplayRow(RteExecutorBridge* , Int32 taskID, Int32 rowIdx, Boolean repeatableOnly, UInt16* dataCtrlPairs)
   場所 CoreExecutorEndpoint.EventsLoop()
   場所 CoreExecutorGateway.EventsLoop()
   場所 com.magicsoftware.rte.RTEmanager.ExecuteWorkThread()
   場所 System.Threading.ThreadHelper.ThreadStart_Context(Object state)
   場所 System.Threading.ExecutionContext.RunInternal(ExecutionContext executionContext, ContextCallback callback, Object state, Boolean preserveSyncCtx)
   場所 System.Threading.ExecutionContext.Run(ExecutionContext executionContext, ContextCallback callback, Object state, Boolean preserveSyncCtx)
   場所 System.Threading.ExecutionContext.Run(ExecutionContext executionContext, ContextCallback callback, Object state)
   場所 System.Threading.ThreadHelper.ThreadStart(), Program: "伝票情報 表示".
 <-1> 03/06/2026 14:22:51.980     [Error  ] - [MgGui.dll] Control 'V_仕入金額(標準)_0': オブジェクト参照がオブジェクト インスタンスに設定されていません。, Program: "伝票情報 表示".
 <-1> 03/06/2026 14:22:51.980     [Error  ] - [MgGui.dll] 
   場所 System.Environment.GetStackTrace(Exception e, Boolean needFileInfo)
   場所 System.Environment.get_StackTrace()
   場所 com.magicsoftware.rte.CoreExecutor.WriteExceptionToLog(Int64 contextID, String msg)
   場所 com.magicsoftware.rte.GuiEventsProcessor.WriteExceptionToLog(String message)
   場所 com.magicsoftware.unipaas.Events.WriteExceptionToLog(String msg)
   場所 com.magicsoftware.unipaas.management.gui.MgControlBase.refreshProperties(Boolean onlyRepeatableProps)
   場所 com.magicsoftware.unipaas.management.gui.MgControlBase.RefreshDisplay(Boolean onlyRepeatableProps)
   場所 com.magicsoftware.unipaas.management.gui.MgFormBase.refreshControls(Boolean repeatableOnly)
   場所 com.magicsoftware.unipaas.management.gui.MgFormBase.refreshRow(Int32 rowIdx, Boolean repeatableOnly)
   場所 com.magicsoftware.rte.gui.MgForm.DisplayRow(Int32 rowIdx, Boolean repeatableOnly, String dataCtrlPairs)
   場所 com.magicsoftware.rte.RteExecutor.DisplayRow(Int32 taskID, Int32 rowIdx, Boolean repeatableOnly, String dataCtrlPairs)
   場所 RteExecutorEndpoint.InvokeDisplayRow(Int32 taskID, Int32 rowIdx, Boolean repeatableOnly, String dataCtrlPairs)
   場所 RteExecutorBridge.DisplayRow(RteExecutorBridge* , Int32 taskID, Int32 rowIdx, Boolean repeatableOnly, UInt16* dataCtrlPairs)
   場所 CoreExecutorEndpoint.EventsLoop()
   場所 CoreExecutorGateway.EventsLoop()
   場所 com.magicsoftware.rte.RTEmanager.ExecuteWorkThread()
   場所 System.Threading.ThreadHelper.ThreadStart_Context(Object state)
   場所 System.Threading.ExecutionContext.RunInternal(ExecutionContext executionContext, ContextCallback callback, Object state, Boolean preserveSyncCtx)
   場所 System.Threading.ExecutionContext.Run(ExecutionContext executionContext, ContextCallback callback, Object state, Boolean preserveSyncCtx)
   場所 System.Threading.ExecutionContext.Run(ExecutionContext executionContext, ContextCallback callback, Object state)
   場所 System.Threading.ThreadHelper.ThreadStart(), Program: "伝票情報 表示".
 <-1> 03/06/2026 14:22:51.981     [Error  ] - [MgGui.dll] Control 'V_返品金額(標準)_0': オブジェクト参照がオブジェクト インスタンスに設定されていません。, Program: "伝票情報 表示".
 <-1> 03/06/2026 14:22:51.981     [Error  ] - [MgGui.dll] 
   場所 System.Environment.GetStackTrace(Exception e, Boolean needFileInfo)
   場所 System.Environment.get_StackTrace()
   場所 com.magicsoftware.rte.CoreExecutor.WriteExceptionToLog(Int64 contextID, String msg)
   場所 com.magicsoftware.rte.GuiEventsProcessor.WriteExceptionToLog(String message)
   場所 com.magicsoftware.unipaas.Events.WriteExceptionToLog(String msg)
   場所 com.magicsoftware.unipaas.management.gui.MgControlBase.refreshProperties(Boolean onlyRepeatableProps)
   場所 com.magicsoftware.unipaas.management.gui.MgControlBase.RefreshDisplay(Boolean onlyRepeatableProps)
   場所 com.magicsoftware.unipaas.management.gui.MgFormBase.refreshControls(Boolean repeatableOnly)
   場所 com.magicsoftware.unipaas.management.gui.MgFormBase.refreshRow(Int32 rowIdx, Boolean repeatableOnly)
   場所 com.magicsoftware.rte.gui.MgForm.DisplayRow(Int32 rowIdx, Boolean repeatableOnly, String dataCtrlPairs)
   場所 com.magicsoftware.rte.RteExecutor.DisplayRow(Int32 taskID, Int32 rowIdx, Boolean repeatableOnly, String dataCtrlPairs)
   場所 RteExecutorEndpoint.InvokeDisplayRow(Int32 taskID, Int32 rowIdx, Boolean repeatableOnly, String dataCtrlPairs)
   場所 RteExecutorBridge.DisplayRow(RteExecutorBridge* , Int32 taskID, Int32 rowIdx, Boolean repeatableOnly, UInt16* dataCtrlPairs)
   場所 CoreExecutorEndpoint.EventsLoop()
   場所 CoreExecutorGateway.EventsLoop()
   場所 com.magicsoftware.rte.RTEmanager.ExecuteWorkThread()
   場所 System.Threading.ThreadHelper.ThreadStart_Context(Object state)
   場所 System.Threading.ExecutionContext.RunInternal(ExecutionContext executionContext, ContextCallback callback, Object state, Boolean preserveSyncCtx)
   場所 System.Threading.ExecutionContext.Run(ExecutionContext executionContext, ContextCallback callback, Object state, Boolean preserveSyncCtx)
   場所 System.Threading.ExecutionContext.Run(ExecutionContext executionContext, ContextCallback callback, Object state)
   場所 System.Threading.ThreadHelper.ThreadStart(), Program: "伝票情報 表示".
 <-1> 03/06/2026 14:22:51.982     [Error  ] - [MgGui.dll] Control 'V_値引金額(標準)_0': オブジェクト参照がオブジェクト インスタンスに設定されていません。, Program: "伝票情報 表示".
 <-1> 03/06/2026 14:22:51.982     [Error  ] - [MgGui.dll] 
   場所 System.Environment.GetStackTrace(Exception e, Boolean needFileInfo)
   場所 System.Environment.get_StackTrace()
   場所 com.magicsoftware.rte.CoreExecutor.WriteExceptionToLog(Int64 contextID, String msg)
   場所 com.magicsoftware.rte.GuiEventsProcessor.WriteExceptionToLog(String message)
   場所 com.magicsoftware.unipaas.Events.WriteExceptionToLog(String msg)
   場所 com.magicsoftware.unipaas.management.gui.MgControlBase.refreshProperties(Boolean onlyRepeatableProps)
   場所 com.magicsoftware.unipaas.management.gui.MgControlBase.RefreshDisplay(Boolean onlyRepeatableProps)
   場所 com.magicsoftware.unipaas.management.gui.MgFormBase.refreshControls(Boolean repeatableOnly)
   場所 com.magicsoftware.unipaas.management.gui.MgFormBase.refreshRow(Int32 rowIdx, Boolean repeatableOnly)
   場所 com.magicsoftware.rte.gui.MgForm.DisplayRow(Int32 rowIdx, Boolean repeatableOnly, String dataCtrlPairs)
   場所 com.magicsoftware.rte.RteExecutor.DisplayRow(Int32 taskID, Int32 rowIdx, Boolean repeatableOnly, String dataCtrlPairs)
   場所 RteExecutorEndpoint.InvokeDisplayRow(Int32 taskID, Int32 rowIdx, Boolean repeatableOnly, String dataCtrlPairs)
   場所 RteExecutorBridge.DisplayRow(RteExecutorBridge* , Int32 taskID, Int32 rowIdx, Boolean repeatableOnly, UInt16* dataCtrlPairs)
   場所 CoreExecutorEndpoint.EventsLoop()
   場所 CoreExecutorGateway.EventsLoop()
   場所 com.magicsoftware.rte.RTEmanager.ExecuteWorkThread()
   場所 System.Threading.ThreadHelper.ThreadStart_Context(Object state)
   場所 System.Threading.ExecutionContext.RunInternal(ExecutionContext executionContext, ContextCallback callback, Object state, Boolean preserveSyncCtx)
   場所 System.Threading.ExecutionContext.Run(ExecutionContext executionContext, ContextCallback callback, Object state, Boolean preserveSyncCtx)
   場所 System.Threading.ExecutionContext.Run(ExecutionContext executionContext, ContextCallback callback, Object state)
   場所 System.Threading.ThreadHelper.ThreadStart(), Program: "伝票情報 表示".
 <-1> 03/06/2026 14:22:51.983     [Error  ] - [MgGui.dll] Control 'V_消費税額(標準)_0': オブジェクト参照がオブジェクト インスタンスに設定されていません。, Program: "伝票情報 表示".
 <-1> 03/06/2026 14:22:51.983     [Error  ] - [MgGui.dll] 
   場所 System.Environment.GetStackTrace(Exception e, Boolean needFileInfo)
   場所 System.Environment.get_StackTrace()
   場所 com.magicsoftware.rte.CoreExecutor.WriteExceptionToLog(Int64 contextID, String msg)
   場所 com.magicsoftware.rte.GuiEventsProcessor.WriteExceptionToLog(String message)
   場所 com.magicsoftware.unipaas.Events.WriteExceptionToLog(String msg)
   場所 com.magicsoftware.unipaas.management.gui.MgControlBase.refreshProperties(Boolean onlyRepeatableProps)
   場所 com.magicsoftware.unipaas.management.gui.MgControlBase.RefreshDisplay(Boolean onlyRepeatableProps)
   場所 com.magicsoftware.unipaas.management.gui.MgFormBase.refreshControls(Boolean repeatableOnly)
   場所 com.magicsoftware.unipaas.management.gui.MgFormBase.refreshRow(Int32 rowIdx, Boolean repeatableOnly)
   場所 com.magicsoftware.rte.gui.MgForm.DisplayRow(Int32 rowIdx, Boolean repeatableOnly, String dataCtrlPairs)
   場所 com.magicsoftware.rte.RteExecutor.DisplayRow(Int32 taskID, Int32 rowIdx, Boolean repeatableOnly, String dataCtrlPairs)
   場所 RteExecutorEndpoint.InvokeDisplayRow(Int32 taskID, Int32 rowIdx, Boolean repeatableOnly, String dataCtrlPairs)
   場所 RteExecutorBridge.DisplayRow(RteExecutorBridge* , Int32 taskID, Int32 rowIdx, Boolean repeatableOnly, UInt16* dataCtrlPairs)
   場所 CoreExecutorEndpoint.EventsLoop()
   場所 CoreExecutorGateway.EventsLoop()
   場所 com.magicsoftware.rte.RTEmanager.ExecuteWorkThread()
   場所 System.Threading.ThreadHelper.ThreadStart_Context(Object state)
   場所 System.Threading.ExecutionContext.RunInternal(ExecutionContext executionContext, ContextCallback callback, Object state, Boolean preserveSyncCtx)
   場所 System.Threading.ExecutionContext.Run(ExecutionContext executionContext, ContextCallback callback, Object state, Boolean preserveSyncCtx)
   場所 System.Threading.ExecutionContext.Run(ExecutionContext executionContext, ContextCallback callback, Object state)
   場所 System.Threading.ThreadHelper.ThreadStart(), Program: "伝票情報 表示".
 <-1> 03/06/2026 14:22:51.984     [Error  ] - [MgGui.dll] Control 'V_合計金額_0': オブジェクト参照がオブジェクト インスタンスに設定されていません。, Program: "伝票情報 表示".
 <-1> 03/06/2026 14:22:51.984     [Error  ] - [MgGui.dll] 
   場所 System.Environment.GetStackTrace(Exception e, Boolean needFileInfo)
   場所 System.Environment.get_StackTrace()
   場所 com.magicsoftware.rte.CoreExecutor.WriteExceptionToLog(Int64 contextID, String msg)
   場所 com.magicsoftware.rte.GuiEventsProcessor.WriteExceptionToLog(String message)
   場所 com.magicsoftware.unipaas.Events.WriteExceptionToLog(String msg)
   場所 com.magicsoftware.unipaas.management.gui.MgControlBase.refreshProperties(Boolean onlyRepeatableProps)
   場所 com.magicsoftware.unipaas.management.gui.MgControlBase.RefreshDisplay(Boolean onlyRepeatableProps)
   場所 com.magicsoftware.unipaas.management.gui.MgFormBase.refreshControls(Boolean repeatableOnly)
   場所 com.magicsoftware.unipaas.management.gui.MgFormBase.refreshRow(Int32 rowIdx, Boolean repeatableOnly)
   場所 com.magicsoftware.rte.gui.MgForm.DisplayRow(Int32 rowIdx, Boolean repeatableOnly, String dataCtrlPairs)
   場所 com.magicsoftware.rte.RteExecutor.DisplayRow(Int32 taskID, Int32 rowIdx, Boolean repeatableOnly, String dataCtrlPairs)
   場所 RteExecutorEndpoint.InvokeDisplayRow(Int32 taskID, Int32 rowIdx, Boolean repeatableOnly, String dataCtrlPairs)
   場所 RteExecutorBridge.DisplayRow(RteExecutorBridge* , Int32 taskID, Int32 rowIdx, Boolean repeatableOnly, UInt16* dataCtrlPairs)
   場所 CoreExecutorEndpoint.EventsLoop()
   場所 CoreExecutorGateway.EventsLoop()
   場所 com.magicsoftware.rte.RTEmanager.ExecuteWorkThread()
   場所 System.Threading.ThreadHelper.ThreadStart_Context(Object state)
   場所 System.Threading.ExecutionContext.RunInternal(ExecutionContext executionContext, ContextCallback callback, Object state, Boolean preserveSyncCtx)
   場所 System.Threading.ExecutionContext.Run(ExecutionContext executionContext, ContextCallback callback, Object state, Boolean preserveSyncCtx)
   場所 System.Threading.ExecutionContext.Run(ExecutionContext executionContext, ContextCallback callback, Object state)
   場所 System.Threading.ThreadHelper.ThreadStart(), Program: "伝票情報 表示".
 <-1> 03/06/2026 14:22:51.985     [Error  ] - [MgGui.dll] Control 'V_開始伝票NO_0': オブジェクト参照がオブジェクト インスタンスに設定されていません。, Program: "伝票情報 表示".
 <-1> 03/06/2026 14:22:51.985     [Error  ] - [MgGui.dll] 
   場所 System.Environment.GetStackTrace(Exception e, Boolean needFileInfo)
   場所 System.Environment.get_StackTrace()
   場所 com.magicsoftware.rte.CoreExecutor.WriteExceptionToLog(Int64 contextID, String msg)
   場所 com.magicsoftware.rte.GuiEventsProcessor.WriteExceptionToLog(String message)
   場所 com.magicsoftware.unipaas.Events.WriteExceptionToLog(String msg)
   場所 com.magicsoftware.unipaas.management.gui.MgControlBase.refreshProperties(Boolean onlyRepeatableProps)
   場所 com.magicsoftware.unipaas.management.gui.MgControlBase.RefreshDisplay(Boolean onlyRepeatableProps)
   場所 com.magicsoftware.unipaas.management.gui.MgFormBase.refreshControls(Boolean repeatableOnly)
   場所 com.magicsoftware.unipaas.management.gui.MgFormBase.refreshRow(Int32 rowIdx, Boolean repeatableOnly)
   場所 com.magicsoftware.rte.gui.MgForm.DisplayRow(Int32 rowIdx, Boolean repeatableOnly, String dataCtrlPairs)
   場所 com.magicsoftware.rte.RteExecutor.DisplayRow(Int32 taskID, Int32 rowIdx, Boolean repeatableOnly, String dataCtrlPairs)
   場所 RteExecutorEndpoint.InvokeDisplayRow(Int32 taskID, Int32 rowIdx, Boolean repeatableOnly, String dataCtrlPairs)
   場所 RteExecutorBridge.DisplayRow(RteExecutorBridge* , Int32 taskID, Int32 rowIdx, Boolean repeatableOnly, UInt16* dataCtrlPairs)
   場所 CoreExecutorEndpoint.EventsLoop()
   場所 CoreExecutorGateway.EventsLoop()
   場所 com.magicsoftware.rte.RTEmanager.ExecuteWorkThread()
   場所 System.Threading.ThreadHelper.ThreadStart_Context(Object state)
   場所 System.Threading.ExecutionContext.RunInternal(ExecutionContext executionContext, ContextCallback callback, Object state, Boolean preserveSyncCtx)
   場所 System.Threading.ExecutionContext.Run(ExecutionContext executionContext, ContextCallback callback, Object state, Boolean preserveSyncCtx)
   場所 System.Threading.ExecutionContext.Run(ExecutionContext executionContext, ContextCallback callback, Object state)
   場所 System.Threading.ThreadHelper.ThreadStart(), Program: "伝票情報 表示".
 <-1> 03/06/2026 14:22:51.985     [Error  ] - [MgGui.dll] Control 'V_終了伝票NO_0': オブジェクト参照がオブジェクト インスタンスに設定されていません。, Program: "伝票情報 表示".
 <-1> 03/06/2026 14:22:51.986     [Error  ] - [MgGui.dll] 
   場所 System.Environment.GetStackTrace(Exception e, Boolean needFileInfo)
   場所 System.Environment.get_StackTrace()
   場所 com.magicsoftware.rte.CoreExecutor.WriteExceptionToLog(Int64 contextID, String msg)
   場所 com.magicsoftware.rte.GuiEventsProcessor.WriteExceptionToLog(String message)
   場所 com.magicsoftware.unipaas.Events.WriteExceptionToLog(String msg)
   場所 com.magicsoftware.unipaas.management.gui.MgControlBase.refreshProperties(Boolean onlyRepeatableProps)
   場所 com.magicsoftware.unipaas.management.gui.MgControlBase.RefreshDisplay(Boolean onlyRepeatableProps)
   場所 com.magicsoftware.unipaas.management.gui.MgFormBase.refreshControls(Boolean repeatableOnly)
   場所 com.magicsoftware.unipaas.management.gui.MgFormBase.refreshRow(Int32 rowIdx, Boolean repeatableOnly)
   場所 com.magicsoftware.rte.gui.MgForm.DisplayRow(Int32 rowIdx, Boolean repeatableOnly, String dataCtrlPairs)
   場所 com.magicsoftware.rte.RteExecutor.DisplayRow(Int32 taskID, Int32 rowIdx, Boolean repeatableOnly, String dataCtrlPairs)
   場所 RteExecutorEndpoint.InvokeDisplayRow(Int32 taskID, Int32 rowIdx, Boolean repeatableOnly, String dataCtrlPairs)
   場所 RteExecutorBridge.DisplayRow(RteExecutorBridge* , Int32 taskID, Int32 rowIdx, Boolean repeatableOnly, UInt16* dataCtrlPairs)
   場所 CoreExecutorEndpoint.EventsLoop()
   場所 CoreExecutorGateway.EventsLoop()
   場所 com.magicsoftware.rte.RTEmanager.ExecuteWorkThread()
   場所 System.Threading.ThreadHelper.ThreadStart_Context(Object state)
   場所 System.Threading.ExecutionContext.RunInternal(ExecutionContext executionContext, ContextCallback callback, Object state, Boolean preserveSyncCtx)
   場所 System.Threading.ExecutionContext.Run(ExecutionContext executionContext, ContextCallback callback, Object state, Boolean preserveSyncCtx)
   場所 System.Threading.ExecutionContext.Run(ExecutionContext executionContext, ContextCallback callback, Object state)
   場所 System.Threading.ThreadHelper.ThreadStart(), Program: "伝票情報 表示".
 <-1> 03/06/2026 14:22:51.986     [Error  ] - [MgGui.dll] Control 'V_次伝票NO_0': オブジェクト参照がオブジェクト インスタンスに設定されていません。, Program: "伝票情報 表示".
 <-1> 03/06/2026 14:22:51.987     [Error  ] - [MgGui.dll] 
   場所 System.Environment.GetStackTrace(Exception e, Boolean needFileInfo)
   場所 System.Environment.get_StackTrace()
   場所 com.magicsoftware.rte.CoreExecutor.WriteExceptionToLog(Int64 contextID, String msg)
   場所 com.magicsoftware.rte.GuiEventsProcessor.WriteExceptionToLog(String message)
   場所 com.magicsoftware.unipaas.Events.WriteExceptionToLog(String msg)
   場所 com.magicsoftware.unipaas.management.gui.MgControlBase.refreshProperties(Boolean onlyRepeatableProps)
   場所 com.magicsoftware.unipaas.management.gui.MgControlBase.RefreshDisplay(Boolean onlyRepeatableProps)
   場所 com.magicsoftware.unipaas.management.gui.MgFormBase.refreshControls(Boolean repeatableOnly)
   場所 com.magicsoftware.unipaas.management.gui.MgFormBase.refreshRow(Int32 rowIdx, Boolean repeatableOnly)
   場所 com.magicsoftware.rte.gui.MgForm.DisplayRow(Int32 rowIdx, Boolean repeatableOnly, String dataCtrlPairs)
   場所 com.magicsoftware.rte.RteExecutor.DisplayRow(Int32 taskID, Int32 rowIdx, Boolean repeatableOnly, String dataCtrlPairs)
   場所 RteExecutorEndpoint.InvokeDisplayRow(Int32 taskID, Int32 rowIdx, Boolean repeatableOnly, String dataCtrlPairs)
   場所 RteExecutorBridge.DisplayRow(RteExecutorBridge* , Int32 taskID, Int32 rowIdx, Boolean repeatableOnly, UInt16* dataCtrlPairs)
   場所 CoreExecutorEndpoint.EventsLoop()
   場所 CoreExecutorGateway.EventsLoop()
   場所 com.magicsoftware.rte.RTEmanager.ExecuteWorkThread()
   場所 System.Threading.ThreadHelper.ThreadStart_Context(Object state)
   場所 System.Threading.ExecutionContext.RunInternal(ExecutionContext executionContext, ContextCallback callback, Object state, Boolean preserveSyncCtx)
   場所 System.Threading.ExecutionContext.Run(ExecutionContext executionContext, ContextCallback callback, Object state, Boolean preserveSyncCtx)
   場所 System.Threading.ExecutionContext.Run(ExecutionContext executionContext, ContextCallback callback, Object state)
   場所 System.Threading.ThreadHelper.ThreadStart(), Program: "伝票情報 表示".
 <-1> 03/06/2026 14:23:23.617     [Error  ] - [MgGui.dll] in Control.fillData(): missing datatype or picture string for control: V_仕入金額(軽減), Program: "伝票情報 表示".
 <-1> 03/06/2026 14:23:23.618     [Error  ] - [MgGui.dll] 
   場所 System.Environment.GetStackTrace(Exception e, Boolean needFileInfo)
   場所 System.Environment.get_StackTrace()
   場所 com.magicsoftware.rte.CoreExecutor.WriteExceptionToLog(Int64 contextID, String msg)
   場所 com.magicsoftware.rte.GuiEventsProcessor.WriteExceptionToLog(String message)
   場所 com.magicsoftware.unipaas.Events.WriteExceptionToLog(String msg)
   場所 com.magicsoftware.unipaas.management.gui.MgControlBase.fillData(MgFormBase mgForm, Int32 ditIdx)
   場所 com.magicsoftware.unipaas.management.gui.ControlTable.initInnerObjects(String foundTagName)
   場所 com.magicsoftware.unipaas.management.gui.ControlTable.fillData(MgFormBase mgForm)
   場所 com.magicsoftware.unipaas.management.gui.MgFormBase.initInnerObjects(String foundTagName)
   場所 com.magicsoftware.unipaas.management.gui.MgFormBase.fillData(TaskBase taskRef)
   場所 com.magicsoftware.rte.gui.MgForm.fillData(TaskBase taskRef)
   場所 com.magicsoftware.unipaas.management.tasks.TaskBase.FormInitData(MgFormBase parentForm)
   場所 com.magicsoftware.unipaas.management.tasks.TaskBase.initInnerObjects(String foundTagName, MgFormBase parentForm)
   場所 com.magicsoftware.rte.tasks.Task.FillData(MgFormBase parentFrom)
   場所 com.magicsoftware.rte.tasks.TasksManager.InitInnerObjects(String currTagName, Int64 contextID, MgFormBase parentForm, Task& task)
   場所 com.magicsoftware.rte.tasks.TasksManager.fillData(Int64 contextID, String xmlData, MgFormBase parentForm)
   場所 com.magicsoftware.rte.RteExecutor.OpenTask(Double contextID, String xmlData, Int32 parentFormTskID, Int32 triggeringParentTaskID)
   場所 RteExecutorEndpoint.OpenTask(Double contextID, String content, Int32 parentTskID, Int32 triggeringTaskID)
   場所 RteExecutorBridge.OpenTask(RteExecutorBridge* , Double contextID, UInt16* content, Int32 parentFormTskID, Int32 triggeringTaskID)
   場所 CoreExecutorEndpoint.EventsLoop()
   場所 CoreExecutorGateway.EventsLoop()
   場所 com.magicsoftware.rte.RTEmanager.ExecuteWorkThread()
   場所 System.Threading.ThreadHelper.ThreadStart_Context(Object state)
   場所 System.Threading.ExecutionContext.RunInternal(ExecutionContext executionContext, ContextCallback callback, Object state, Boolean preserveSyncCtx)
   場所 System.Threading.ExecutionContext.Run(ExecutionContext executionContext, ContextCallback callback, Object state, Boolean preserveSyncCtx)
   場所 System.Threading.ExecutionContext.Run(ExecutionContext executionContext, ContextCallback callback, Object state)
   場所 System.Threading.ThreadHelper.ThreadStart(), Program: "伝票情報 表示".
 <-1> 03/06/2026 14:23:23.619     [Error  ] - [MgGui.dll] in Control.fillData(): missing datatype or picture string for control: V_返品金額(軽減), Program: "伝票情報 表示".
 <-1> 03/06/2026 14:23:23.620     [Error  ] - [MgGui.dll] 
   場所 System.Environment.GetStackTrace(Exception e, Boolean needFileInfo)
   場所 System.Environment.get_StackTrace()
   場所 com.magicsoftware.rte.CoreExecutor.WriteExceptionToLog(Int64 contextID, String msg)
   場所 com.magicsoftware.rte.GuiEventsProcessor.WriteExceptionToLog(String message)
   場所 com.magicsoftware.unipaas.Events.WriteExceptionToLog(String msg)
   場所 com.magicsoftware.unipaas.management.gui.MgControlBase.fillData(MgFormBase mgForm, Int32 ditIdx)
   場所 com.magicsoftware.unipaas.management.gui.ControlTable.initInnerObjects(String foundTagName)
   場所 com.magicsoftware.unipaas.management.gui.ControlTable.fillData(MgFormBase mgForm)
   場所 com.magicsoftware.unipaas.management.gui.MgFormBase.initInnerObjects(String foundTagName)
   場所 com.magicsoftware.unipaas.management.gui.MgFormBase.fillData(TaskBase taskRef)
   場所 com.magicsoftware.rte.gui.MgForm.fillData(TaskBase taskRef)
   場所 com.magicsoftware.unipaas.management.tasks.TaskBase.FormInitData(MgFormBase parentForm)
   場所 com.magicsoftware.unipaas.management.tasks.TaskBase.initInnerObjects(String foundTagName, MgFormBase parentForm)
   場所 com.magicsoftware.rte.tasks.Task.FillData(MgFormBase parentFrom)
   場所 com.magicsoftware.rte.tasks.TasksManager.InitInnerObjects(String currTagName, Int64 contextID, MgFormBase parentForm, Task& task)
   場所 com.magicsoftware.rte.tasks.TasksManager.fillData(Int64 contextID, String xmlData, MgFormBase parentForm)
   場所 com.magicsoftware.rte.RteExecutor.OpenTask(Double contextID, String xmlData, Int32 parentFormTskID, Int32 triggeringParentTaskID)
   場所 RteExecutorEndpoint.OpenTask(Double contextID, String content, Int32 parentTskID, Int32 triggeringTaskID)
   場所 RteExecutorBridge.OpenTask(RteExecutorBridge* , Double contextID, UInt16* content, Int32 parentFormTskID, Int32 triggeringTaskID)
   場所 CoreExecutorEndpoint.EventsLoop()
   場所 CoreExecutorGateway.EventsLoop()
   場所 com.magicsoftware.rte.RTEmanager.ExecuteWorkThread()
   場所 System.Threading.ThreadHelper.ThreadStart_Context(Object state)
   場所 System.Threading.ExecutionContext.RunInternal(ExecutionContext executionContext, ContextCallback callback, Object state, Boolean preserveSyncCtx)
   場所 System.Threading.ExecutionContext.Run(ExecutionContext executionContext, ContextCallback callback, Object state, Boolean preserveSyncCtx)
   場所 System.Threading.ExecutionContext.Run(ExecutionContext executionContext, ContextCallback callback, Object state)
   場所 System.Threading.ThreadHelper.ThreadStart(), Program: "伝票情報 表示".
 <-1> 03/06/2026 14:23:23.621     [Error  ] - [MgGui.dll] in Control.fillData(): missing datatype or picture string for control: V_値引金額(軽減), Program: "伝票情報 表示".
 <-1> 03/06/2026 14:23:23.621     [Error  ] - [MgGui.dll] 
   場所 System.Environment.GetStackTrace(Exception e, Boolean needFileInfo)
   場所 System.Environment.get_StackTrace()
   場所 com.magicsoftware.rte.CoreExecutor.WriteExceptionToLog(Int64 contextID, String msg)
   場所 com.magicsoftware.rte.GuiEventsProcessor.WriteExceptionToLog(String message)
   場所 com.magicsoftware.unipaas.Events.WriteExceptionToLog(String msg)
   場所 com.magicsoftware.unipaas.management.gui.MgControlBase.fillData(MgFormBase mgForm, Int32 ditIdx)
   場所 com.magicsoftware.unipaas.management.gui.ControlTable.initInnerObjects(String foundTagName)
   場所 com.magicsoftware.unipaas.management.gui.ControlTable.fillData(MgFormBase mgForm)
   場所 com.magicsoftware.unipaas.management.gui.MgFormBase.initInnerObjects(String foundTagName)
   場所 com.magicsoftware.unipaas.management.gui.MgFormBase.fillData(TaskBase taskRef)
   場所 com.magicsoftware.rte.gui.MgForm.fillData(TaskBase taskRef)
   場所 com.magicsoftware.unipaas.management.tasks.TaskBase.FormInitData(MgFormBase parentForm)
   場所 com.magicsoftware.unipaas.management.tasks.TaskBase.initInnerObjects(String foundTagName, MgFormBase parentForm)
   場所 com.magicsoftware.rte.tasks.Task.FillData(MgFormBase parentFrom)
   場所 com.magicsoftware.rte.tasks.TasksManager.InitInnerObjects(String currTagName, Int64 contextID, MgFormBase parentForm, Task& task)
   場所 com.magicsoftware.rte.tasks.TasksManager.fillData(Int64 contextID, String xmlData, MgFormBase parentForm)
   場所 com.magicsoftware.rte.RteExecutor.OpenTask(Double contextID, String xmlData, Int32 parentFormTskID, Int32 triggeringParentTaskID)
   場所 RteExecutorEndpoint.OpenTask(Double contextID, String content, Int32 parentTskID, Int32 triggeringTaskID)
   場所 RteExecutorBridge.OpenTask(RteExecutorBridge* , Double contextID, UInt16* content, Int32 parentFormTskID, Int32 triggeringTaskID)
   場所 CoreExecutorEndpoint.EventsLoop()
   場所 CoreExecutorGateway.EventsLoop()
   場所 com.magicsoftware.rte.RTEmanager.ExecuteWorkThread()
   場所 System.Threading.ThreadHelper.ThreadStart_Context(Object state)
   場所 System.Threading.ExecutionContext.RunInternal(ExecutionContext executionContext, ContextCallback callback, Object state, Boolean preserveSyncCtx)
   場所 System.Threading.ExecutionContext.Run(ExecutionContext executionContext, ContextCallback callback, Object state, Boolean preserveSyncCtx)
   場所 System.Threading.ExecutionContext.Run(ExecutionContext executionContext, ContextCallback callback, Object state)
   場所 System.Threading.ThreadHelper.ThreadStart(), Program: "伝票情報 表示".
 <-1> 03/06/2026 14:23:23.622     [Error  ] - [MgGui.dll] in Control.fillData(): missing datatype or picture string for control: V_消費税額(軽減), Program: "伝票情報 表示".
 <-1> 03/06/2026 14:23:23.623     [Error  ] - [MgGui.dll] 
   場所 System.Environment.GetStackTrace(Exception e, Boolean needFileInfo)
   場所 System.Environment.get_StackTrace()
   場所 com.magicsoftware.rte.CoreExecutor.WriteExceptionToLog(Int64 contextID, String msg)
   場所 com.magicsoftware.rte.GuiEventsProcessor.WriteExceptionToLog(String message)
   場所 com.magicsoftware.unipaas.Events.WriteExceptionToLog(String msg)
   場所 com.magicsoftware.unipaas.management.gui.MgControlBase.fillData(MgFormBase mgForm, Int32 ditIdx)
   場所 com.magicsoftware.unipaas.management.gui.ControlTable.initInnerObjects(String foundTagName)
   場所 com.magicsoftware.unipaas.management.gui.ControlTable.fillData(MgFormBase mgForm)
   場所 com.magicsoftware.unipaas.management.gui.MgFormBase.initInnerObjects(String foundTagName)
   場所 com.magicsoftware.unipaas.management.gui.MgFormBase.fillData(TaskBase taskRef)
   場所 com.magicsoftware.rte.gui.MgForm.fillData(TaskBase taskRef)
   場所 com.magicsoftware.unipaas.management.tasks.TaskBase.FormInitData(MgFormBase parentForm)
   場所 com.magicsoftware.unipaas.management.tasks.TaskBase.initInnerObjects(String foundTagName, MgFormBase parentForm)
   場所 com.magicsoftware.rte.tasks.Task.FillData(MgFormBase parentFrom)
   場所 com.magicsoftware.rte.tasks.TasksManager.InitInnerObjects(String currTagName, Int64 contextID, MgFormBase parentForm, Task& task)
   場所 com.magicsoftware.rte.tasks.TasksManager.fillData(Int64 contextID, String xmlData, MgFormBase parentForm)
   場所 com.magicsoftware.rte.RteExecutor.OpenTask(Double contextID, String xmlData, Int32 parentFormTskID, Int32 triggeringParentTaskID)
   場所 RteExecutorEndpoint.OpenTask(Double contextID, String content, Int32 parentTskID, Int32 triggeringTaskID)
   場所 RteExecutorBridge.OpenTask(RteExecutorBridge* , Double contextID, UInt16* content, Int32 parentFormTskID, Int32 triggeringTaskID)
   場所 CoreExecutorEndpoint.EventsLoop()
   場所 CoreExecutorGateway.EventsLoop()
   場所 com.magicsoftware.rte.RTEmanager.ExecuteWorkThread()
   場所 System.Threading.ThreadHelper.ThreadStart_Context(Object state)
   場所 System.Threading.ExecutionContext.RunInternal(ExecutionContext executionContext, ContextCallback callback, Object state, Boolean preserveSyncCtx)
   場所 System.Threading.ExecutionContext.Run(ExecutionContext executionContext, ContextCallback callback, Object state, Boolean preserveSyncCtx)
   場所 System.Threading.ExecutionContext.Run(ExecutionContext executionContext, ContextCallback callback, Object state)
   場所 System.Threading.ThreadHelper.ThreadStart(), Program: "伝票情報 表示".
 <-1> 03/06/2026 14:23:23.623     [Error  ] - [MgGui.dll] in Control.fillData(): missing datatype or picture string for control: V_仕入金額(標準), Program: "伝票情報 表示".
 <-1> 03/06/2026 14:23:23.624     [Error  ] - [MgGui.dll] 
   場所 System.Environment.GetStackTrace(Exception e, Boolean needFileInfo)
   場所 System.Environment.get_StackTrace()
   場所 com.magicsoftware.rte.CoreExecutor.WriteExceptionToLog(Int64 contextID, String msg)
   場所 com.magicsoftware.rte.GuiEventsProcessor.WriteExceptionToLog(String message)
   場所 com.magicsoftware.unipaas.Events.WriteExceptionToLog(String msg)
   場所 com.magicsoftware.unipaas.management.gui.MgControlBase.fillData(MgFormBase mgForm, Int32 ditIdx)
   場所 com.magicsoftware.unipaas.management.gui.ControlTable.initInnerObjects(String foundTagName)
   場所 com.magicsoftware.unipaas.management.gui.ControlTable.fillData(MgFormBase mgForm)
   場所 com.magicsoftware.unipaas.management.gui.MgFormBase.initInnerObjects(String foundTagName)
   場所 com.magicsoftware.unipaas.management.gui.MgFormBase.fillData(TaskBase taskRef)
   場所 com.magicsoftware.rte.gui.MgForm.fillData(TaskBase taskRef)
   場所 com.magicsoftware.unipaas.management.tasks.TaskBase.FormInitData(MgFormBase parentForm)
   場所 com.magicsoftware.unipaas.management.tasks.TaskBase.initInnerObjects(String foundTagName, MgFormBase parentForm)
   場所 com.magicsoftware.rte.tasks.Task.FillData(MgFormBase parentFrom)
   場所 com.magicsoftware.rte.tasks.TasksManager.InitInnerObjects(String currTagName, Int64 contextID, MgFormBase parentForm, Task& task)
   場所 com.magicsoftware.rte.tasks.TasksManager.fillData(Int64 contextID, String xmlData, MgFormBase parentForm)
   場所 com.magicsoftware.rte.RteExecutor.OpenTask(Double contextID, String xmlData, Int32 parentFormTskID, Int32 triggeringParentTaskID)
   場所 RteExecutorEndpoint.OpenTask(Double contextID, String content, Int32 parentTskID, Int32 triggeringTaskID)
   場所 RteExecutorBridge.OpenTask(RteExecutorBridge* , Double contextID, UInt16* content, Int32 parentFormTskID, Int32 triggeringTaskID)
   場所 CoreExecutorEndpoint.EventsLoop()
   場所 CoreExecutorGateway.EventsLoop()
   場所 com.magicsoftware.rte.RTEmanager.ExecuteWorkThread()
   場所 System.Threading.ThreadHelper.ThreadStart_Context(Object state)
   場所 System.Threading.ExecutionContext.RunInternal(ExecutionContext executionContext, ContextCallback callback, Object state, Boolean preserveSyncCtx)
   場所 System.Threading.ExecutionContext.Run(ExecutionContext executionContext, ContextCallback callback, Object state, Boolean preserveSyncCtx)
   場所 System.Threading.ExecutionContext.Run(ExecutionContext executionContext, ContextCallback callback, Object state)
   場所 System.Threading.ThreadHelper.ThreadStart(), Program: "伝票情報 表示".
 <-1> 03/06/2026 14:23:23.624     [Error  ] - [MgGui.dll] in Control.fillData(): missing datatype or picture string for control: V_返品金額(標準), Program: "伝票情報 表示".
 <-1> 03/06/2026 14:23:23.624     [Error  ] - [MgGui.dll] 
   場所 System.Environment.GetStackTrace(Exception e, Boolean needFileInfo)
   場所 System.Environment.get_StackTrace()
   場所 com.magicsoftware.rte.CoreExecutor.WriteExceptionToLog(Int64 contextID, String msg)
   場所 com.magicsoftware.rte.GuiEventsProcessor.WriteExceptionToLog(String message)
   場所 com.magicsoftware.unipaas.Events.WriteExceptionToLog(String msg)
   場所 com.magicsoftware.unipaas.management.gui.MgControlBase.fillData(MgFormBase mgForm, Int32 ditIdx)
   場所 com.magicsoftware.unipaas.management.gui.ControlTable.initInnerObjects(String foundTagName)
   場所 com.magicsoftware.unipaas.management.gui.ControlTable.fillData(MgFormBase mgForm)
   場所 com.magicsoftware.unipaas.management.gui.MgFormBase.initInnerObjects(String foundTagName)
   場所 com.magicsoftware.unipaas.management.gui.MgFormBase.fillData(TaskBase taskRef)
   場所 com.magicsoftware.rte.gui.MgForm.fillData(TaskBase taskRef)
   場所 com.magicsoftware.unipaas.management.tasks.TaskBase.FormInitData(MgFormBase parentForm)
   場所 com.magicsoftware.unipaas.management.tasks.TaskBase.initInnerObjects(String foundTagName, MgFormBase parentForm)
   場所 com.magicsoftware.rte.tasks.Task.FillData(MgFormBase parentFrom)
   場所 com.magicsoftware.rte.tasks.TasksManager.InitInnerObjects(String currTagName, Int64 contextID, MgFormBase parentForm, Task& task)
   場所 com.magicsoftware.rte.tasks.TasksManager.fillData(Int64 contextID, String xmlData, MgFormBase parentForm)
   場所 com.magicsoftware.rte.RteExecutor.OpenTask(Double contextID, String xmlData, Int32 parentFormTskID, Int32 triggeringParentTaskID)
   場所 RteExecutorEndpoint.OpenTask(Double contextID, String content, Int32 parentTskID, Int32 triggeringTaskID)
   場所 RteExecutorBridge.OpenTask(RteExecutorBridge* , Double contextID, UInt16* content, Int32 parentFormTskID, Int32 triggeringTaskID)
   場所 CoreExecutorEndpoint.EventsLoop()
   場所 CoreExecutorGateway.EventsLoop()
   場所 com.magicsoftware.rte.RTEmanager.ExecuteWorkThread()
   場所 System.Threading.ThreadHelper.ThreadStart_Context(Object state)
   場所 System.Threading.ExecutionContext.RunInternal(ExecutionContext executionContext, ContextCallback callback, Object state, Boolean preserveSyncCtx)
   場所 System.Threading.ExecutionContext.Run(ExecutionContext executionContext, ContextCallback callback, Object state, Boolean preserveSyncCtx)
   場所 System.Threading.ExecutionContext.Run(ExecutionContext executionContext, ContextCallback callback, Object state)
   場所 System.Threading.ThreadHelper.ThreadStart(), Program: "伝票情報 表示".
 <-1> 03/06/2026 14:23:23.625     [Error  ] - [MgGui.dll] in Control.fillData(): missing datatype or picture string for control: V_値引金額(標準), Program: "伝票情報 表示".
 <-1> 03/06/2026 14:23:23.625     [Error  ] - [MgGui.dll] 
   場所 System.Environment.GetStackTrace(Exception e, Boolean needFileInfo)
   場所 System.Environment.get_StackTrace()
   場所 com.magicsoftware.rte.CoreExecutor.WriteExceptionToLog(Int64 contextID, String msg)
   場所 com.magicsoftware.rte.GuiEventsProcessor.WriteExceptionToLog(String message)
   場所 com.magicsoftware.unipaas.Events.WriteExceptionToLog(String msg)
   場所 com.magicsoftware.unipaas.management.gui.MgControlBase.fillData(MgFormBase mgForm, Int32 ditIdx)
   場所 com.magicsoftware.unipaas.management.gui.ControlTable.initInnerObjects(String foundTagName)
   場所 com.magicsoftware.unipaas.management.gui.ControlTable.fillData(MgFormBase mgForm)
   場所 com.magicsoftware.unipaas.management.gui.MgFormBase.initInnerObjects(String foundTagName)
   場所 com.magicsoftware.unipaas.management.gui.MgFormBase.fillData(TaskBase taskRef)
   場所 com.magicsoftware.rte.gui.MgForm.fillData(TaskBase taskRef)
   場所 com.magicsoftware.unipaas.management.tasks.TaskBase.FormInitData(MgFormBase parentForm)
   場所 com.magicsoftware.unipaas.management.tasks.TaskBase.initInnerObjects(String foundTagName, MgFormBase parentForm)
   場所 com.magicsoftware.rte.tasks.Task.FillData(MgFormBase parentFrom)
   場所 com.magicsoftware.rte.tasks.TasksManager.InitInnerObjects(String currTagName, Int64 contextID, MgFormBase parentForm, Task& task)
   場所 com.magicsoftware.rte.tasks.TasksManager.fillData(Int64 contextID, String xmlData, MgFormBase parentForm)
   場所 com.magicsoftware.rte.RteExecutor.OpenTask(Double contextID, String xmlData, Int32 parentFormTskID, Int32 triggeringParentTaskID)
   場所 RteExecutorEndpoint.OpenTask(Double contextID, String content, Int32 parentTskID, Int32 triggeringTaskID)
   場所 RteExecutorBridge.OpenTask(RteExecutorBridge* , Double contextID, UInt16* content, Int32 parentFormTskID, Int32 triggeringTaskID)
   場所 CoreExecutorEndpoint.EventsLoop()
   場所 CoreExecutorGateway.EventsLoop()
   場所 com.magicsoftware.rte.RTEmanager.ExecuteWorkThread()
   場所 System.Threading.ThreadHelper.ThreadStart_Context(Object state)
   場所 System.Threading.ExecutionContext.RunInternal(ExecutionContext executionContext, ContextCallback callback, Object state, Boolean preserveSyncCtx)
   場所 System.Threading.ExecutionContext.Run(ExecutionContext executionContext, ContextCallback callback, Object state, Boolean preserveSyncCtx)
   場所 System.Threading.ExecutionContext.Run(ExecutionContext executionContext, ContextCallback callback, Object state)
   場所 System.Threading.ThreadHelper.ThreadStart(), Program: "伝票情報 表示".
 <-1> 03/06/2026 14:23:23.625     [Error  ] - [MgGui.dll] in Control.fillData(): missing datatype or picture string for control: V_消費税額(標準), Program: "伝票情報 表示".
 <-1> 03/06/2026 14:23:23.626     [Error  ] - [MgGui.dll] 
   場所 System.Environment.GetStackTrace(Exception e, Boolean needFileInfo)
   場所 System.Environment.get_StackTrace()
   場所 com.magicsoftware.rte.CoreExecutor.WriteExceptionToLog(Int64 contextID, String msg)
   場所 com.magicsoftware.rte.GuiEventsProcessor.WriteExceptionToLog(String message)
   場所 com.magicsoftware.unipaas.Events.WriteExceptionToLog(String msg)
   場所 com.magicsoftware.unipaas.management.gui.MgControlBase.fillData(MgFormBase mgForm, Int32 ditIdx)
   場所 com.magicsoftware.unipaas.management.gui.ControlTable.initInnerObjects(String foundTagName)
   場所 com.magicsoftware.unipaas.management.gui.ControlTable.fillData(MgFormBase mgForm)
   場所 com.magicsoftware.unipaas.management.gui.MgFormBase.initInnerObjects(String foundTagName)
   場所 com.magicsoftware.unipaas.management.gui.MgFormBase.fillData(TaskBase taskRef)
   場所 com.magicsoftware.rte.gui.MgForm.fillData(TaskBase taskRef)
   場所 com.magicsoftware.unipaas.management.tasks.TaskBase.FormInitData(MgFormBase parentForm)
   場所 com.magicsoftware.unipaas.management.tasks.TaskBase.initInnerObjects(String foundTagName, MgFormBase parentForm)
   場所 com.magicsoftware.rte.tasks.Task.FillData(MgFormBase parentFrom)
   場所 com.magicsoftware.rte.tasks.TasksManager.InitInnerObjects(String currTagName, Int64 contextID, MgFormBase parentForm, Task& task)
   場所 com.magicsoftware.rte.tasks.TasksManager.fillData(Int64 contextID, String xmlData, MgFormBase parentForm)
   場所 com.magicsoftware.rte.RteExecutor.OpenTask(Double contextID, String xmlData, Int32 parentFormTskID, Int32 triggeringParentTaskID)
   場所 RteExecutorEndpoint.OpenTask(Double contextID, String content, Int32 parentTskID, Int32 triggeringTaskID)
   場所 RteExecutorBridge.OpenTask(RteExecutorBridge* , Double contextID, UInt16* content, Int32 parentFormTskID, Int32 triggeringTaskID)
   場所 CoreExecutorEndpoint.EventsLoop()
   場所 CoreExecutorGateway.EventsLoop()
   場所 com.magicsoftware.rte.RTEmanager.ExecuteWorkThread()
   場所 System.Threading.ThreadHelper.ThreadStart_Context(Object state)
   場所 System.Threading.ExecutionContext.RunInternal(ExecutionContext executionContext, ContextCallback callback, Object state, Boolean preserveSyncCtx)
   場所 System.Threading.ExecutionContext.Run(ExecutionContext executionContext, ContextCallback callback, Object state, Boolean preserveSyncCtx)
   場所 System.Threading.ExecutionContext.Run(ExecutionContext executionContext, ContextCallback callback, Object state)
   場所 System.Threading.ThreadHelper.ThreadStart(), Program: "伝票情報 表示".
 <-1> 03/06/2026 14:23:23.626     [Error  ] - [MgGui.dll] in Control.fillData(): missing datatype or picture string for control: V_合計金額, Program: "伝票情報 表示".
 <-1> 03/06/2026 14:23:23.626     [Error  ] - [MgGui.dll] 
   場所 System.Environment.GetStackTrace(Exception e, Boolean needFileInfo)
   場所 System.Environment.get_StackTrace()
   場所 com.magicsoftware.rte.CoreExecutor.WriteExceptionToLog(Int64 contextID, String msg)
   場所 com.magicsoftware.rte.GuiEventsProcessor.WriteExceptionToLog(String message)
   場所 com.magicsoftware.unipaas.Events.WriteExceptionToLog(String msg)
   場所 com.magicsoftware.unipaas.management.gui.MgControlBase.fillData(MgFormBase mgForm, Int32 ditIdx)
   場所 com.magicsoftware.unipaas.management.gui.ControlTable.initInnerObjects(String foundTagName)
   場所 com.magicsoftware.unipaas.management.gui.ControlTable.fillData(MgFormBase mgForm)
   場所 com.magicsoftware.unipaas.management.gui.MgFormBase.initInnerObjects(String foundTagName)
   場所 com.magicsoftware.unipaas.management.gui.MgFormBase.fillData(TaskBase taskRef)
   場所 com.magicsoftware.rte.gui.MgForm.fillData(TaskBase taskRef)
   場所 com.magicsoftware.unipaas.management.tasks.TaskBase.FormInitData(MgFormBase parentForm)
   場所 com.magicsoftware.unipaas.management.tasks.TaskBase.initInnerObjects(String foundTagName, MgFormBase parentForm)
   場所 com.magicsoftware.rte.tasks.Task.FillData(MgFormBase parentFrom)
   場所 com.magicsoftware.rte.tasks.TasksManager.InitInnerObjects(String currTagName, Int64 contextID, MgFormBase parentForm, Task& task)
   場所 com.magicsoftware.rte.tasks.TasksManager.fillData(Int64 contextID, String xmlData, MgFormBase parentForm)
   場所 com.magicsoftware.rte.RteExecutor.OpenTask(Double contextID, String xmlData, Int32 parentFormTskID, Int32 triggeringParentTaskID)
   場所 RteExecutorEndpoint.OpenTask(Double contextID, String content, Int32 parentTskID, Int32 triggeringTaskID)
   場所 RteExecutorBridge.OpenTask(RteExecutorBridge* , Double contextID, UInt16* content, Int32 parentFormTskID, Int32 triggeringTaskID)
   場所 CoreExecutorEndpoint.EventsLoop()
   場所 CoreExecutorGateway.EventsLoop()
   場所 com.magicsoftware.rte.RTEmanager.ExecuteWorkThread()
   場所 System.Threading.ThreadHelper.ThreadStart_Context(Object state)
   場所 System.Threading.ExecutionContext.RunInternal(ExecutionContext executionContext, ContextCallback callback, Object state, Boolean preserveSyncCtx)
   場所 System.Threading.ExecutionContext.Run(ExecutionContext executionContext, ContextCallback callback, Object state, Boolean preserveSyncCtx)
   場所 System.Threading.ExecutionContext.Run(ExecutionContext executionContext, ContextCallback callback, Object state)
   場所 System.Threading.ThreadHelper.ThreadStart(), Program: "伝票情報 表示".
 <-1> 03/06/2026 14:23:23.626     [Error  ] - [MgGui.dll] in Control.fillData(): missing datatype or picture string for control: V_開始伝票NO, Program: "伝票情報 表示".
 <-1> 03/06/2026 14:23:23.627     [Error  ] - [MgGui.dll] 
   場所 System.Environment.GetStackTrace(Exception e, Boolean needFileInfo)
   場所 System.Environment.get_StackTrace()
   場所 com.magicsoftware.rte.CoreExecutor.WriteExceptionToLog(Int64 contextID, String msg)
   場所 com.magicsoftware.rte.GuiEventsProcessor.WriteExceptionToLog(String message)
   場所 com.magicsoftware.unipaas.Events.WriteExceptionToLog(String msg)
   場所 com.magicsoftware.unipaas.management.gui.MgControlBase.fillData(MgFormBase mgForm, Int32 ditIdx)
   場所 com.magicsoftware.unipaas.management.gui.ControlTable.initInnerObjects(String foundTagName)
   場所 com.magicsoftware.unipaas.management.gui.ControlTable.fillData(MgFormBase mgForm)
   場所 com.magicsoftware.unipaas.management.gui.MgFormBase.initInnerObjects(String foundTagName)
   場所 com.magicsoftware.unipaas.management.gui.MgFormBase.fillData(TaskBase taskRef)
   場所 com.magicsoftware.rte.gui.MgForm.fillData(TaskBase taskRef)
   場所 com.magicsoftware.unipaas.management.tasks.TaskBase.FormInitData(MgFormBase parentForm)
   場所 com.magicsoftware.unipaas.management.tasks.TaskBase.initInnerObjects(String foundTagName, MgFormBase parentForm)
   場所 com.magicsoftware.rte.tasks.Task.FillData(MgFormBase parentFrom)
   場所 com.magicsoftware.rte.tasks.TasksManager.InitInnerObjects(String currTagName, Int64 contextID, MgFormBase parentForm, Task& task)
   場所 com.magicsoftware.rte.tasks.TasksManager.fillData(Int64 contextID, String xmlData, MgFormBase parentForm)
   場所 com.magicsoftware.rte.RteExecutor.OpenTask(Double contextID, String xmlData, Int32 parentFormTskID, Int32 triggeringParentTaskID)
   場所 RteExecutorEndpoint.OpenTask(Double contextID, String content, Int32 parentTskID, Int32 triggeringTaskID)
   場所 RteExecutorBridge.OpenTask(RteExecutorBridge* , Double contextID, UInt16* content, Int32 parentFormTskID, Int32 triggeringTaskID)
   場所 CoreExecutorEndpoint.EventsLoop()
   場所 CoreExecutorGateway.EventsLoop()
   場所 com.magicsoftware.rte.RTEmanager.ExecuteWorkThread()
   場所 System.Threading.ThreadHelper.ThreadStart_Context(Object state)
   場所 System.Threading.ExecutionContext.RunInternal(ExecutionContext executionContext, ContextCallback callback, Object state, Boolean preserveSyncCtx)
   場所 System.Threading.ExecutionContext.Run(ExecutionContext executionContext, ContextCallback callback, Object state, Boolean preserveSyncCtx)
   場所 System.Threading.ExecutionContext.Run(ExecutionContext executionContext, ContextCallback callback, Object state)
   場所 System.Threading.ThreadHelper.ThreadStart(), Program: "伝票情報 表示".
 <-1> 03/06/2026 14:23:23.627     [Error  ] - [MgGui.dll] in Control.fillData(): missing datatype or picture string for control: V_終了伝票NO, Program: "伝票情報 表示".
 <-1> 03/06/2026 14:23:23.628     [Error  ] - [MgGui.dll] 
   場所 System.Environment.GetStackTrace(Exception e, Boolean needFileInfo)
   場所 System.Environment.get_StackTrace()
   場所 com.magicsoftware.rte.CoreExecutor.WriteExceptionToLog(Int64 contextID, String msg)
   場所 com.magicsoftware.rte.GuiEventsProcessor.WriteExceptionToLog(String message)
   場所 com.magicsoftware.unipaas.Events.WriteExceptionToLog(String msg)
   場所 com.magicsoftware.unipaas.management.gui.MgControlBase.fillData(MgFormBase mgForm, Int32 ditIdx)
   場所 com.magicsoftware.unipaas.management.gui.ControlTable.initInnerObjects(String foundTagName)
   場所 com.magicsoftware.unipaas.management.gui.ControlTable.fillData(MgFormBase mgForm)
   場所 com.magicsoftware.unipaas.management.gui.MgFormBase.initInnerObjects(String foundTagName)
   場所 com.magicsoftware.unipaas.management.gui.MgFormBase.fillData(TaskBase taskRef)
   場所 com.magicsoftware.rte.gui.MgForm.fillData(TaskBase taskRef)
   場所 com.magicsoftware.unipaas.management.tasks.TaskBase.FormInitData(MgFormBase parentForm)
   場所 com.magicsoftware.unipaas.management.tasks.TaskBase.initInnerObjects(String foundTagName, MgFormBase parentForm)
   場所 com.magicsoftware.rte.tasks.Task.FillData(MgFormBase parentFrom)
   場所 com.magicsoftware.rte.tasks.TasksManager.InitInnerObjects(String currTagName, Int64 contextID, MgFormBase parentForm, Task& task)
   場所 com.magicsoftware.rte.tasks.TasksManager.fillData(Int64 contextID, String xmlData, MgFormBase parentForm)
   場所 com.magicsoftware.rte.RteExecutor.OpenTask(Double contextID, String xmlData, Int32 parentFormTskID, Int32 triggeringParentTaskID)
   場所 RteExecutorEndpoint.OpenTask(Double contextID, String content, Int32 parentTskID, Int32 triggeringTaskID)
   場所 RteExecutorBridge.OpenTask(RteExecutorBridge* , Double contextID, UInt16* content, Int32 parentFormTskID, Int32 triggeringTaskID)
   場所 CoreExecutorEndpoint.EventsLoop()
   場所 CoreExecutorGateway.EventsLoop()
   場所 com.magicsoftware.rte.RTEmanager.ExecuteWorkThread()
   場所 System.Threading.ThreadHelper.ThreadStart_Context(Object state)
   場所 System.Threading.ExecutionContext.RunInternal(ExecutionContext executionContext, ContextCallback callback, Object state, Boolean preserveSyncCtx)
   場所 System.Threading.ExecutionContext.Run(ExecutionContext executionContext, ContextCallback callback, Object state, Boolean preserveSyncCtx)
   場所 System.Threading.ExecutionContext.Run(ExecutionContext executionContext, ContextCallback callback, Object state)
   場所 System.Threading.ThreadHelper.ThreadStart(), Program: "伝票情報 表示".
 <-1> 03/06/2026 14:23:23.628     [Error  ] - [MgGui.dll] in Control.fillData(): missing datatype or picture string for control: V_次伝票NO, Program: "伝票情報 表示".
 <-1> 03/06/2026 14:23:23.629     [Error  ] - [MgGui.dll] 
   場所 System.Environment.GetStackTrace(Exception e, Boolean needFileInfo)
   場所 System.Environment.get_StackTrace()
   場所 com.magicsoftware.rte.CoreExecutor.WriteExceptionToLog(Int64 contextID, String msg)
   場所 com.magicsoftware.rte.GuiEventsProcessor.WriteExceptionToLog(String message)
   場所 com.magicsoftware.unipaas.Events.WriteExceptionToLog(String msg)
   場所 com.magicsoftware.unipaas.management.gui.MgControlBase.fillData(MgFormBase mgForm, Int32 ditIdx)
   場所 com.magicsoftware.unipaas.management.gui.ControlTable.initInnerObjects(String foundTagName)
   場所 com.magicsoftware.unipaas.management.gui.ControlTable.fillData(MgFormBase mgForm)
   場所 com.magicsoftware.unipaas.management.gui.MgFormBase.initInnerObjects(String foundTagName)
   場所 com.magicsoftware.unipaas.management.gui.MgFormBase.fillData(TaskBase taskRef)
   場所 com.magicsoftware.rte.gui.MgForm.fillData(TaskBase taskRef)
   場所 com.magicsoftware.unipaas.management.tasks.TaskBase.FormInitData(MgFormBase parentForm)
   場所 com.magicsoftware.unipaas.management.tasks.TaskBase.initInnerObjects(String foundTagName, MgFormBase parentForm)
   場所 com.magicsoftware.rte.tasks.Task.FillData(MgFormBase parentFrom)
   場所 com.magicsoftware.rte.tasks.TasksManager.InitInnerObjects(String currTagName, Int64 contextID, MgFormBase parentForm, Task& task)
   場所 com.magicsoftware.rte.tasks.TasksManager.fillData(Int64 contextID, String xmlData, MgFormBase parentForm)
   場所 com.magicsoftware.rte.RteExecutor.OpenTask(Double contextID, String xmlData, Int32 parentFormTskID, Int32 triggeringParentTaskID)
   場所 RteExecutorEndpoint.OpenTask(Double contextID, String content, Int32 parentTskID, Int32 triggeringTaskID)
   場所 RteExecutorBridge.OpenTask(RteExecutorBridge* , Double contextID, UInt16* content, Int32 parentFormTskID, Int32 triggeringTaskID)
   場所 CoreExecutorEndpoint.EventsLoop()
   場所 CoreExecutorGateway.EventsLoop()
   場所 com.magicsoftware.rte.RTEmanager.ExecuteWorkThread()
   場所 System.Threading.ThreadHelper.ThreadStart_Context(Object state)
   場所 System.Threading.ExecutionContext.RunInternal(ExecutionContext executionContext, ContextCallback callback, Object state, Boolean preserveSyncCtx)
   場所 System.Threading.ExecutionContext.Run(ExecutionContext executionContext, ContextCallback callback, Object state, Boolean preserveSyncCtx)
   場所 System.Threading.ExecutionContext.Run(ExecutionContext executionContext, ContextCallback callback, Object state)
   場所 System.Threading.ThreadHelper.ThreadStart(), Program: "伝票情報 表示".
 <-1> 03/06/2026 14:23:23.693     [Error  ] - [MgGui.dll] Control 'V_仕入金額(軽減)_0': オブジェクト参照がオブジェクト インスタンスに設定されていません。, Program: "伝票情報 表示".
 <-1> 03/06/2026 14:23:23.694     [Error  ] - [MgGui.dll] 
   場所 System.Environment.GetStackTrace(Exception e, Boolean needFileInfo)
   場所 System.Environment.get_StackTrace()
   場所 com.magicsoftware.rte.CoreExecutor.WriteExceptionToLog(Int64 contextID, String msg)
   場所 com.magicsoftware.rte.GuiEventsProcessor.WriteExceptionToLog(String message)
   場所 com.magicsoftware.unipaas.Events.WriteExceptionToLog(String msg)
   場所 com.magicsoftware.unipaas.management.gui.MgControlBase.refreshProperties(Boolean onlyRepeatableProps)
   場所 com.magicsoftware.unipaas.management.gui.MgControlBase.RefreshDisplay(Boolean onlyRepeatableProps)
   場所 com.magicsoftware.unipaas.management.gui.MgFormBase.refreshControls(Boolean repeatableOnly)
   場所 com.magicsoftware.unipaas.management.gui.MgFormBase.refreshRow(Int32 rowIdx, Boolean repeatableOnly)
   場所 com.magicsoftware.rte.gui.MgForm.DisplayRow(Int32 rowIdx, Boolean repeatableOnly, String dataCtrlPairs)
   場所 com.magicsoftware.rte.RteExecutor.DisplayRow(Int32 taskID, Int32 rowIdx, Boolean repeatableOnly, String dataCtrlPairs)
   場所 RteExecutorEndpoint.InvokeDisplayRow(Int32 taskID, Int32 rowIdx, Boolean repeatableOnly, String dataCtrlPairs)
   場所 RteExecutorBridge.DisplayRow(RteExecutorBridge* , Int32 taskID, Int32 rowIdx, Boolean repeatableOnly, UInt16* dataCtrlPairs)
   場所 CoreExecutorEndpoint.EventsLoop()
   場所 CoreExecutorGateway.EventsLoop()
   場所 com.magicsoftware.rte.RTEmanager.ExecuteWorkThread()
   場所 System.Threading.ThreadHelper.ThreadStart_Context(Object state)
   場所 System.Threading.ExecutionContext.RunInternal(ExecutionContext executionContext, ContextCallback callback, Object state, Boolean preserveSyncCtx)
   場所 System.Threading.ExecutionContext.Run(ExecutionContext executionContext, ContextCallback callback, Object state, Boolean preserveSyncCtx)
   場所 System.Threading.ExecutionContext.Run(ExecutionContext executionContext, ContextCallback callback, Object state)
   場所 System.Threading.ThreadHelper.ThreadStart(), Program: "伝票情報 表示".
 <-1> 03/06/2026 14:23:23.694     [Error  ] - [MgGui.dll] Control 'V_返品金額(軽減)_0': オブジェクト参照がオブジェクト インスタンスに設定されていません。, Program: "伝票情報 表示".
 <-1> 03/06/2026 14:23:23.694     [Error  ] - [MgGui.dll] 
   場所 System.Environment.GetStackTrace(Exception e, Boolean needFileInfo)
   場所 System.Environment.get_StackTrace()
   場所 com.magicsoftware.rte.CoreExecutor.WriteExceptionToLog(Int64 contextID, String msg)
   場所 com.magicsoftware.rte.GuiEventsProcessor.WriteExceptionToLog(String message)
   場所 com.magicsoftware.unipaas.Events.WriteExceptionToLog(String msg)
   場所 com.magicsoftware.unipaas.management.gui.MgControlBase.refreshProperties(Boolean onlyRepeatableProps)
   場所 com.magicsoftware.unipaas.management.gui.MgControlBase.RefreshDisplay(Boolean onlyRepeatableProps)
   場所 com.magicsoftware.unipaas.management.gui.MgFormBase.refreshControls(Boolean repeatableOnly)
   場所 com.magicsoftware.unipaas.management.gui.MgFormBase.refreshRow(Int32 rowIdx, Boolean repeatableOnly)
   場所 com.magicsoftware.rte.gui.MgForm.DisplayRow(Int32 rowIdx, Boolean repeatableOnly, String dataCtrlPairs)
   場所 com.magicsoftware.rte.RteExecutor.DisplayRow(Int32 taskID, Int32 rowIdx, Boolean repeatableOnly, String dataCtrlPairs)
   場所 RteExecutorEndpoint.InvokeDisplayRow(Int32 taskID, Int32 rowIdx, Boolean repeatableOnly, String dataCtrlPairs)
   場所 RteExecutorBridge.DisplayRow(RteExecutorBridge* , Int32 taskID, Int32 rowIdx, Boolean repeatableOnly, UInt16* dataCtrlPairs)
   場所 CoreExecutorEndpoint.EventsLoop()
   場所 CoreExecutorGateway.EventsLoop()
   場所 com.magicsoftware.rte.RTEmanager.ExecuteWorkThread()
   場所 System.Threading.ThreadHelper.ThreadStart_Context(Object state)
   場所 System.Threading.ExecutionContext.RunInternal(ExecutionContext executionContext, ContextCallback callback, Object state, Boolean preserveSyncCtx)
   場所 System.Threading.ExecutionContext.Run(ExecutionContext executionContext, ContextCallback callback, Object state, Boolean preserveSyncCtx)
   場所 System.Threading.ExecutionContext.Run(ExecutionContext executionContext, ContextCallback callback, Object state)
   場所 System.Threading.ThreadHelper.ThreadStart(), Program: "伝票情報 表示".
 <-1> 03/06/2026 14:23:23.695     [Error  ] - [MgGui.dll] Control 'V_値引金額(軽減)_0': オブジェクト参照がオブジェクト インスタンスに設定されていません。, Program: "伝票情報 表示".
 <-1> 03/06/2026 14:23:23.695     [Error  ] - [MgGui.dll] 
   場所 System.Environment.GetStackTrace(Exception e, Boolean needFileInfo)
   場所 System.Environment.get_StackTrace()
   場所 com.magicsoftware.rte.CoreExecutor.WriteExceptionToLog(Int64 contextID, String msg)
   場所 com.magicsoftware.rte.GuiEventsProcessor.WriteExceptionToLog(String message)
   場所 com.magicsoftware.unipaas.Events.WriteExceptionToLog(String msg)
   場所 com.magicsoftware.unipaas.management.gui.MgControlBase.refreshProperties(Boolean onlyRepeatableProps)
   場所 com.magicsoftware.unipaas.management.gui.MgControlBase.RefreshDisplay(Boolean onlyRepeatableProps)
   場所 com.magicsoftware.unipaas.management.gui.MgFormBase.refreshControls(Boolean repeatableOnly)
   場所 com.magicsoftware.unipaas.management.gui.MgFormBase.refreshRow(Int32 rowIdx, Boolean repeatableOnly)
   場所 com.magicsoftware.rte.gui.MgForm.DisplayRow(Int32 rowIdx, Boolean repeatableOnly, String dataCtrlPairs)
   場所 com.magicsoftware.rte.RteExecutor.DisplayRow(Int32 taskID, Int32 rowIdx, Boolean repeatableOnly, String dataCtrlPairs)
   場所 RteExecutorEndpoint.InvokeDisplayRow(Int32 taskID, Int32 rowIdx, Boolean repeatableOnly, String dataCtrlPairs)
   場所 RteExecutorBridge.DisplayRow(RteExecutorBridge* , Int32 taskID, Int32 rowIdx, Boolean repeatableOnly, UInt16* dataCtrlPairs)
   場所 CoreExecutorEndpoint.EventsLoop()
   場所 CoreExecutorGateway.EventsLoop()
   場所 com.magicsoftware.rte.RTEmanager.ExecuteWorkThread()
   場所 System.Threading.ThreadHelper.ThreadStart_Context(Object state)
   場所 System.Threading.ExecutionContext.RunInternal(ExecutionContext executionContext, ContextCallback callback, Object state, Boolean preserveSyncCtx)
   場所 System.Threading.ExecutionContext.Run(ExecutionContext executionContext, ContextCallback callback, Object state, Boolean preserveSyncCtx)
   場所 System.Threading.ExecutionContext.Run(ExecutionContext executionContext, ContextCallback callback, Object state)
   場所 System.Threading.ThreadHelper.ThreadStart(), Program: "伝票情報 表示".
 <-1> 03/06/2026 14:23:23.696     [Error  ] - [MgGui.dll] Control 'V_消費税額(軽減)_0': オブジェクト参照がオブジェクト インスタンスに設定されていません。, Program: "伝票情報 表示".
 <-1> 03/06/2026 14:23:23.696     [Error  ] - [MgGui.dll] 
   場所 System.Environment.GetStackTrace(Exception e, Boolean needFileInfo)
   場所 System.Environment.get_StackTrace()
   場所 com.magicsoftware.rte.CoreExecutor.WriteExceptionToLog(Int64 contextID, String msg)
   場所 com.magicsoftware.rte.GuiEventsProcessor.WriteExceptionToLog(String message)
   場所 com.magicsoftware.unipaas.Events.WriteExceptionToLog(String msg)
   場所 com.magicsoftware.unipaas.management.gui.MgControlBase.refreshProperties(Boolean onlyRepeatableProps)
   場所 com.magicsoftware.unipaas.management.gui.MgControlBase.RefreshDisplay(Boolean onlyRepeatableProps)
   場所 com.magicsoftware.unipaas.management.gui.MgFormBase.refreshControls(Boolean repeatableOnly)
   場所 com.magicsoftware.unipaas.management.gui.MgFormBase.refreshRow(Int32 rowIdx, Boolean repeatableOnly)
   場所 com.magicsoftware.rte.gui.MgForm.DisplayRow(Int32 rowIdx, Boolean repeatableOnly, String dataCtrlPairs)
   場所 com.magicsoftware.rte.RteExecutor.DisplayRow(Int32 taskID, Int32 rowIdx, Boolean repeatableOnly, String dataCtrlPairs)
   場所 RteExecutorEndpoint.InvokeDisplayRow(Int32 taskID, Int32 rowIdx, Boolean repeatableOnly, String dataCtrlPairs)
   場所 RteExecutorBridge.DisplayRow(RteExecutorBridge* , Int32 taskID, Int32 rowIdx, Boolean repeatableOnly, UInt16* dataCtrlPairs)
   場所 CoreExecutorEndpoint.EventsLoop()
   場所 CoreExecutorGateway.EventsLoop()
   場所 com.magicsoftware.rte.RTEmanager.ExecuteWorkThread()
   場所 System.Threading.ThreadHelper.ThreadStart_Context(Object state)
   場所 System.Threading.ExecutionContext.RunInternal(ExecutionContext executionContext, ContextCallback callback, Object state, Boolean preserveSyncCtx)
   場所 System.Threading.ExecutionContext.Run(ExecutionContext executionContext, ContextCallback callback, Object state, Boolean preserveSyncCtx)
   場所 System.Threading.ExecutionContext.Run(ExecutionContext executionContext, ContextCallback callback, Object state)
   場所 System.Threading.ThreadHelper.ThreadStart(), Program: "伝票情報 表示".
 <-1> 03/06/2026 14:23:23.696     [Error  ] - [MgGui.dll] Control 'V_仕入金額(標準)_0': オブジェクト参照がオブジェクト インスタンスに設定されていません。, Program: "伝票情報 表示".
 <-1> 03/06/2026 14:23:23.697     [Error  ] - [MgGui.dll] 
   場所 System.Environment.GetStackTrace(Exception e, Boolean needFileInfo)
   場所 System.Environment.get_StackTrace()
   場所 com.magicsoftware.rte.CoreExecutor.WriteExceptionToLog(Int64 contextID, String msg)
   場所 com.magicsoftware.rte.GuiEventsProcessor.WriteExceptionToLog(String message)
   場所 com.magicsoftware.unipaas.Events.WriteExceptionToLog(String msg)
   場所 com.magicsoftware.unipaas.management.gui.MgControlBase.refreshProperties(Boolean onlyRepeatableProps)
   場所 com.magicsoftware.unipaas.management.gui.MgControlBase.RefreshDisplay(Boolean onlyRepeatableProps)
   場所 com.magicsoftware.unipaas.management.gui.MgFormBase.refreshControls(Boolean repeatableOnly)
   場所 com.magicsoftware.unipaas.management.gui.MgFormBase.refreshRow(Int32 rowIdx, Boolean repeatableOnly)
   場所 com.magicsoftware.rte.gui.MgForm.DisplayRow(Int32 rowIdx, Boolean repeatableOnly, String dataCtrlPairs)
   場所 com.magicsoftware.rte.RteExecutor.DisplayRow(Int32 taskID, Int32 rowIdx, Boolean repeatableOnly, String dataCtrlPairs)
   場所 RteExecutorEndpoint.InvokeDisplayRow(Int32 taskID, Int32 rowIdx, Boolean repeatableOnly, String dataCtrlPairs)
   場所 RteExecutorBridge.DisplayRow(RteExecutorBridge* , Int32 taskID, Int32 rowIdx, Boolean repeatableOnly, UInt16* dataCtrlPairs)
   場所 CoreExecutorEndpoint.EventsLoop()
   場所 CoreExecutorGateway.EventsLoop()
   場所 com.magicsoftware.rte.RTEmanager.ExecuteWorkThread()
   場所 System.Threading.ThreadHelper.ThreadStart_Context(Object state)
   場所 System.Threading.ExecutionContext.RunInternal(ExecutionContext executionContext, ContextCallback callback, Object state, Boolean preserveSyncCtx)
   場所 System.Threading.ExecutionContext.Run(ExecutionContext executionContext, ContextCallback callback, Object state, Boolean preserveSyncCtx)
   場所 System.Threading.ExecutionContext.Run(ExecutionContext executionContext, ContextCallback callback, Object state)
   場所 System.Threading.ThreadHelper.ThreadStart(), Program: "伝票情報 表示".
 <-1> 03/06/2026 14:23:23.697     [Error  ] - [MgGui.dll] Control 'V_返品金額(標準)_0': オブジェクト参照がオブジェクト インスタンスに設定されていません。, Program: "伝票情報 表示".
 <-1> 03/06/2026 14:23:23.697     [Error  ] - [MgGui.dll] 
   場所 System.Environment.GetStackTrace(Exception e, Boolean needFileInfo)
   場所 System.Environment.get_StackTrace()
   場所 com.magicsoftware.rte.CoreExecutor.WriteExceptionToLog(Int64 contextID, String msg)
   場所 com.magicsoftware.rte.GuiEventsProcessor.WriteExceptionToLog(String message)
   場所 com.magicsoftware.unipaas.Events.WriteExceptionToLog(String msg)
   場所 com.magicsoftware.unipaas.management.gui.MgControlBase.refreshProperties(Boolean onlyRepeatableProps)
   場所 com.magicsoftware.unipaas.management.gui.MgControlBase.RefreshDisplay(Boolean onlyRepeatableProps)
   場所 com.magicsoftware.unipaas.management.gui.MgFormBase.refreshControls(Boolean repeatableOnly)
   場所 com.magicsoftware.unipaas.management.gui.MgFormBase.refreshRow(Int32 rowIdx, Boolean repeatableOnly)
   場所 com.magicsoftware.rte.gui.MgForm.DisplayRow(Int32 rowIdx, Boolean repeatableOnly, String dataCtrlPairs)
   場所 com.magicsoftware.rte.RteExecutor.DisplayRow(Int32 taskID, Int32 rowIdx, Boolean repeatableOnly, String dataCtrlPairs)
   場所 RteExecutorEndpoint.InvokeDisplayRow(Int32 taskID, Int32 rowIdx, Boolean repeatableOnly, String dataCtrlPairs)
   場所 RteExecutorBridge.DisplayRow(RteExecutorBridge* , Int32 taskID, Int32 rowIdx, Boolean repeatableOnly, UInt16* dataCtrlPairs)
   場所 CoreExecutorEndpoint.EventsLoop()
   場所 CoreExecutorGateway.EventsLoop()
   場所 com.magicsoftware.rte.RTEmanager.ExecuteWorkThread()
   場所 System.Threading.ThreadHelper.ThreadStart_Context(Object state)
   場所 System.Threading.ExecutionContext.RunInternal(ExecutionContext executionContext, ContextCallback callback, Object state, Boolean preserveSyncCtx)
   場所 System.Threading.ExecutionContext.Run(ExecutionContext executionContext, ContextCallback callback, Object state, Boolean preserveSyncCtx)
   場所 System.Threading.ExecutionContext.Run(ExecutionContext executionContext, ContextCallback callback, Object state)
   場所 System.Threading.ThreadHelper.ThreadStart(), Program: "伝票情報 表示".
 <-1> 03/06/2026 14:23:23.698     [Error  ] - [MgGui.dll] Control 'V_値引金額(標準)_0': オブジェクト参照がオブジェクト インスタンスに設定されていません。, Program: "伝票情報 表示".
 <-1> 03/06/2026 14:23:23.700     [Error  ] - [MgGui.dll] 
   場所 System.Environment.GetStackTrace(Exception e, Boolean needFileInfo)
   場所 System.Environment.get_StackTrace()
   場所 com.magicsoftware.rte.CoreExecutor.WriteExceptionToLog(Int64 contextID, String msg)
   場所 com.magicsoftware.rte.GuiEventsProcessor.WriteExceptionToLog(String message)
   場所 com.magicsoftware.unipaas.Events.WriteExceptionToLog(String msg)
   場所 com.magicsoftware.unipaas.management.gui.MgControlBase.refreshProperties(Boolean onlyRepeatableProps)
   場所 com.magicsoftware.unipaas.management.gui.MgControlBase.RefreshDisplay(Boolean onlyRepeatableProps)
   場所 com.magicsoftware.unipaas.management.gui.MgFormBase.refreshControls(Boolean repeatableOnly)
   場所 com.magicsoftware.unipaas.management.gui.MgFormBase.refreshRow(Int32 rowIdx, Boolean repeatableOnly)
   場所 com.magicsoftware.rte.gui.MgForm.DisplayRow(Int32 rowIdx, Boolean repeatableOnly, String dataCtrlPairs)
   場所 com.magicsoftware.rte.RteExecutor.DisplayRow(Int32 taskID, Int32 rowIdx, Boolean repeatableOnly, String dataCtrlPairs)
   場所 RteExecutorEndpoint.InvokeDisplayRow(Int32 taskID, Int32 rowIdx, Boolean repeatableOnly, String dataCtrlPairs)
   場所 RteExecutorBridge.DisplayRow(RteExecutorBridge* , Int32 taskID, Int32 rowIdx, Boolean repeatableOnly, UInt16* dataCtrlPairs)
   場所 CoreExecutorEndpoint.EventsLoop()
   場所 CoreExecutorGateway.EventsLoop()
   場所 com.magicsoftware.rte.RTEmanager.ExecuteWorkThread()
   場所 System.Threading.ThreadHelper.ThreadStart_Context(Object state)
   場所 System.Threading.ExecutionContext.RunInternal(ExecutionContext executionContext, ContextCallback callback, Object state, Boolean preserveSyncCtx)
   場所 System.Threading.ExecutionContext.Run(ExecutionContext executionContext, ContextCallback callback, Object state, Boolean preserveSyncCtx)
   場所 System.Threading.ExecutionContext.Run(ExecutionContext executionContext, ContextCallback callback, Object state)
   場所 System.Threading.ThreadHelper.ThreadStart(), Program: "伝票情報 表示".
 <-1> 03/06/2026 14:23:23.701     [Error  ] - [MgGui.dll] Control 'V_消費税額(標準)_0': オブジェクト参照がオブジェクト インスタンスに設定されていません。, Program: "伝票情報 表示".
 <-1> 03/06/2026 14:23:23.702     [Error  ] - [MgGui.dll] 
   場所 System.Environment.GetStackTrace(Exception e, Boolean needFileInfo)
   場所 System.Environment.get_StackTrace()
   場所 com.magicsoftware.rte.CoreExecutor.WriteExceptionToLog(Int64 contextID, String msg)
   場所 com.magicsoftware.rte.GuiEventsProcessor.WriteExceptionToLog(String message)
   場所 com.magicsoftware.unipaas.Events.WriteExceptionToLog(String msg)
   場所 com.magicsoftware.unipaas.management.gui.MgControlBase.refreshProperties(Boolean onlyRepeatableProps)
   場所 com.magicsoftware.unipaas.management.gui.MgControlBase.RefreshDisplay(Boolean onlyRepeatableProps)
   場所 com.magicsoftware.unipaas.management.gui.MgFormBase.refreshControls(Boolean repeatableOnly)
   場所 com.magicsoftware.unipaas.management.gui.MgFormBase.refreshRow(Int32 rowIdx, Boolean repeatableOnly)
   場所 com.magicsoftware.rte.gui.MgForm.DisplayRow(Int32 rowIdx, Boolean repeatableOnly, String dataCtrlPairs)
   場所 com.magicsoftware.rte.RteExecutor.DisplayRow(Int32 taskID, Int32 rowIdx, Boolean repeatableOnly, String dataCtrlPairs)
   場所 RteExecutorEndpoint.InvokeDisplayRow(Int32 taskID, Int32 rowIdx, Boolean repeatableOnly, String dataCtrlPairs)
   場所 RteExecutorBridge.DisplayRow(RteExecutorBridge* , Int32 taskID, Int32 rowIdx, Boolean repeatableOnly, UInt16* dataCtrlPairs)
   場所 CoreExecutorEndpoint.EventsLoop()
   場所 CoreExecutorGateway.EventsLoop()
   場所 com.magicsoftware.rte.RTEmanager.ExecuteWorkThread()
   場所 System.Threading.ThreadHelper.ThreadStart_Context(Object state)
   場所 System.Threading.ExecutionContext.RunInternal(ExecutionContext executionContext, ContextCallback callback, Object state, Boolean preserveSyncCtx)
   場所 System.Threading.ExecutionContext.Run(ExecutionContext executionContext, ContextCallback callback, Object state, Boolean preserveSyncCtx)
   場所 System.Threading.ExecutionContext.Run(ExecutionContext executionContext, ContextCallback callback, Object state)
   場所 System.Threading.ThreadHelper.ThreadStart(), Program: "伝票情報 表示".
 <-1> 03/06/2026 14:23:23.703     [Error  ] - [MgGui.dll] Control 'V_合計金額_0': オブジェクト参照がオブジェクト インスタンスに設定されていません。, Program: "伝票情報 表示".
 <-1> 03/06/2026 14:23:23.704     [Error  ] - [MgGui.dll] 
   場所 System.Environment.GetStackTrace(Exception e, Boolean needFileInfo)
   場所 System.Environment.get_StackTrace()
   場所 com.magicsoftware.rte.CoreExecutor.WriteExceptionToLog(Int64 contextID, String msg)
   場所 com.magicsoftware.rte.GuiEventsProcessor.WriteExceptionToLog(String message)
   場所 com.magicsoftware.unipaas.Events.WriteExceptionToLog(String msg)
   場所 com.magicsoftware.unipaas.management.gui.MgControlBase.refreshProperties(Boolean onlyRepeatableProps)
   場所 com.magicsoftware.unipaas.management.gui.MgControlBase.RefreshDisplay(Boolean onlyRepeatableProps)
   場所 com.magicsoftware.unipaas.management.gui.MgFormBase.refreshControls(Boolean repeatableOnly)
   場所 com.magicsoftware.unipaas.management.gui.MgFormBase.refreshRow(Int32 rowIdx, Boolean repeatableOnly)
   場所 com.magicsoftware.rte.gui.MgForm.DisplayRow(Int32 rowIdx, Boolean repeatableOnly, String dataCtrlPairs)
   場所 com.magicsoftware.rte.RteExecutor.DisplayRow(Int32 taskID, Int32 rowIdx, Boolean repeatableOnly, String dataCtrlPairs)
   場所 RteExecutorEndpoint.InvokeDisplayRow(Int32 taskID, Int32 rowIdx, Boolean repeatableOnly, String dataCtrlPairs)
   場所 RteExecutorBridge.DisplayRow(RteExecutorBridge* , Int32 taskID, Int32 rowIdx, Boolean repeatableOnly, UInt16* dataCtrlPairs)
   場所 CoreExecutorEndpoint.EventsLoop()
   場所 CoreExecutorGateway.EventsLoop()
   場所 com.magicsoftware.rte.RTEmanager.ExecuteWorkThread()
   場所 System.Threading.ThreadHelper.ThreadStart_Context(Object state)
   場所 System.Threading.ExecutionContext.RunInternal(ExecutionContext executionContext, ContextCallback callback, Object state, Boolean preserveSyncCtx)
   場所 System.Threading.ExecutionContext.Run(ExecutionContext executionContext, ContextCallback callback, Object state, Boolean preserveSyncCtx)
   場所 System.Threading.ExecutionContext.Run(ExecutionContext executionContext, ContextCallback callback, Object state)
   場所 System.Threading.ThreadHelper.ThreadStart(), Program: "伝票情報 表示".
 <-1> 03/06/2026 14:23:23.705     [Error  ] - [MgGui.dll] Control 'V_開始伝票NO_0': オブジェクト参照がオブジェクト インスタンスに設定されていません。, Program: "伝票情報 表示".
 <-1> 03/06/2026 14:23:23.705     [Error  ] - [MgGui.dll] 
   場所 System.Environment.GetStackTrace(Exception e, Boolean needFileInfo)
   場所 System.Environment.get_StackTrace()
   場所 com.magicsoftware.rte.CoreExecutor.WriteExceptionToLog(Int64 contextID, String msg)
   場所 com.magicsoftware.rte.GuiEventsProcessor.WriteExceptionToLog(String message)
   場所 com.magicsoftware.unipaas.Events.WriteExceptionToLog(String msg)
   場所 com.magicsoftware.unipaas.management.gui.MgControlBase.refreshProperties(Boolean onlyRepeatableProps)
   場所 com.magicsoftware.unipaas.management.gui.MgControlBase.RefreshDisplay(Boolean onlyRepeatableProps)
   場所 com.magicsoftware.unipaas.management.gui.MgFormBase.refreshControls(Boolean repeatableOnly)
   場所 com.magicsoftware.unipaas.management.gui.MgFormBase.refreshRow(Int32 rowIdx, Boolean repeatableOnly)
   場所 com.magicsoftware.rte.gui.MgForm.DisplayRow(Int32 rowIdx, Boolean repeatableOnly, String dataCtrlPairs)
   場所 com.magicsoftware.rte.RteExecutor.DisplayRow(Int32 taskID, Int32 rowIdx, Boolean repeatableOnly, String dataCtrlPairs)
   場所 RteExecutorEndpoint.InvokeDisplayRow(Int32 taskID, Int32 rowIdx, Boolean repeatableOnly, String dataCtrlPairs)
   場所 RteExecutorBridge.DisplayRow(RteExecutorBridge* , Int32 taskID, Int32 rowIdx, Boolean repeatableOnly, UInt16* dataCtrlPairs)
   場所 CoreExecutorEndpoint.EventsLoop()
   場所 CoreExecutorGateway.EventsLoop()
   場所 com.magicsoftware.rte.RTEmanager.ExecuteWorkThread()
   場所 System.Threading.ThreadHelper.ThreadStart_Context(Object state)
   場所 System.Threading.ExecutionContext.RunInternal(ExecutionContext executionContext, ContextCallback callback, Object state, Boolean preserveSyncCtx)
   場所 System.Threading.ExecutionContext.Run(ExecutionContext executionContext, ContextCallback callback, Object state, Boolean preserveSyncCtx)
   場所 System.Threading.ExecutionContext.Run(ExecutionContext executionContext, ContextCallback callback, Object state)
   場所 System.Threading.ThreadHelper.ThreadStart(), Program: "伝票情報 表示".
 <-1> 03/06/2026 14:23:23.706     [Error  ] - [MgGui.dll] Control 'V_終了伝票NO_0': オブジェクト参照がオブジェクト インスタンスに設定されていません。, Program: "伝票情報 表示".
 <-1> 03/06/2026 14:23:23.706     [Error  ] - [MgGui.dll] 
   場所 System.Environment.GetStackTrace(Exception e, Boolean needFileInfo)
   場所 System.Environment.get_StackTrace()
   場所 com.magicsoftware.rte.CoreExecutor.WriteExceptionToLog(Int64 contextID, String msg)
   場所 com.magicsoftware.rte.GuiEventsProcessor.WriteExceptionToLog(String message)
   場所 com.magicsoftware.unipaas.Events.WriteExceptionToLog(String msg)
   場所 com.magicsoftware.unipaas.management.gui.MgControlBase.refreshProperties(Boolean onlyRepeatableProps)
   場所 com.magicsoftware.unipaas.management.gui.MgControlBase.RefreshDisplay(Boolean onlyRepeatableProps)
   場所 com.magicsoftware.unipaas.management.gui.MgFormBase.refreshControls(Boolean repeatableOnly)
   場所 com.magicsoftware.unipaas.management.gui.MgFormBase.refreshRow(Int32 rowIdx, Boolean repeatableOnly)
   場所 com.magicsoftware.rte.gui.MgForm.DisplayRow(Int32 rowIdx, Boolean repeatableOnly, String dataCtrlPairs)
   場所 com.magicsoftware.rte.RteExecutor.DisplayRow(Int32 taskID, Int32 rowIdx, Boolean repeatableOnly, String dataCtrlPairs)
   場所 RteExecutorEndpoint.InvokeDisplayRow(Int32 taskID, Int32 rowIdx, Boolean repeatableOnly, String dataCtrlPairs)
   場所 RteExecutorBridge.DisplayRow(RteExecutorBridge* , Int32 taskID, Int32 rowIdx, Boolean repeatableOnly, UInt16* dataCtrlPairs)
   場所 CoreExecutorEndpoint.EventsLoop()
   場所 CoreExecutorGateway.EventsLoop()
   場所 com.magicsoftware.rte.RTEmanager.ExecuteWorkThread()
   場所 System.Threading.ThreadHelper.ThreadStart_Context(Object state)
   場所 System.Threading.ExecutionContext.RunInternal(ExecutionContext executionContext, ContextCallback callback, Object state, Boolean preserveSyncCtx)
   場所 System.Threading.ExecutionContext.Run(ExecutionContext executionContext, ContextCallback callback, Object state, Boolean preserveSyncCtx)
   場所 System.Threading.ExecutionContext.Run(ExecutionContext executionContext, ContextCallback callback, Object state)
   場所 System.Threading.ThreadHelper.ThreadStart(), Program: "伝票情報 表示".
 <-1> 03/06/2026 14:23:23.707     [Error  ] - [MgGui.dll] Control 'V_次伝票NO_0': オブジェクト参照がオブジェクト インスタンスに設定されていません。, Program: "伝票情報 表示".
 <-1> 03/06/2026 14:23:23.707     [Error  ] - [MgGui.dll] 
   場所 System.Environment.GetStackTrace(Exception e, Boolean needFileInfo)
   場所 System.Environment.get_StackTrace()
   場所 com.magicsoftware.rte.CoreExecutor.WriteExceptionToLog(Int64 contextID, String msg)
   場所 com.magicsoftware.rte.GuiEventsProcessor.WriteExceptionToLog(String message)
   場所 com.magicsoftware.unipaas.Events.WriteExceptionToLog(String msg)
   場所 com.magicsoftware.unipaas.management.gui.MgControlBase.refreshProperties(Boolean onlyRepeatableProps)
   場所 com.magicsoftware.unipaas.management.gui.MgControlBase.RefreshDisplay(Boolean onlyRepeatableProps)
   場所 com.magicsoftware.unipaas.management.gui.MgFormBase.refreshControls(Boolean repeatableOnly)
   場所 com.magicsoftware.unipaas.management.gui.MgFormBase.refreshRow(Int32 rowIdx, Boolean repeatableOnly)
   場所 com.magicsoftware.rte.gui.MgForm.DisplayRow(Int32 rowIdx, Boolean repeatableOnly, String dataCtrlPairs)
   場所 com.magicsoftware.rte.RteExecutor.DisplayRow(Int32 taskID, Int32 rowIdx, Boolean repeatableOnly, String dataCtrlPairs)
   場所 RteExecutorEndpoint.InvokeDisplayRow(Int32 taskID, Int32 rowIdx, Boolean repeatableOnly, String dataCtrlPairs)
   場所 RteExecutorBridge.DisplayRow(RteExecutorBridge* , Int32 taskID, Int32 rowIdx, Boolean repeatableOnly, UInt16* dataCtrlPairs)
   場所 CoreExecutorEndpoint.EventsLoop()
   場所 CoreExecutorGateway.EventsLoop()
   場所 com.magicsoftware.rte.RTEmanager.ExecuteWorkThread()
   場所 System.Threading.ThreadHelper.ThreadStart_Context(Object state)
   場所 System.Threading.ExecutionContext.RunInternal(ExecutionContext executionContext, ContextCallback callback, Object state, Boolean preserveSyncCtx)
   場所 System.Threading.ExecutionContext.Run(ExecutionContext executionContext, ContextCallback callback, Object state, Boolean preserveSyncCtx)
   場所 System.Threading.ExecutionContext.Run(ExecutionContext executionContext, ContextCallback callback, Object state)
   場所 System.Threading.ThreadHelper.ThreadStart(), Program: "伝票情報 表示".
 <-1> 03/06/2026 14:23:23.708     [Error  ] - [MgGui.dll] Control 'V_仕入金額(軽減)_1': オブジェクト参照がオブジェクト インスタンスに設定されていません。, Program: "伝票情報 表示".
 <-1> 03/06/2026 14:23:23.708     [Error  ] - [MgGui.dll] 
   場所 System.Environment.GetStackTrace(Exception e, Boolean needFileInfo)
   場所 System.Environment.get_StackTrace()
   場所 com.magicsoftware.rte.CoreExecutor.WriteExceptionToLog(Int64 contextID, String msg)
   場所 com.magicsoftware.rte.GuiEventsProcessor.WriteExceptionToLog(String message)
   場所 com.magicsoftware.unipaas.Events.WriteExceptionToLog(String msg)
   場所 com.magicsoftware.unipaas.management.gui.MgControlBase.refreshProperties(Boolean onlyRepeatableProps)
   場所 com.magicsoftware.unipaas.management.gui.MgControlBase.RefreshDisplay(Boolean onlyRepeatableProps)
   場所 com.magicsoftware.unipaas.management.gui.MgFormBase.refreshControls(Boolean repeatableOnly)
   場所 com.magicsoftware.unipaas.management.gui.MgFormBase.refreshRow(Int32 rowIdx, Boolean repeatableOnly)
   場所 com.magicsoftware.rte.gui.MgForm.DisplayRow(Int32 rowIdx, Boolean repeatableOnly, String dataCtrlPairs)
   場所 com.magicsoftware.rte.RteExecutor.DisplayRow(Int32 taskID, Int32 rowIdx, Boolean repeatableOnly, String dataCtrlPairs)
   場所 RteExecutorEndpoint.InvokeDisplayRow(Int32 taskID, Int32 rowIdx, Boolean repeatableOnly, String dataCtrlPairs)
   場所 RteExecutorBridge.DisplayRow(RteExecutorBridge* , Int32 taskID, Int32 rowIdx, Boolean repeatableOnly, UInt16* dataCtrlPairs)
   場所 CoreExecutorEndpoint.EventsLoop()
   場所 CoreExecutorGateway.EventsLoop()
   場所 com.magicsoftware.rte.RTEmanager.ExecuteWorkThread()
   場所 System.Threading.ThreadHelper.ThreadStart_Context(Object state)
   場所 System.Threading.ExecutionContext.RunInternal(ExecutionContext executionContext, ContextCallback callback, Object state, Boolean preserveSyncCtx)
   場所 System.Threading.ExecutionContext.Run(ExecutionContext executionContext, ContextCallback callback, Object state, Boolean preserveSyncCtx)
   場所 System.Threading.ExecutionContext.Run(ExecutionContext executionContext, ContextCallback callback, Object state)
   場所 System.Threading.ThreadHelper.ThreadStart(), Program: "伝票情報 表示".
 <-1> 03/06/2026 14:23:23.708     [Error  ] - [MgGui.dll] Control 'V_返品金額(軽減)_1': オブジェクト参照がオブジェクト インスタンスに設定されていません。, Program: "伝票情報 表示".
 <-1> 03/06/2026 14:23:23.709     [Error  ] - [MgGui.dll] 
   場所 System.Environment.GetStackTrace(Exception e, Boolean needFileInfo)
   場所 System.Environment.get_StackTrace()
   場所 com.magicsoftware.rte.CoreExecutor.WriteExceptionToLog(Int64 contextID, String msg)
   場所 com.magicsoftware.rte.GuiEventsProcessor.WriteExceptionToLog(String message)
   場所 com.magicsoftware.unipaas.Events.WriteExceptionToLog(String msg)
   場所 com.magicsoftware.unipaas.management.gui.MgControlBase.refreshProperties(Boolean onlyRepeatableProps)
   場所 com.magicsoftware.unipaas.management.gui.MgControlBase.RefreshDisplay(Boolean onlyRepeatableProps)
   場所 com.magicsoftware.unipaas.management.gui.MgFormBase.refreshControls(Boolean repeatableOnly)
   場所 com.magicsoftware.unipaas.management.gui.MgFormBase.refreshRow(Int32 rowIdx, Boolean repeatableOnly)
   場所 com.magicsoftware.rte.gui.MgForm.DisplayRow(Int32 rowIdx, Boolean repeatableOnly, String dataCtrlPairs)
   場所 com.magicsoftware.rte.RteExecutor.DisplayRow(Int32 taskID, Int32 rowIdx, Boolean repeatableOnly, String dataCtrlPairs)
   場所 RteExecutorEndpoint.InvokeDisplayRow(Int32 taskID, Int32 rowIdx, Boolean repeatableOnly, String dataCtrlPairs)
   場所 RteExecutorBridge.DisplayRow(RteExecutorBridge* , Int32 taskID, Int32 rowIdx, Boolean repeatableOnly, UInt16* dataCtrlPairs)
   場所 CoreExecutorEndpoint.EventsLoop()
   場所 CoreExecutorGateway.EventsLoop()
   場所 com.magicsoftware.rte.RTEmanager.ExecuteWorkThread()
   場所 System.Threading.ThreadHelper.ThreadStart_Context(Object state)
   場所 System.Threading.ExecutionContext.RunInternal(ExecutionContext executionContext, ContextCallback callback, Object state, Boolean preserveSyncCtx)
   場所 System.Threading.ExecutionContext.Run(ExecutionContext executionContext, ContextCallback callback, Object state, Boolean preserveSyncCtx)
   場所 System.Threading.ExecutionContext.Run(ExecutionContext executionContext, ContextCallback callback, Object state)
   場所 System.Threading.ThreadHelper.ThreadStart(), Program: "伝票情報 表示".
 <-1> 03/06/2026 14:23:23.709     [Error  ] - [MgGui.dll] Control 'V_値引金額(軽減)_1': オブジェクト参照がオブジェクト インスタンスに設定されていません。, Program: "伝票情報 表示".
 <-1> 03/06/2026 14:23:23.710     [Error  ] - [MgGui.dll] 
   場所 System.Environment.GetStackTrace(Exception e, Boolean needFileInfo)
   場所 System.Environment.get_StackTrace()
   場所 com.magicsoftware.rte.CoreExecutor.WriteExceptionToLog(Int64 contextID, String msg)
   場所 com.magicsoftware.rte.GuiEventsProcessor.WriteExceptionToLog(String message)
   場所 com.magicsoftware.unipaas.Events.WriteExceptionToLog(String msg)
   場所 com.magicsoftware.unipaas.management.gui.MgControlBase.refreshProperties(Boolean onlyRepeatableProps)
   場所 com.magicsoftware.unipaas.management.gui.MgControlBase.RefreshDisplay(Boolean onlyRepeatableProps)
   場所 com.magicsoftware.unipaas.management.gui.MgFormBase.refreshControls(Boolean repeatableOnly)
   場所 com.magicsoftware.unipaas.management.gui.MgFormBase.refreshRow(Int32 rowIdx, Boolean repeatableOnly)
   場所 com.magicsoftware.rte.gui.MgForm.DisplayRow(Int32 rowIdx, Boolean repeatableOnly, String dataCtrlPairs)
   場所 com.magicsoftware.rte.RteExecutor.DisplayRow(Int32 taskID, Int32 rowIdx, Boolean repeatableOnly, String dataCtrlPairs)
   場所 RteExecutorEndpoint.InvokeDisplayRow(Int32 taskID, Int32 rowIdx, Boolean repeatableOnly, String dataCtrlPairs)
   場所 RteExecutorBridge.DisplayRow(RteExecutorBridge* , Int32 taskID, Int32 rowIdx, Boolean repeatableOnly, UInt16* dataCtrlPairs)
   場所 CoreExecutorEndpoint.EventsLoop()
   場所 CoreExecutorGateway.EventsLoop()
   場所 com.magicsoftware.rte.RTEmanager.ExecuteWorkThread()
   場所 System.Threading.ThreadHelper.ThreadStart_Context(Object state)
   場所 System.Threading.ExecutionContext.RunInternal(ExecutionContext executionContext, ContextCallback callback, Object state, Boolean preserveSyncCtx)
   場所 System.Threading.ExecutionContext.Run(ExecutionContext executionContext, ContextCallback callback, Object state, Boolean preserveSyncCtx)
   場所 System.Threading.ExecutionContext.Run(ExecutionContext executionContext, ContextCallback callback, Object state)
   場所 System.Threading.ThreadHelper.ThreadStart(), Program: "伝票情報 表示".
 <-1> 03/06/2026 14:23:23.710     [Error  ] - [MgGui.dll] Control 'V_消費税額(軽減)_1': オブジェクト参照がオブジェクト インスタンスに設定されていません。, Program: "伝票情報 表示".
 <-1> 03/06/2026 14:23:23.710     [Error  ] - [MgGui.dll] 
   場所 System.Environment.GetStackTrace(Exception e, Boolean needFileInfo)
   場所 System.Environment.get_StackTrace()
   場所 com.magicsoftware.rte.CoreExecutor.WriteExceptionToLog(Int64 contextID, String msg)
   場所 com.magicsoftware.rte.GuiEventsProcessor.WriteExceptionToLog(String message)
   場所 com.magicsoftware.unipaas.Events.WriteExceptionToLog(String msg)
   場所 com.magicsoftware.unipaas.management.gui.MgControlBase.refreshProperties(Boolean onlyRepeatableProps)
   場所 com.magicsoftware.unipaas.management.gui.MgControlBase.RefreshDisplay(Boolean onlyRepeatableProps)
   場所 com.magicsoftware.unipaas.management.gui.MgFormBase.refreshControls(Boolean repeatableOnly)
   場所 com.magicsoftware.unipaas.management.gui.MgFormBase.refreshRow(Int32 rowIdx, Boolean repeatableOnly)
   場所 com.magicsoftware.rte.gui.MgForm.DisplayRow(Int32 rowIdx, Boolean repeatableOnly, String dataCtrlPairs)
   場所 com.magicsoftware.rte.RteExecutor.DisplayRow(Int32 taskID, Int32 rowIdx, Boolean repeatableOnly, String dataCtrlPairs)
   場所 RteExecutorEndpoint.InvokeDisplayRow(Int32 taskID, Int32 rowIdx, Boolean repeatableOnly, String dataCtrlPairs)
   場所 RteExecutorBridge.DisplayRow(RteExecutorBridge* , Int32 taskID, Int32 rowIdx, Boolean repeatableOnly, UInt16* dataCtrlPairs)
   場所 CoreExecutorEndpoint.EventsLoop()
   場所 CoreExecutorGateway.EventsLoop()
   場所 com.magicsoftware.rte.RTEmanager.ExecuteWorkThread()
   場所 System.Threading.ThreadHelper.ThreadStart_Context(Object state)
   場所 System.Threading.ExecutionContext.RunInternal(ExecutionContext executionContext, ContextCallback callback, Object state, Boolean preserveSyncCtx)
   場所 System.Threading.ExecutionContext.Run(ExecutionContext executionContext, ContextCallback callback, Object state, Boolean preserveSyncCtx)
   場所 System.Threading.ExecutionContext.Run(ExecutionContext executionContext, ContextCallback callback, Object state)
   場所 System.Threading.ThreadHelper.ThreadStart(), Program: "伝票情報 表示".
 <-1> 03/06/2026 14:23:23.711     [Error  ] - [MgGui.dll] Control 'V_仕入金額(標準)_1': オブジェクト参照がオブジェクト インスタンスに設定されていません。, Program: "伝票情報 表示".
 <-1> 03/06/2026 14:23:23.711     [Error  ] - [MgGui.dll] 
   場所 System.Environment.GetStackTrace(Exception e, Boolean needFileInfo)
   場所 System.Environment.get_StackTrace()
   場所 com.magicsoftware.rte.CoreExecutor.WriteExceptionToLog(Int64 contextID, String msg)
   場所 com.magicsoftware.rte.GuiEventsProcessor.WriteExceptionToLog(String message)
   場所 com.magicsoftware.unipaas.Events.WriteExceptionToLog(String msg)
   場所 com.magicsoftware.unipaas.management.gui.MgControlBase.refreshProperties(Boolean onlyRepeatableProps)
   場所 com.magicsoftware.unipaas.management.gui.MgControlBase.RefreshDisplay(Boolean onlyRepeatableProps)
   場所 com.magicsoftware.unipaas.management.gui.MgFormBase.refreshControls(Boolean repeatableOnly)
   場所 com.magicsoftware.unipaas.management.gui.MgFormBase.refreshRow(Int32 rowIdx, Boolean repeatableOnly)
   場所 com.magicsoftware.rte.gui.MgForm.DisplayRow(Int32 rowIdx, Boolean repeatableOnly, String dataCtrlPairs)
   場所 com.magicsoftware.rte.RteExecutor.DisplayRow(Int32 taskID, Int32 rowIdx, Boolean repeatableOnly, String dataCtrlPairs)
   場所 RteExecutorEndpoint.InvokeDisplayRow(Int32 taskID, Int32 rowIdx, Boolean repeatableOnly, String dataCtrlPairs)
   場所 RteExecutorBridge.DisplayRow(RteExecutorBridge* , Int32 taskID, Int32 rowIdx, Boolean repeatableOnly, UInt16* dataCtrlPairs)
   場所 CoreExecutorEndpoint.EventsLoop()
   場所 CoreExecutorGateway.EventsLoop()
   場所 com.magicsoftware.rte.RTEmanager.ExecuteWorkThread()
   場所 System.Threading.ThreadHelper.ThreadStart_Context(Object state)
   場所 System.Threading.ExecutionContext.RunInternal(ExecutionContext executionContext, ContextCallback callback, Object state, Boolean preserveSyncCtx)
   場所 System.Threading.ExecutionContext.Run(ExecutionContext executionContext, ContextCallback callback, Object state, Boolean preserveSyncCtx)
   場所 System.Threading.ExecutionContext.Run(ExecutionContext executionContext, ContextCallback callback, Object state)
   場所 System.Threading.ThreadHelper.ThreadStart(), Program: "伝票情報 表示".
 <-1> 03/06/2026 14:23:23.712     [Error  ] - [MgGui.dll] Control 'V_返品金額(標準)_1': オブジェクト参照がオブジェクト インスタンスに設定されていません。, Program: "伝票情報 表示".
 <-1> 03/06/2026 14:23:23.712     [Error  ] - [MgGui.dll] 
   場所 System.Environment.GetStackTrace(Exception e, Boolean needFileInfo)
   場所 System.Environment.get_StackTrace()
   場所 com.magicsoftware.rte.CoreExecutor.WriteExceptionToLog(Int64 contextID, String msg)
   場所 com.magicsoftware.rte.GuiEventsProcessor.WriteExceptionToLog(String message)
   場所 com.magicsoftware.unipaas.Events.WriteExceptionToLog(String msg)
   場所 com.magicsoftware.unipaas.management.gui.MgControlBase.refreshProperties(Boolean onlyRepeatableProps)
   場所 com.magicsoftware.unipaas.management.gui.MgControlBase.RefreshDisplay(Boolean onlyRepeatableProps)
   場所 com.magicsoftware.unipaas.management.gui.MgFormBase.refreshControls(Boolean repeatableOnly)
   場所 com.magicsoftware.unipaas.management.gui.MgFormBase.refreshRow(Int32 rowIdx, Boolean repeatableOnly)
   場所 com.magicsoftware.rte.gui.MgForm.DisplayRow(Int32 rowIdx, Boolean repeatableOnly, String dataCtrlPairs)
   場所 com.magicsoftware.rte.RteExecutor.DisplayRow(Int32 taskID, Int32 rowIdx, Boolean repeatableOnly, String dataCtrlPairs)
   場所 RteExecutorEndpoint.InvokeDisplayRow(Int32 taskID, Int32 rowIdx, Boolean repeatableOnly, String dataCtrlPairs)
   場所 RteExecutorBridge.DisplayRow(RteExecutorBridge* , Int32 taskID, Int32 rowIdx, Boolean repeatableOnly, UInt16* dataCtrlPairs)
   場所 CoreExecutorEndpoint.EventsLoop()
   場所 CoreExecutorGateway.EventsLoop()
   場所 com.magicsoftware.rte.RTEmanager.ExecuteWorkThread()
   場所 System.Threading.ThreadHelper.ThreadStart_Context(Object state)
   場所 System.Threading.ExecutionContext.RunInternal(ExecutionContext executionContext, ContextCallback callback, Object state, Boolean preserveSyncCtx)
   場所 System.Threading.ExecutionContext.Run(ExecutionContext executionContext, ContextCallback callback, Object state, Boolean preserveSyncCtx)
   場所 System.Threading.ExecutionContext.Run(ExecutionContext executionContext, ContextCallback callback, Object state)
   場所 System.Threading.ThreadHelper.ThreadStart(), Program: "伝票情報 表示".
 <-1> 03/06/2026 14:23:23.712     [Error  ] - [MgGui.dll] Control 'V_値引金額(標準)_1': オブジェクト参照がオブジェクト インスタンスに設定されていません。, Program: "伝票情報 表示".
 <-1> 03/06/2026 14:23:23.713     [Error  ] - [MgGui.dll] 
   場所 System.Environment.GetStackTrace(Exception e, Boolean needFileInfo)
   場所 System.Environment.get_StackTrace()
   場所 com.magicsoftware.rte.CoreExecutor.WriteExceptionToLog(Int64 contextID, String msg)
   場所 com.magicsoftware.rte.GuiEventsProcessor.WriteExceptionToLog(String message)
   場所 com.magicsoftware.unipaas.Events.WriteExceptionToLog(String msg)
   場所 com.magicsoftware.unipaas.management.gui.MgControlBase.refreshProperties(Boolean onlyRepeatableProps)
   場所 com.magicsoftware.unipaas.management.gui.MgControlBase.RefreshDisplay(Boolean onlyRepeatableProps)
   場所 com.magicsoftware.unipaas.management.gui.MgFormBase.refreshControls(Boolean repeatableOnly)
   場所 com.magicsoftware.unipaas.management.gui.MgFormBase.refreshRow(Int32 rowIdx, Boolean repeatableOnly)
   場所 com.magicsoftware.rte.gui.MgForm.DisplayRow(Int32 rowIdx, Boolean repeatableOnly, String dataCtrlPairs)
   場所 com.magicsoftware.rte.RteExecutor.DisplayRow(Int32 taskID, Int32 rowIdx, Boolean repeatableOnly, String dataCtrlPairs)
   場所 RteExecutorEndpoint.InvokeDisplayRow(Int32 taskID, Int32 rowIdx, Boolean repeatableOnly, String dataCtrlPairs)
   場所 RteExecutorBridge.DisplayRow(RteExecutorBridge* , Int32 taskID, Int32 rowIdx, Boolean repeatableOnly, UInt16* dataCtrlPairs)
   場所 CoreExecutorEndpoint.EventsLoop()
   場所 CoreExecutorGateway.EventsLoop()
   場所 com.magicsoftware.rte.RTEmanager.ExecuteWorkThread()
   場所 System.Threading.ThreadHelper.ThreadStart_Context(Object state)
   場所 System.Threading.ExecutionContext.RunInternal(ExecutionContext executionContext, ContextCallback callback, Object state, Boolean preserveSyncCtx)
   場所 System.Threading.ExecutionContext.Run(ExecutionContext executionContext, ContextCallback callback, Object state, Boolean preserveSyncCtx)
   場所 System.Threading.ExecutionContext.Run(ExecutionContext executionContext, ContextCallback callback, Object state)
   場所 System.Threading.ThreadHelper.ThreadStart(), Program: "伝票情報 表示".
 <-1> 03/06/2026 14:23:23.713     [Error  ] - [MgGui.dll] Control 'V_消費税額(標準)_1': オブジェクト参照がオブジェクト インスタンスに設定されていません。, Program: "伝票情報 表示".
 <-1> 03/06/2026 14:23:23.713     [Error  ] - [MgGui.dll] 
   場所 System.Environment.GetStackTrace(Exception e, Boolean needFileInfo)
   場所 System.Environment.get_StackTrace()
   場所 com.magicsoftware.rte.CoreExecutor.WriteExceptionToLog(Int64 contextID, String msg)
   場所 com.magicsoftware.rte.GuiEventsProcessor.WriteExceptionToLog(String message)
   場所 com.magicsoftware.unipaas.Events.WriteExceptionToLog(String msg)
   場所 com.magicsoftware.unipaas.management.gui.MgControlBase.refreshProperties(Boolean onlyRepeatableProps)
   場所 com.magicsoftware.unipaas.management.gui.MgControlBase.RefreshDisplay(Boolean onlyRepeatableProps)
   場所 com.magicsoftware.unipaas.management.gui.MgFormBase.refreshControls(Boolean repeatableOnly)
   場所 com.magicsoftware.unipaas.management.gui.MgFormBase.refreshRow(Int32 rowIdx, Boolean repeatableOnly)
   場所 com.magicsoftware.rte.gui.MgForm.DisplayRow(Int32 rowIdx, Boolean repeatableOnly, String dataCtrlPairs)
   場所 com.magicsoftware.rte.RteExecutor.DisplayRow(Int32 taskID, Int32 rowIdx, Boolean repeatableOnly, String dataCtrlPairs)
   場所 RteExecutorEndpoint.InvokeDisplayRow(Int32 taskID, Int32 rowIdx, Boolean repeatableOnly, String dataCtrlPairs)
   場所 RteExecutorBridge.DisplayRow(RteExecutorBridge* , Int32 taskID, Int32 rowIdx, Boolean repeatableOnly, UInt16* dataCtrlPairs)
   場所 CoreExecutorEndpoint.EventsLoop()
   場所 CoreExecutorGateway.EventsLoop()
   場所 com.magicsoftware.rte.RTEmanager.ExecuteWorkThread()
   場所 System.Threading.ThreadHelper.ThreadStart_Context(Object state)
   場所 System.Threading.ExecutionContext.RunInternal(ExecutionContext executionContext, ContextCallback callback, Object state, Boolean preserveSyncCtx)
   場所 System.Threading.ExecutionContext.Run(ExecutionContext executionContext, ContextCallback callback, Object state, Boolean preserveSyncCtx)
   場所 System.Threading.ExecutionContext.Run(ExecutionContext executionContext, ContextCallback callback, Object state)
   場所 System.Threading.ThreadHelper.ThreadStart(), Program: "伝票情報 表示".
 <-1> 03/06/2026 14:23:23.714     [Error  ] - [MgGui.dll] Control 'V_合計金額_1': オブジェクト参照がオブジェクト インスタンスに設定されていません。, Program: "伝票情報 表示".
 <-1> 03/06/2026 14:23:23.714     [Error  ] - [MgGui.dll] 
   場所 System.Environment.GetStackTrace(Exception e, Boolean needFileInfo)
   場所 System.Environment.get_StackTrace()
   場所 com.magicsoftware.rte.CoreExecutor.WriteExceptionToLog(Int64 contextID, String msg)
   場所 com.magicsoftware.rte.GuiEventsProcessor.WriteExceptionToLog(String message)
   場所 com.magicsoftware.unipaas.Events.WriteExceptionToLog(String msg)
   場所 com.magicsoftware.unipaas.management.gui.MgControlBase.refreshProperties(Boolean onlyRepeatableProps)
   場所 com.magicsoftware.unipaas.management.gui.MgControlBase.RefreshDisplay(Boolean onlyRepeatableProps)
   場所 com.magicsoftware.unipaas.management.gui.MgFormBase.refreshControls(Boolean repeatableOnly)
   場所 com.magicsoftware.unipaas.management.gui.MgFormBase.refreshRow(Int32 rowIdx, Boolean repeatableOnly)
   場所 com.magicsoftware.rte.gui.MgForm.DisplayRow(Int32 rowIdx, Boolean repeatableOnly, String dataCtrlPairs)
   場所 com.magicsoftware.rte.RteExecutor.DisplayRow(Int32 taskID, Int32 rowIdx, Boolean repeatableOnly, String dataCtrlPairs)
   場所 RteExecutorEndpoint.InvokeDisplayRow(Int32 taskID, Int32 rowIdx, Boolean repeatableOnly, String dataCtrlPairs)
   場所 RteExecutorBridge.DisplayRow(RteExecutorBridge* , Int32 taskID, Int32 rowIdx, Boolean repeatableOnly, UInt16* dataCtrlPairs)
   場所 CoreExecutorEndpoint.EventsLoop()
   場所 CoreExecutorGateway.EventsLoop()
   場所 com.magicsoftware.rte.RTEmanager.ExecuteWorkThread()
   場所 System.Threading.ThreadHelper.ThreadStart_Context(Object state)
   場所 System.Threading.ExecutionContext.RunInternal(ExecutionContext executionContext, ContextCallback callback, Object state, Boolean preserveSyncCtx)
   場所 System.Threading.ExecutionContext.Run(ExecutionContext executionContext, ContextCallback callback, Object state, Boolean preserveSyncCtx)
   場所 System.Threading.ExecutionContext.Run(ExecutionContext executionContext, ContextCallback callback, Object state)
   場所 System.Threading.ThreadHelper.ThreadStart(), Program: "伝票情報 表示".
 <-1> 03/06/2026 14:23:23.715     [Error  ] - [MgGui.dll] Control 'V_開始伝票NO_1': オブジェクト参照がオブジェクト インスタンスに設定されていません。, Program: "伝票情報 表示".
 <-1> 03/06/2026 14:23:23.715     [Error  ] - [MgGui.dll] 
   場所 System.Environment.GetStackTrace(Exception e, Boolean needFileInfo)
   場所 System.Environment.get_StackTrace()
   場所 com.magicsoftware.rte.CoreExecutor.WriteExceptionToLog(Int64 contextID, String msg)
   場所 com.magicsoftware.rte.GuiEventsProcessor.WriteExceptionToLog(String message)
   場所 com.magicsoftware.unipaas.Events.WriteExceptionToLog(String msg)
   場所 com.magicsoftware.unipaas.management.gui.MgControlBase.refreshProperties(Boolean onlyRepeatableProps)
   場所 com.magicsoftware.unipaas.management.gui.MgControlBase.RefreshDisplay(Boolean onlyRepeatableProps)
   場所 com.magicsoftware.unipaas.management.gui.MgFormBase.refreshControls(Boolean repeatableOnly)
   場所 com.magicsoftware.unipaas.management.gui.MgFormBase.refreshRow(Int32 rowIdx, Boolean repeatableOnly)
   場所 com.magicsoftware.rte.gui.MgForm.DisplayRow(Int32 rowIdx, Boolean repeatableOnly, String dataCtrlPairs)
   場所 com.magicsoftware.rte.RteExecutor.DisplayRow(Int32 taskID, Int32 rowIdx, Boolean repeatableOnly, String dataCtrlPairs)
   場所 RteExecutorEndpoint.InvokeDisplayRow(Int32 taskID, Int32 rowIdx, Boolean repeatableOnly, String dataCtrlPairs)
   場所 RteExecutorBridge.DisplayRow(RteExecutorBridge* , Int32 taskID, Int32 rowIdx, Boolean repeatableOnly, UInt16* dataCtrlPairs)
   場所 CoreExecutorEndpoint.EventsLoop()
   場所 CoreExecutorGateway.EventsLoop()
   場所 com.magicsoftware.rte.RTEmanager.ExecuteWorkThread()
   場所 System.Threading.ThreadHelper.ThreadStart_Context(Object state)
   場所 System.Threading.ExecutionContext.RunInternal(ExecutionContext executionContext, ContextCallback callback, Object state, Boolean preserveSyncCtx)
   場所 System.Threading.ExecutionContext.Run(ExecutionContext executionContext, ContextCallback callback, Object state, Boolean preserveSyncCtx)
   場所 System.Threading.ExecutionContext.Run(ExecutionContext executionContext, ContextCallback callback, Object state)
   場所 System.Threading.ThreadHelper.ThreadStart(), Program: "伝票情報 表示".
 <-1> 03/06/2026 14:23:23.716     [Error  ] - [MgGui.dll] Control 'V_終了伝票NO_1': オブジェクト参照がオブジェクト インスタンスに設定されていません。, Program: "伝票情報 表示".
 <-1> 03/06/2026 14:23:23.716     [Error  ] - [MgGui.dll] 
   場所 System.Environment.GetStackTrace(Exception e, Boolean needFileInfo)
   場所 System.Environment.get_StackTrace()
   場所 com.magicsoftware.rte.CoreExecutor.WriteExceptionToLog(Int64 contextID, String msg)
   場所 com.magicsoftware.rte.GuiEventsProcessor.WriteExceptionToLog(String message)
   場所 com.magicsoftware.unipaas.Events.WriteExceptionToLog(String msg)
   場所 com.magicsoftware.unipaas.management.gui.MgControlBase.refreshProperties(Boolean onlyRepeatableProps)
   場所 com.magicsoftware.unipaas.management.gui.MgControlBase.RefreshDisplay(Boolean onlyRepeatableProps)
   場所 com.magicsoftware.unipaas.management.gui.MgFormBase.refreshControls(Boolean repeatableOnly)
   場所 com.magicsoftware.unipaas.management.gui.MgFormBase.refreshRow(Int32 rowIdx, Boolean repeatableOnly)
   場所 com.magicsoftware.rte.gui.MgForm.DisplayRow(Int32 rowIdx, Boolean repeatableOnly, String dataCtrlPairs)
   場所 com.magicsoftware.rte.RteExecutor.DisplayRow(Int32 taskID, Int32 rowIdx, Boolean repeatableOnly, String dataCtrlPairs)
   場所 RteExecutorEndpoint.InvokeDisplayRow(Int32 taskID, Int32 rowIdx, Boolean repeatableOnly, String dataCtrlPairs)
   場所 RteExecutorBridge.DisplayRow(RteExecutorBridge* , Int32 taskID, Int32 rowIdx, Boolean repeatableOnly, UInt16* dataCtrlPairs)
   場所 CoreExecutorEndpoint.EventsLoop()
   場所 CoreExecutorGateway.EventsLoop()
   場所 com.magicsoftware.rte.RTEmanager.ExecuteWorkThread()
   場所 System.Threading.ThreadHelper.ThreadStart_Context(Object state)
   場所 System.Threading.ExecutionContext.RunInternal(ExecutionContext executionContext, ContextCallback callback, Object state, Boolean preserveSyncCtx)
   場所 System.Threading.ExecutionContext.Run(ExecutionContext executionContext, ContextCallback callback, Object state, Boolean preserveSyncCtx)
   場所 System.Threading.ExecutionContext.Run(ExecutionContext executionContext, ContextCallback callback, Object state)
   場所 System.Threading.ThreadHelper.ThreadStart(), Program: "伝票情報 表示".
 <-1> 03/06/2026 14:23:23.717     [Error  ] - [MgGui.dll] Control 'V_次伝票NO_1': オブジェクト参照がオブジェクト インスタンスに設定されていません。, Program: "伝票情報 表示".
 <-1> 03/06/2026 14:23:23.718     [Error  ] - [MgGui.dll] 
   場所 System.Environment.GetStackTrace(Exception e, Boolean needFileInfo)
   場所 System.Environment.get_StackTrace()
   場所 com.magicsoftware.rte.CoreExecutor.WriteExceptionToLog(Int64 contextID, String msg)
   場所 com.magicsoftware.rte.GuiEventsProcessor.WriteExceptionToLog(String message)
   場所 com.magicsoftware.unipaas.Events.WriteExceptionToLog(String msg)
   場所 com.magicsoftware.unipaas.management.gui.MgControlBase.refreshProperties(Boolean onlyRepeatableProps)
   場所 com.magicsoftware.unipaas.management.gui.MgControlBase.RefreshDisplay(Boolean onlyRepeatableProps)
   場所 com.magicsoftware.unipaas.management.gui.MgFormBase.refreshControls(Boolean repeatableOnly)
   場所 com.magicsoftware.unipaas.management.gui.MgFormBase.refreshRow(Int32 rowIdx, Boolean repeatableOnly)
   場所 com.magicsoftware.rte.gui.MgForm.DisplayRow(Int32 rowIdx, Boolean repeatableOnly, String dataCtrlPairs)
   場所 com.magicsoftware.rte.RteExecutor.DisplayRow(Int32 taskID, Int32 rowIdx, Boolean repeatableOnly, String dataCtrlPairs)
   場所 RteExecutorEndpoint.InvokeDisplayRow(Int32 taskID, Int32 rowIdx, Boolean repeatableOnly, String dataCtrlPairs)
   場所 RteExecutorBridge.DisplayRow(RteExecutorBridge* , Int32 taskID, Int32 rowIdx, Boolean repeatableOnly, UInt16* dataCtrlPairs)
   場所 CoreExecutorEndpoint.EventsLoop()
   場所 CoreExecutorGateway.EventsLoop()
   場所 com.magicsoftware.rte.RTEmanager.ExecuteWorkThread()
   場所 System.Threading.ThreadHelper.ThreadStart_Context(Object state)
   場所 System.Threading.ExecutionContext.RunInternal(ExecutionContext executionContext, ContextCallback callback, Object state, Boolean preserveSyncCtx)
   場所 System.Threading.ExecutionContext.Run(ExecutionContext executionContext, ContextCallback callback, Object state, Boolean preserveSyncCtx)
   場所 System.Threading.ExecutionContext.Run(ExecutionContext executionContext, ContextCallback callback, Object state)
   場所 System.Threading.ThreadHelper.ThreadStart(), Program: "伝票情報 表示".
 <-1> 03/06/2026 14:23:23.719     [Error  ] - [MgGui.dll] Control 'V_仕入金額(軽減)_0': オブジェクト参照がオブジェクト インスタンスに設定されていません。, Program: "伝票情報 表示".
 <-1> 03/06/2026 14:23:23.719     [Error  ] - [MgGui.dll] 
   場所 System.Environment.GetStackTrace(Exception e, Boolean needFileInfo)
   場所 System.Environment.get_StackTrace()
   場所 com.magicsoftware.rte.CoreExecutor.WriteExceptionToLog(Int64 contextID, String msg)
   場所 com.magicsoftware.rte.GuiEventsProcessor.WriteExceptionToLog(String message)
   場所 com.magicsoftware.unipaas.Events.WriteExceptionToLog(String msg)
   場所 com.magicsoftware.unipaas.management.gui.MgControlBase.refreshProperties(Boolean onlyRepeatableProps)
   場所 com.magicsoftware.unipaas.management.gui.MgControlBase.RefreshDisplay(Boolean onlyRepeatableProps)
   場所 com.magicsoftware.unipaas.management.gui.MgFormBase.refreshControls(Boolean repeatableOnly)
   場所 com.magicsoftware.unipaas.management.gui.MgFormBase.refreshRow(Int32 rowIdx, Boolean repeatableOnly)
   場所 com.magicsoftware.rte.gui.MgForm.DisplayRow(Int32 rowIdx, Boolean repeatableOnly, String dataCtrlPairs)
   場所 com.magicsoftware.rte.RteExecutor.DisplayRow(Int32 taskID, Int32 rowIdx, Boolean repeatableOnly, String dataCtrlPairs)
   場所 RteExecutorEndpoint.InvokeDisplayRow(Int32 taskID, Int32 rowIdx, Boolean repeatableOnly, String dataCtrlPairs)
   場所 RteExecutorBridge.DisplayRow(RteExecutorBridge* , Int32 taskID, Int32 rowIdx, Boolean repeatableOnly, UInt16* dataCtrlPairs)
   場所 CoreExecutorEndpoint.EventsLoop()
   場所 CoreExecutorGateway.EventsLoop()
   場所 com.magicsoftware.rte.RTEmanager.ExecuteWorkThread()
   場所 System.Threading.ThreadHelper.ThreadStart_Context(Object state)
   場所 System.Threading.ExecutionContext.RunInternal(ExecutionContext executionContext, ContextCallback callback, Object state, Boolean preserveSyncCtx)
   場所 System.Threading.ExecutionContext.Run(ExecutionContext executionContext, ContextCallback callback, Object state, Boolean preserveSyncCtx)
   場所 System.Threading.ExecutionContext.Run(ExecutionContext executionContext, ContextCallback callback, Object state)
   場所 System.Threading.ThreadHelper.ThreadStart(), Program: "伝票情報 表示".
 <-1> 03/06/2026 14:23:23.720     [Error  ] - [MgGui.dll] Control 'V_返品金額(軽減)_0': オブジェクト参照がオブジェクト インスタンスに設定されていません。, Program: "伝票情報 表示".
 <-1> 03/06/2026 14:23:23.720     [Error  ] - [MgGui.dll] 
   場所 System.Environment.GetStackTrace(Exception e, Boolean needFileInfo)
   場所 System.Environment.get_StackTrace()
   場所 com.magicsoftware.rte.CoreExecutor.WriteExceptionToLog(Int64 contextID, String msg)
   場所 com.magicsoftware.rte.GuiEventsProcessor.WriteExceptionToLog(String message)
   場所 com.magicsoftware.unipaas.Events.WriteExceptionToLog(String msg)
   場所 com.magicsoftware.unipaas.management.gui.MgControlBase.refreshProperties(Boolean onlyRepeatableProps)
   場所 com.magicsoftware.unipaas.management.gui.MgControlBase.RefreshDisplay(Boolean onlyRepeatableProps)
   場所 com.magicsoftware.unipaas.management.gui.MgFormBase.refreshControls(Boolean repeatableOnly)
   場所 com.magicsoftware.unipaas.management.gui.MgFormBase.refreshRow(Int32 rowIdx, Boolean repeatableOnly)
   場所 com.magicsoftware.rte.gui.MgForm.DisplayRow(Int32 rowIdx, Boolean repeatableOnly, String dataCtrlPairs)
   場所 com.magicsoftware.rte.RteExecutor.DisplayRow(Int32 taskID, Int32 rowIdx, Boolean repeatableOnly, String dataCtrlPairs)
   場所 RteExecutorEndpoint.InvokeDisplayRow(Int32 taskID, Int32 rowIdx, Boolean repeatableOnly, String dataCtrlPairs)
   場所 RteExecutorBridge.DisplayRow(RteExecutorBridge* , Int32 taskID, Int32 rowIdx, Boolean repeatableOnly, UInt16* dataCtrlPairs)
   場所 CoreExecutorEndpoint.EventsLoop()
   場所 CoreExecutorGateway.EventsLoop()
   場所 com.magicsoftware.rte.RTEmanager.ExecuteWorkThread()
   場所 System.Threading.ThreadHelper.ThreadStart_Context(Object state)
   場所 System.Threading.ExecutionContext.RunInternal(ExecutionContext executionContext, ContextCallback callback, Object state, Boolean preserveSyncCtx)
   場所 System.Threading.ExecutionContext.Run(ExecutionContext executionContext, ContextCallback callback, Object state, Boolean preserveSyncCtx)
   場所 System.Threading.ExecutionContext.Run(ExecutionContext executionContext, ContextCallback callback, Object state)
   場所 System.Threading.ThreadHelper.ThreadStart(), Program: "伝票情報 表示".
 <-1> 03/06/2026 14:23:23.720     [Error  ] - [MgGui.dll] Control 'V_値引金額(軽減)_0': オブジェクト参照がオブジェクト インスタンスに設定されていません。, Program: "伝票情報 表示".
 <-1> 03/06/2026 14:23:23.721     [Error  ] - [MgGui.dll] 
   場所 System.Environment.GetStackTrace(Exception e, Boolean needFileInfo)
   場所 System.Environment.get_StackTrace()
   場所 com.magicsoftware.rte.CoreExecutor.WriteExceptionToLog(Int64 contextID, String msg)
   場所 com.magicsoftware.rte.GuiEventsProcessor.WriteExceptionToLog(String message)
   場所 com.magicsoftware.unipaas.Events.WriteExceptionToLog(String msg)
   場所 com.magicsoftware.unipaas.management.gui.MgControlBase.refreshProperties(Boolean onlyRepeatableProps)
   場所 com.magicsoftware.unipaas.management.gui.MgControlBase.RefreshDisplay(Boolean onlyRepeatableProps)
   場所 com.magicsoftware.unipaas.management.gui.MgFormBase.refreshControls(Boolean repeatableOnly)
   場所 com.magicsoftware.unipaas.management.gui.MgFormBase.refreshRow(Int32 rowIdx, Boolean repeatableOnly)
   場所 com.magicsoftware.rte.gui.MgForm.DisplayRow(Int32 rowIdx, Boolean repeatableOnly, String dataCtrlPairs)
   場所 com.magicsoftware.rte.RteExecutor.DisplayRow(Int32 taskID, Int32 rowIdx, Boolean repeatableOnly, String dataCtrlPairs)
   場所 RteExecutorEndpoint.InvokeDisplayRow(Int32 taskID, Int32 rowIdx, Boolean repeatableOnly, String dataCtrlPairs)
   場所 RteExecutorBridge.DisplayRow(RteExecutorBridge* , Int32 taskID, Int32 rowIdx, Boolean repeatableOnly, UInt16* dataCtrlPairs)
   場所 CoreExecutorEndpoint.EventsLoop()
   場所 CoreExecutorGateway.EventsLoop()
   場所 com.magicsoftware.rte.RTEmanager.ExecuteWorkThread()
   場所 System.Threading.ThreadHelper.ThreadStart_Context(Object state)
   場所 System.Threading.ExecutionContext.RunInternal(ExecutionContext executionContext, ContextCallback callback, Object state, Boolean preserveSyncCtx)
   場所 System.Threading.ExecutionContext.Run(ExecutionContext executionContext, ContextCallback callback, Object state, Boolean preserveSyncCtx)
   場所 System.Threading.ExecutionContext.Run(ExecutionContext executionContext, ContextCallback callback, Object state)
   場所 System.Threading.ThreadHelper.ThreadStart(), Program: "伝票情報 表示".
 <-1> 03/06/2026 14:23:23.721     [Error  ] - [MgGui.dll] Control 'V_消費税額(軽減)_0': オブジェクト参照がオブジェクト インスタンスに設定されていません。, Program: "伝票情報 表示".
 <-1> 03/06/2026 14:23:23.722     [Error  ] - [MgGui.dll] 
   場所 System.Environment.GetStackTrace(Exception e, Boolean needFileInfo)
   場所 System.Environment.get_StackTrace()
   場所 com.magicsoftware.rte.CoreExecutor.WriteExceptionToLog(Int64 contextID, String msg)
   場所 com.magicsoftware.rte.GuiEventsProcessor.WriteExceptionToLog(String message)
   場所 com.magicsoftware.unipaas.Events.WriteExceptionToLog(String msg)
   場所 com.magicsoftware.unipaas.management.gui.MgControlBase.refreshProperties(Boolean onlyRepeatableProps)
   場所 com.magicsoftware.unipaas.management.gui.MgControlBase.RefreshDisplay(Boolean onlyRepeatableProps)
   場所 com.magicsoftware.unipaas.management.gui.MgFormBase.refreshControls(Boolean repeatableOnly)
   場所 com.magicsoftware.unipaas.management.gui.MgFormBase.refreshRow(Int32 rowIdx, Boolean repeatableOnly)
   場所 com.magicsoftware.rte.gui.MgForm.DisplayRow(Int32 rowIdx, Boolean repeatableOnly, String dataCtrlPairs)
   場所 com.magicsoftware.rte.RteExecutor.DisplayRow(Int32 taskID, Int32 rowIdx, Boolean repeatableOnly, String dataCtrlPairs)
   場所 RteExecutorEndpoint.InvokeDisplayRow(Int32 taskID, Int32 rowIdx, Boolean repeatableOnly, String dataCtrlPairs)
   場所 RteExecutorBridge.DisplayRow(RteExecutorBridge* , Int32 taskID, Int32 rowIdx, Boolean repeatableOnly, UInt16* dataCtrlPairs)
   場所 CoreExecutorEndpoint.EventsLoop()
   場所 CoreExecutorGateway.EventsLoop()
   場所 com.magicsoftware.rte.RTEmanager.ExecuteWorkThread()
   場所 System.Threading.ThreadHelper.ThreadStart_Context(Object state)
   場所 System.Threading.ExecutionContext.RunInternal(ExecutionContext executionContext, ContextCallback callback, Object state, Boolean preserveSyncCtx)
   場所 System.Threading.ExecutionContext.Run(ExecutionContext executionContext, ContextCallback callback, Object state, Boolean preserveSyncCtx)
   場所 System.Threading.ExecutionContext.Run(ExecutionContext executionContext, ContextCallback callback, Object state)
   場所 System.Threading.ThreadHelper.ThreadStart(), Program: "伝票情報 表示".
 <-1> 03/06/2026 14:23:23.722     [Error  ] - [MgGui.dll] Control 'V_仕入金額(標準)_0': オブジェクト参照がオブジェクト インスタンスに設定されていません。, Program: "伝票情報 表示".
 <-1> 03/06/2026 14:23:23.722     [Error  ] - [MgGui.dll] 
   場所 System.Environment.GetStackTrace(Exception e, Boolean needFileInfo)
   場所 System.Environment.get_StackTrace()
   場所 com.magicsoftware.rte.CoreExecutor.WriteExceptionToLog(Int64 contextID, String msg)
   場所 com.magicsoftware.rte.GuiEventsProcessor.WriteExceptionToLog(String message)
   場所 com.magicsoftware.unipaas.Events.WriteExceptionToLog(String msg)
   場所 com.magicsoftware.unipaas.management.gui.MgControlBase.refreshProperties(Boolean onlyRepeatableProps)
   場所 com.magicsoftware.unipaas.management.gui.MgControlBase.RefreshDisplay(Boolean onlyRepeatableProps)
   場所 com.magicsoftware.unipaas.management.gui.MgFormBase.refreshControls(Boolean repeatableOnly)
   場所 com.magicsoftware.unipaas.management.gui.MgFormBase.refreshRow(Int32 rowIdx, Boolean repeatableOnly)
   場所 com.magicsoftware.rte.gui.MgForm.DisplayRow(Int32 rowIdx, Boolean repeatableOnly, String dataCtrlPairs)
   場所 com.magicsoftware.rte.RteExecutor.DisplayRow(Int32 taskID, Int32 rowIdx, Boolean repeatableOnly, String dataCtrlPairs)
   場所 RteExecutorEndpoint.InvokeDisplayRow(Int32 taskID, Int32 rowIdx, Boolean repeatableOnly, String dataCtrlPairs)
   場所 RteExecutorBridge.DisplayRow(RteExecutorBridge* , Int32 taskID, Int32 rowIdx, Boolean repeatableOnly, UInt16* dataCtrlPairs)
   場所 CoreExecutorEndpoint.EventsLoop()
   場所 CoreExecutorGateway.EventsLoop()
   場所 com.magicsoftware.rte.RTEmanager.ExecuteWorkThread()
   場所 System.Threading.ThreadHelper.ThreadStart_Context(Object state)
   場所 System.Threading.ExecutionContext.RunInternal(ExecutionContext executionContext, ContextCallback callback, Object state, Boolean preserveSyncCtx)
   場所 System.Threading.ExecutionContext.Run(ExecutionContext executionContext, ContextCallback callback, Object state, Boolean preserveSyncCtx)
   場所 System.Threading.ExecutionContext.Run(ExecutionContext executionContext, ContextCallback callback, Object state)
   場所 System.Threading.ThreadHelper.ThreadStart(), Program: "伝票情報 表示".
 <-1> 03/06/2026 14:23:23.722     [Error  ] - [MgGui.dll] Control 'V_返品金額(標準)_0': オブジェクト参照がオブジェクト インスタンスに設定されていません。, Program: "伝票情報 表示".
 <-1> 03/06/2026 14:23:23.723     [Error  ] - [MgGui.dll] 
   場所 System.Environment.GetStackTrace(Exception e, Boolean needFileInfo)
   場所 System.Environment.get_StackTrace()
   場所 com.magicsoftware.rte.CoreExecutor.WriteExceptionToLog(Int64 contextID, String msg)
   場所 com.magicsoftware.rte.GuiEventsProcessor.WriteExceptionToLog(String message)
   場所 com.magicsoftware.unipaas.Events.WriteExceptionToLog(String msg)
   場所 com.magicsoftware.unipaas.management.gui.MgControlBase.refreshProperties(Boolean onlyRepeatableProps)
   場所 com.magicsoftware.unipaas.management.gui.MgControlBase.RefreshDisplay(Boolean onlyRepeatableProps)
   場所 com.magicsoftware.unipaas.management.gui.MgFormBase.refreshControls(Boolean repeatableOnly)
   場所 com.magicsoftware.unipaas.management.gui.MgFormBase.refreshRow(Int32 rowIdx, Boolean repeatableOnly)
   場所 com.magicsoftware.rte.gui.MgForm.DisplayRow(Int32 rowIdx, Boolean repeatableOnly, String dataCtrlPairs)
   場所 com.magicsoftware.rte.RteExecutor.DisplayRow(Int32 taskID, Int32 rowIdx, Boolean repeatableOnly, String dataCtrlPairs)
   場所 RteExecutorEndpoint.InvokeDisplayRow(Int32 taskID, Int32 rowIdx, Boolean repeatableOnly, String dataCtrlPairs)
   場所 RteExecutorBridge.DisplayRow(RteExecutorBridge* , Int32 taskID, Int32 rowIdx, Boolean repeatableOnly, UInt16* dataCtrlPairs)
   場所 CoreExecutorEndpoint.EventsLoop()
   場所 CoreExecutorGateway.EventsLoop()
   場所 com.magicsoftware.rte.RTEmanager.ExecuteWorkThread()
   場所 System.Threading.ThreadHelper.ThreadStart_Context(Object state)
   場所 System.Threading.ExecutionContext.RunInternal(ExecutionContext executionContext, ContextCallback callback, Object state, Boolean preserveSyncCtx)
   場所 System.Threading.ExecutionContext.Run(ExecutionContext executionContext, ContextCallback callback, Object state, Boolean preserveSyncCtx)
   場所 System.Threading.ExecutionContext.Run(ExecutionContext executionContext, ContextCallback callback, Object state)
   場所 System.Threading.ThreadHelper.ThreadStart(), Program: "伝票情報 表示".
 <-1> 03/06/2026 14:23:23.723     [Error  ] - [MgGui.dll] Control 'V_値引金額(標準)_0': オブジェクト参照がオブジェクト インスタンスに設定されていません。, Program: "伝票情報 表示".
 <-1> 03/06/2026 14:23:23.723     [Error  ] - [MgGui.dll] 
   場所 System.Environment.GetStackTrace(Exception e, Boolean needFileInfo)
   場所 System.Environment.get_StackTrace()
   場所 com.magicsoftware.rte.CoreExecutor.WriteExceptionToLog(Int64 contextID, String msg)
   場所 com.magicsoftware.rte.GuiEventsProcessor.WriteExceptionToLog(String message)
   場所 com.magicsoftware.unipaas.Events.WriteExceptionToLog(String msg)
   場所 com.magicsoftware.unipaas.management.gui.MgControlBase.refreshProperties(Boolean onlyRepeatableProps)
   場所 com.magicsoftware.unipaas.management.gui.MgControlBase.RefreshDisplay(Boolean onlyRepeatableProps)
   場所 com.magicsoftware.unipaas.management.gui.MgFormBase.refreshControls(Boolean repeatableOnly)
   場所 com.magicsoftware.unipaas.management.gui.MgFormBase.refreshRow(Int32 rowIdx, Boolean repeatableOnly)
   場所 com.magicsoftware.rte.gui.MgForm.DisplayRow(Int32 rowIdx, Boolean repeatableOnly, String dataCtrlPairs)
   場所 com.magicsoftware.rte.RteExecutor.DisplayRow(Int32 taskID, Int32 rowIdx, Boolean repeatableOnly, String dataCtrlPairs)
   場所 RteExecutorEndpoint.InvokeDisplayRow(Int32 taskID, Int32 rowIdx, Boolean repeatableOnly, String dataCtrlPairs)
   場所 RteExecutorBridge.DisplayRow(RteExecutorBridge* , Int32 taskID, Int32 rowIdx, Boolean repeatableOnly, UInt16* dataCtrlPairs)
   場所 CoreExecutorEndpoint.EventsLoop()
   場所 CoreExecutorGateway.EventsLoop()
   場所 com.magicsoftware.rte.RTEmanager.ExecuteWorkThread()
   場所 System.Threading.ThreadHelper.ThreadStart_Context(Object state)
   場所 System.Threading.ExecutionContext.RunInternal(ExecutionContext executionContext, ContextCallback callback, Object state, Boolean preserveSyncCtx)
   場所 System.Threading.ExecutionContext.Run(ExecutionContext executionContext, ContextCallback callback, Object state, Boolean preserveSyncCtx)
   場所 System.Threading.ExecutionContext.Run(ExecutionContext executionContext, ContextCallback callback, Object state)
   場所 System.Threading.ThreadHelper.ThreadStart(), Program: "伝票情報 表示".
 <-1> 03/06/2026 14:23:23.723     [Error  ] - [MgGui.dll] Control 'V_消費税額(標準)_0': オブジェクト参照がオブジェクト インスタンスに設定されていません。, Program: "伝票情報 表示".
 <-1> 03/06/2026 14:23:23.724     [Error  ] - [MgGui.dll] 
   場所 System.Environment.GetStackTrace(Exception e, Boolean needFileInfo)
   場所 System.Environment.get_StackTrace()
   場所 com.magicsoftware.rte.CoreExecutor.WriteExceptionToLog(Int64 contextID, String msg)
   場所 com.magicsoftware.rte.GuiEventsProcessor.WriteExceptionToLog(String message)
   場所 com.magicsoftware.unipaas.Events.WriteExceptionToLog(String msg)
   場所 com.magicsoftware.unipaas.management.gui.MgControlBase.refreshProperties(Boolean onlyRepeatableProps)
   場所 com.magicsoftware.unipaas.management.gui.MgControlBase.RefreshDisplay(Boolean onlyRepeatableProps)
   場所 com.magicsoftware.unipaas.management.gui.MgFormBase.refreshControls(Boolean repeatableOnly)
   場所 com.magicsoftware.unipaas.management.gui.MgFormBase.refreshRow(Int32 rowIdx, Boolean repeatableOnly)
   場所 com.magicsoftware.rte.gui.MgForm.DisplayRow(Int32 rowIdx, Boolean repeatableOnly, String dataCtrlPairs)
   場所 com.magicsoftware.rte.RteExecutor.DisplayRow(Int32 taskID, Int32 rowIdx, Boolean repeatableOnly, String dataCtrlPairs)
   場所 RteExecutorEndpoint.InvokeDisplayRow(Int32 taskID, Int32 rowIdx, Boolean repeatableOnly, String dataCtrlPairs)
   場所 RteExecutorBridge.DisplayRow(RteExecutorBridge* , Int32 taskID, Int32 rowIdx, Boolean repeatableOnly, UInt16* dataCtrlPairs)
   場所 CoreExecutorEndpoint.EventsLoop()
   場所 CoreExecutorGateway.EventsLoop()
   場所 com.magicsoftware.rte.RTEmanager.ExecuteWorkThread()
   場所 System.Threading.ThreadHelper.ThreadStart_Context(Object state)
   場所 System.Threading.ExecutionContext.RunInternal(ExecutionContext executionContext, ContextCallback callback, Object state, Boolean preserveSyncCtx)
   場所 System.Threading.ExecutionContext.Run(ExecutionContext executionContext, ContextCallback callback, Object state, Boolean preserveSyncCtx)
   場所 System.Threading.ExecutionContext.Run(ExecutionContext executionContext, ContextCallback callback, Object state)
   場所 System.Threading.ThreadHelper.ThreadStart(), Program: "伝票情報 表示".
 <-1> 03/06/2026 14:23:23.724     [Error  ] - [MgGui.dll] Control 'V_合計金額_0': オブジェクト参照がオブジェクト インスタンスに設定されていません。, Program: "伝票情報 表示".
 <-1> 03/06/2026 14:23:23.724     [Error  ] - [MgGui.dll] 
   場所 System.Environment.GetStackTrace(Exception e, Boolean needFileInfo)
   場所 System.Environment.get_StackTrace()
   場所 com.magicsoftware.rte.CoreExecutor.WriteExceptionToLog(Int64 contextID, String msg)
   場所 com.magicsoftware.rte.GuiEventsProcessor.WriteExceptionToLog(String message)
   場所 com.magicsoftware.unipaas.Events.WriteExceptionToLog(String msg)
   場所 com.magicsoftware.unipaas.management.gui.MgControlBase.refreshProperties(Boolean onlyRepeatableProps)
   場所 com.magicsoftware.unipaas.management.gui.MgControlBase.RefreshDisplay(Boolean onlyRepeatableProps)
   場所 com.magicsoftware.unipaas.management.gui.MgFormBase.refreshControls(Boolean repeatableOnly)
   場所 com.magicsoftware.unipaas.management.gui.MgFormBase.refreshRow(Int32 rowIdx, Boolean repeatableOnly)
   場所 com.magicsoftware.rte.gui.MgForm.DisplayRow(Int32 rowIdx, Boolean repeatableOnly, String dataCtrlPairs)
   場所 com.magicsoftware.rte.RteExecutor.DisplayRow(Int32 taskID, Int32 rowIdx, Boolean repeatableOnly, String dataCtrlPairs)
   場所 RteExecutorEndpoint.InvokeDisplayRow(Int32 taskID, Int32 rowIdx, Boolean repeatableOnly, String dataCtrlPairs)
   場所 RteExecutorBridge.DisplayRow(RteExecutorBridge* , Int32 taskID, Int32 rowIdx, Boolean repeatableOnly, UInt16* dataCtrlPairs)
   場所 CoreExecutorEndpoint.EventsLoop()
   場所 CoreExecutorGateway.EventsLoop()
   場所 com.magicsoftware.rte.RTEmanager.ExecuteWorkThread()
   場所 System.Threading.ThreadHelper.ThreadStart_Context(Object state)
   場所 System.Threading.ExecutionContext.RunInternal(ExecutionContext executionContext, ContextCallback callback, Object state, Boolean preserveSyncCtx)
   場所 System.Threading.ExecutionContext.Run(ExecutionContext executionContext, ContextCallback callback, Object state, Boolean preserveSyncCtx)
   場所 System.Threading.ExecutionContext.Run(ExecutionContext executionContext, ContextCallback callback, Object state)
   場所 System.Threading.ThreadHelper.ThreadStart(), Program: "伝票情報 表示".
 <-1> 03/06/2026 14:23:23.724     [Error  ] - [MgGui.dll] Control 'V_開始伝票NO_0': オブジェクト参照がオブジェクト インスタンスに設定されていません。, Program: "伝票情報 表示".
 <-1> 03/06/2026 14:23:23.724     [Error  ] - [MgGui.dll] 
   場所 System.Environment.GetStackTrace(Exception e, Boolean needFileInfo)
   場所 System.Environment.get_StackTrace()
   場所 com.magicsoftware.rte.CoreExecutor.WriteExceptionToLog(Int64 contextID, String msg)
   場所 com.magicsoftware.rte.GuiEventsProcessor.WriteExceptionToLog(String message)
   場所 com.magicsoftware.unipaas.Events.WriteExceptionToLog(String msg)
   場所 com.magicsoftware.unipaas.management.gui.MgControlBase.refreshProperties(Boolean onlyRepeatableProps)
   場所 com.magicsoftware.unipaas.management.gui.MgControlBase.RefreshDisplay(Boolean onlyRepeatableProps)
   場所 com.magicsoftware.unipaas.management.gui.MgFormBase.refreshControls(Boolean repeatableOnly)
   場所 com.magicsoftware.unipaas.management.gui.MgFormBase.refreshRow(Int32 rowIdx, Boolean repeatableOnly)
   場所 com.magicsoftware.rte.gui.MgForm.DisplayRow(Int32 rowIdx, Boolean repeatableOnly, String dataCtrlPairs)
   場所 com.magicsoftware.rte.RteExecutor.DisplayRow(Int32 taskID, Int32 rowIdx, Boolean repeatableOnly, String dataCtrlPairs)
   場所 RteExecutorEndpoint.InvokeDisplayRow(Int32 taskID, Int32 rowIdx, Boolean repeatableOnly, String dataCtrlPairs)
   場所 RteExecutorBridge.DisplayRow(RteExecutorBridge* , Int32 taskID, Int32 rowIdx, Boolean repeatableOnly, UInt16* dataCtrlPairs)
   場所 CoreExecutorEndpoint.EventsLoop()
   場所 CoreExecutorGateway.EventsLoop()
   場所 com.magicsoftware.rte.RTEmanager.ExecuteWorkThread()
   場所 System.Threading.ThreadHelper.ThreadStart_Context(Object state)
   場所 System.Threading.ExecutionContext.RunInternal(ExecutionContext executionContext, ContextCallback callback, Object state, Boolean preserveSyncCtx)
   場所 System.Threading.ExecutionContext.Run(ExecutionContext executionContext, ContextCallback callback, Object state, Boolean preserveSyncCtx)
   場所 System.Threading.ExecutionContext.Run(ExecutionContext executionContext, ContextCallback callback, Object state)
   場所 System.Threading.ThreadHelper.ThreadStart(), Program: "伝票情報 表示".
 <-1> 03/06/2026 14:23:23.725     [Error  ] - [MgGui.dll] Control 'V_終了伝票NO_0': オブジェクト参照がオブジェクト インスタンスに設定されていません。, Program: "伝票情報 表示".
 <-1> 03/06/2026 14:23:23.725     [Error  ] - [MgGui.dll] 
   場所 System.Environment.GetStackTrace(Exception e, Boolean needFileInfo)
   場所 System.Environment.get_StackTrace()
   場所 com.magicsoftware.rte.CoreExecutor.WriteExceptionToLog(Int64 contextID, String msg)
   場所 com.magicsoftware.rte.GuiEventsProcessor.WriteExceptionToLog(String message)
   場所 com.magicsoftware.unipaas.Events.WriteExceptionToLog(String msg)
   場所 com.magicsoftware.unipaas.management.gui.MgControlBase.refreshProperties(Boolean onlyRepeatableProps)
   場所 com.magicsoftware.unipaas.management.gui.MgControlBase.RefreshDisplay(Boolean onlyRepeatableProps)
   場所 com.magicsoftware.unipaas.management.gui.MgFormBase.refreshControls(Boolean repeatableOnly)
   場所 com.magicsoftware.unipaas.management.gui.MgFormBase.refreshRow(Int32 rowIdx, Boolean repeatableOnly)
   場所 com.magicsoftware.rte.gui.MgForm.DisplayRow(Int32 rowIdx, Boolean repeatableOnly, String dataCtrlPairs)
   場所 com.magicsoftware.rte.RteExecutor.DisplayRow(Int32 taskID, Int32 rowIdx, Boolean repeatableOnly, String dataCtrlPairs)
   場所 RteExecutorEndpoint.InvokeDisplayRow(Int32 taskID, Int32 rowIdx, Boolean repeatableOnly, String dataCtrlPairs)
   場所 RteExecutorBridge.DisplayRow(RteExecutorBridge* , Int32 taskID, Int32 rowIdx, Boolean repeatableOnly, UInt16* dataCtrlPairs)
   場所 CoreExecutorEndpoint.EventsLoop()
   場所 CoreExecutorGateway.EventsLoop()
   場所 com.magicsoftware.rte.RTEmanager.ExecuteWorkThread()
   場所 System.Threading.ThreadHelper.ThreadStart_Context(Object state)
   場所 System.Threading.ExecutionContext.RunInternal(ExecutionContext executionContext, ContextCallback callback, Object state, Boolean preserveSyncCtx)
   場所 System.Threading.ExecutionContext.Run(ExecutionContext executionContext, ContextCallback callback, Object state, Boolean preserveSyncCtx)
   場所 System.Threading.ExecutionContext.Run(ExecutionContext executionContext, ContextCallback callback, Object state)
   場所 System.Threading.ThreadHelper.ThreadStart(), Program: "伝票情報 表示".
 <-1> 03/06/2026 14:23:23.725     [Error  ] - [MgGui.dll] Control 'V_次伝票NO_0': オブジェクト参照がオブジェクト インスタンスに設定されていません。, Program: "伝票情報 表示".
 <-1> 03/06/2026 14:23:23.725     [Error  ] - [MgGui.dll] 
   場所 System.Environment.GetStackTrace(Exception e, Boolean needFileInfo)
   場所 System.Environment.get_StackTrace()
   場所 com.magicsoftware.rte.CoreExecutor.WriteExceptionToLog(Int64 contextID, String msg)
   場所 com.magicsoftware.rte.GuiEventsProcessor.WriteExceptionToLog(String message)
   場所 com.magicsoftware.unipaas.Events.WriteExceptionToLog(String msg)
   場所 com.magicsoftware.unipaas.management.gui.MgControlBase.refreshProperties(Boolean onlyRepeatableProps)
   場所 com.magicsoftware.unipaas.management.gui.MgControlBase.RefreshDisplay(Boolean onlyRepeatableProps)
   場所 com.magicsoftware.unipaas.management.gui.MgFormBase.refreshControls(Boolean repeatableOnly)
   場所 com.magicsoftware.unipaas.management.gui.MgFormBase.refreshRow(Int32 rowIdx, Boolean repeatableOnly)
   場所 com.magicsoftware.rte.gui.MgForm.DisplayRow(Int32 rowIdx, Boolean repeatableOnly, String dataCtrlPairs)
   場所 com.magicsoftware.rte.RteExecutor.DisplayRow(Int32 taskID, Int32 rowIdx, Boolean repeatableOnly, String dataCtrlPairs)
   場所 RteExecutorEndpoint.InvokeDisplayRow(Int32 taskID, Int32 rowIdx, Boolean repeatableOnly, String dataCtrlPairs)
   場所 RteExecutorBridge.DisplayRow(RteExecutorBridge* , Int32 taskID, Int32 rowIdx, Boolean repeatableOnly, UInt16* dataCtrlPairs)
   場所 CoreExecutorEndpoint.EventsLoop()
   場所 CoreExecutorGateway.EventsLoop()
   場所 com.magicsoftware.rte.RTEmanager.ExecuteWorkThread()
   場所 System.Threading.ThreadHelper.ThreadStart_Context(Object state)
   場所 System.Threading.ExecutionContext.RunInternal(ExecutionContext executionContext, ContextCallback callback, Object state, Boolean preserveSyncCtx)
   場所 System.Threading.ExecutionContext.Run(ExecutionContext executionContext, ContextCallback callback, Object state, Boolean preserveSyncCtx)
   場所 System.Threading.ExecutionContext.Run(ExecutionContext executionContext, ContextCallback callback, Object state)
   場所 System.Threading.ThreadHelper.ThreadStart(), Program: "伝票情報 表示".
 <-1> 03/06/2026 14:24:14.260     [Error  ] - [MgGui.dll] in Control.fillData(): missing datatype or picture string for control: V_仕入金額(軽減), Program: "伝票情報 表示".
 <-1> 03/06/2026 14:24:14.260     [Error  ] - [MgGui.dll] 
   場所 System.Environment.GetStackTrace(Exception e, Boolean needFileInfo)
   場所 System.Environment.get_StackTrace()
   場所 com.magicsoftware.rte.CoreExecutor.WriteExceptionToLog(Int64 contextID, String msg)
   場所 com.magicsoftware.rte.GuiEventsProcessor.WriteExceptionToLog(String message)
   場所 com.magicsoftware.unipaas.Events.WriteExceptionToLog(String msg)
   場所 com.magicsoftware.unipaas.management.gui.MgControlBase.fillData(MgFormBase mgForm, Int32 ditIdx)
   場所 com.magicsoftware.unipaas.management.gui.ControlTable.initInnerObjects(String foundTagName)
   場所 com.magicsoftware.unipaas.management.gui.ControlTable.fillData(MgFormBase mgForm)
   場所 com.magicsoftware.unipaas.management.gui.MgFormBase.initInnerObjects(String foundTagName)
   場所 com.magicsoftware.unipaas.management.gui.MgFormBase.fillData(TaskBase taskRef)
   場所 com.magicsoftware.rte.gui.MgForm.fillData(TaskBase taskRef)
   場所 com.magicsoftware.unipaas.management.tasks.TaskBase.FormInitData(MgFormBase parentForm)
   場所 com.magicsoftware.unipaas.management.tasks.TaskBase.initInnerObjects(String foundTagName, MgFormBase parentForm)
   場所 com.magicsoftware.rte.tasks.Task.FillData(MgFormBase parentFrom)
   場所 com.magicsoftware.rte.tasks.TasksManager.InitInnerObjects(String currTagName, Int64 contextID, MgFormBase parentForm, Task& task)
   場所 com.magicsoftware.rte.tasks.TasksManager.fillData(Int64 contextID, String xmlData, MgFormBase parentForm)
   場所 com.magicsoftware.rte.RteExecutor.OpenTask(Double contextID, String xmlData, Int32 parentFormTskID, Int32 triggeringParentTaskID)
   場所 RteExecutorEndpoint.OpenTask(Double contextID, String content, Int32 parentTskID, Int32 triggeringTaskID)
   場所 RteExecutorBridge.OpenTask(RteExecutorBridge* , Double contextID, UInt16* content, Int32 parentFormTskID, Int32 triggeringTaskID)
   場所 CoreExecutorEndpoint.EventsLoop()
   場所 CoreExecutorGateway.EventsLoop()
   場所 com.magicsoftware.rte.RTEmanager.ExecuteWorkThread()
   場所 System.Threading.ThreadHelper.ThreadStart_Context(Object state)
   場所 System.Threading.ExecutionContext.RunInternal(ExecutionContext executionContext, ContextCallback callback, Object state, Boolean preserveSyncCtx)
   場所 System.Threading.ExecutionContext.Run(ExecutionContext executionContext, ContextCallback callback, Object state, Boolean preserveSyncCtx)
   場所 System.Threading.ExecutionContext.Run(ExecutionContext executionContext, ContextCallback callback, Object state)
   場所 System.Threading.ThreadHelper.ThreadStart(), Program: "伝票情報 表示".
 <-1> 03/06/2026 14:24:14.261     [Error  ] - [MgGui.dll] in Control.fillData(): missing datatype or picture string for control: V_返品金額(軽減), Program: "伝票情報 表示".
 <-1> 03/06/2026 14:24:14.261     [Error  ] - [MgGui.dll] 
   場所 System.Environment.GetStackTrace(Exception e, Boolean needFileInfo)
   場所 System.Environment.get_StackTrace()
   場所 com.magicsoftware.rte.CoreExecutor.WriteExceptionToLog(Int64 contextID, String msg)
   場所 com.magicsoftware.rte.GuiEventsProcessor.WriteExceptionToLog(String message)
   場所 com.magicsoftware.unipaas.Events.WriteExceptionToLog(String msg)
   場所 com.magicsoftware.unipaas.management.gui.MgControlBase.fillData(MgFormBase mgForm, Int32 ditIdx)
   場所 com.magicsoftware.unipaas.management.gui.ControlTable.initInnerObjects(String foundTagName)
   場所 com.magicsoftware.unipaas.management.gui.ControlTable.fillData(MgFormBase mgForm)
   場所 com.magicsoftware.unipaas.management.gui.MgFormBase.initInnerObjects(String foundTagName)
   場所 com.magicsoftware.unipaas.management.gui.MgFormBase.fillData(TaskBase taskRef)
   場所 com.magicsoftware.rte.gui.MgForm.fillData(TaskBase taskRef)
   場所 com.magicsoftware.unipaas.management.tasks.TaskBase.FormInitData(MgFormBase parentForm)
   場所 com.magicsoftware.unipaas.management.tasks.TaskBase.initInnerObjects(String foundTagName, MgFormBase parentForm)
   場所 com.magicsoftware.rte.tasks.Task.FillData(MgFormBase parentFrom)
   場所 com.magicsoftware.rte.tasks.TasksManager.InitInnerObjects(String currTagName, Int64 contextID, MgFormBase parentForm, Task& task)
   場所 com.magicsoftware.rte.tasks.TasksManager.fillData(Int64 contextID, String xmlData, MgFormBase parentForm)
   場所 com.magicsoftware.rte.RteExecutor.OpenTask(Double contextID, String xmlData, Int32 parentFormTskID, Int32 triggeringParentTaskID)
   場所 RteExecutorEndpoint.OpenTask(Double contextID, String content, Int32 parentTskID, Int32 triggeringTaskID)
   場所 RteExecutorBridge.OpenTask(RteExecutorBridge* , Double contextID, UInt16* content, Int32 parentFormTskID, Int32 triggeringTaskID)
   場所 CoreExecutorEndpoint.EventsLoop()
   場所 CoreExecutorGateway.EventsLoop()
   場所 com.magicsoftware.rte.RTEmanager.ExecuteWorkThread()
   場所 System.Threading.ThreadHelper.ThreadStart_Context(Object state)
   場所 System.Threading.ExecutionContext.RunInternal(ExecutionContext executionContext, ContextCallback callback, Object state, Boolean preserveSyncCtx)
   場所 System.Threading.ExecutionContext.Run(ExecutionContext executionContext, ContextCallback callback, Object state, Boolean preserveSyncCtx)
   場所 System.Threading.ExecutionContext.Run(ExecutionContext executionContext, ContextCallback callback, Object state)
   場所 System.Threading.ThreadHelper.ThreadStart(), Program: "伝票情報 表示".
 <-1> 03/06/2026 14:24:14.262     [Error  ] - [MgGui.dll] in Control.fillData(): missing datatype or picture string for control: V_値引金額(軽減), Program: "伝票情報 表示".
 <-1> 03/06/2026 14:24:14.262     [Error  ] - [MgGui.dll] 
   場所 System.Environment.GetStackTrace(Exception e, Boolean needFileInfo)
   場所 System.Environment.get_StackTrace()
   場所 com.magicsoftware.rte.CoreExecutor.WriteExceptionToLog(Int64 contextID, String msg)
   場所 com.magicsoftware.rte.GuiEventsProcessor.WriteExceptionToLog(String message)
   場所 com.magicsoftware.unipaas.Events.WriteExceptionToLog(String msg)
   場所 com.magicsoftware.unipaas.management.gui.MgControlBase.fillData(MgFormBase mgForm, Int32 ditIdx)
   場所 com.magicsoftware.unipaas.management.gui.ControlTable.initInnerObjects(String foundTagName)
   場所 com.magicsoftware.unipaas.management.gui.ControlTable.fillData(MgFormBase mgForm)
   場所 com.magicsoftware.unipaas.management.gui.MgFormBase.initInnerObjects(String foundTagName)
   場所 com.magicsoftware.unipaas.management.gui.MgFormBase.fillData(TaskBase taskRef)
   場所 com.magicsoftware.rte.gui.MgForm.fillData(TaskBase taskRef)
   場所 com.magicsoftware.unipaas.management.tasks.TaskBase.FormInitData(MgFormBase parentForm)
   場所 com.magicsoftware.unipaas.management.tasks.TaskBase.initInnerObjects(String foundTagName, MgFormBase parentForm)
   場所 com.magicsoftware.rte.tasks.Task.FillData(MgFormBase parentFrom)
   場所 com.magicsoftware.rte.tasks.TasksManager.InitInnerObjects(String currTagName, Int64 contextID, MgFormBase parentForm, Task& task)
   場所 com.magicsoftware.rte.tasks.TasksManager.fillData(Int64 contextID, String xmlData, MgFormBase parentForm)
   場所 com.magicsoftware.rte.RteExecutor.OpenTask(Double contextID, String xmlData, Int32 parentFormTskID, Int32 triggeringParentTaskID)
   場所 RteExecutorEndpoint.OpenTask(Double contextID, String content, Int32 parentTskID, Int32 triggeringTaskID)
   場所 RteExecutorBridge.OpenTask(RteExecutorBridge* , Double contextID, UInt16* content, Int32 parentFormTskID, Int32 triggeringTaskID)
   場所 CoreExecutorEndpoint.EventsLoop()
   場所 CoreExecutorGateway.EventsLoop()
   場所 com.magicsoftware.rte.RTEmanager.ExecuteWorkThread()
   場所 System.Threading.ThreadHelper.ThreadStart_Context(Object state)
   場所 System.Threading.ExecutionContext.RunInternal(ExecutionContext executionContext, ContextCallback callback, Object state, Boolean preserveSyncCtx)
   場所 System.Threading.ExecutionContext.Run(ExecutionContext executionContext, ContextCallback callback, Object state, Boolean preserveSyncCtx)
   場所 System.Threading.ExecutionContext.Run(ExecutionContext executionContext, ContextCallback callback, Object state)
   場所 System.Threading.ThreadHelper.ThreadStart(), Program: "伝票情報 表示".
 <-1> 03/06/2026 14:24:14.263     [Error  ] - [MgGui.dll] in Control.fillData(): missing datatype or picture string for control: V_消費税額(軽減), Program: "伝票情報 表示".
 <-1> 03/06/2026 14:24:14.263     [Error  ] - [MgGui.dll] 
   場所 System.Environment.GetStackTrace(Exception e, Boolean needFileInfo)
   場所 System.Environment.get_StackTrace()
   場所 com.magicsoftware.rte.CoreExecutor.WriteExceptionToLog(Int64 contextID, String msg)
   場所 com.magicsoftware.rte.GuiEventsProcessor.WriteExceptionToLog(String message)
   場所 com.magicsoftware.unipaas.Events.WriteExceptionToLog(String msg)
   場所 com.magicsoftware.unipaas.management.gui.MgControlBase.fillData(MgFormBase mgForm, Int32 ditIdx)
   場所 com.magicsoftware.unipaas.management.gui.ControlTable.initInnerObjects(String foundTagName)
   場所 com.magicsoftware.unipaas.management.gui.ControlTable.fillData(MgFormBase mgForm)
   場所 com.magicsoftware.unipaas.management.gui.MgFormBase.initInnerObjects(String foundTagName)
   場所 com.magicsoftware.unipaas.management.gui.MgFormBase.fillData(TaskBase taskRef)
   場所 com.magicsoftware.rte.gui.MgForm.fillData(TaskBase taskRef)
   場所 com.magicsoftware.unipaas.management.tasks.TaskBase.FormInitData(MgFormBase parentForm)
   場所 com.magicsoftware.unipaas.management.tasks.TaskBase.initInnerObjects(String foundTagName, MgFormBase parentForm)
   場所 com.magicsoftware.rte.tasks.Task.FillData(MgFormBase parentFrom)
   場所 com.magicsoftware.rte.tasks.TasksManager.InitInnerObjects(String currTagName, Int64 contextID, MgFormBase parentForm, Task& task)
   場所 com.magicsoftware.rte.tasks.TasksManager.fillData(Int64 contextID, String xmlData, MgFormBase parentForm)
   場所 com.magicsoftware.rte.RteExecutor.OpenTask(Double contextID, String xmlData, Int32 parentFormTskID, Int32 triggeringParentTaskID)
   場所 RteExecutorEndpoint.OpenTask(Double contextID, String content, Int32 parentTskID, Int32 triggeringTaskID)
   場所 RteExecutorBridge.OpenTask(RteExecutorBridge* , Double contextID, UInt16* content, Int32 parentFormTskID, Int32 triggeringTaskID)
   場所 CoreExecutorEndpoint.EventsLoop()
   場所 CoreExecutorGateway.EventsLoop()
   場所 com.magicsoftware.rte.RTEmanager.ExecuteWorkThread()
   場所 System.Threading.ThreadHelper.ThreadStart_Context(Object state)
   場所 System.Threading.ExecutionContext.RunInternal(ExecutionContext executionContext, ContextCallback callback, Object state, Boolean preserveSyncCtx)
   場所 System.Threading.ExecutionContext.Run(ExecutionContext executionContext, ContextCallback callback, Object state, Boolean preserveSyncCtx)
   場所 System.Threading.ExecutionContext.Run(ExecutionContext executionContext, ContextCallback callback, Object state)
   場所 System.Threading.ThreadHelper.ThreadStart(), Program: "伝票情報 表示".
 <-1> 03/06/2026 14:24:14.263     [Error  ] - [MgGui.dll] in Control.fillData(): missing datatype or picture string for control: V_仕入金額(標準), Program: "伝票情報 表示".
 <-1> 03/06/2026 14:24:14.264     [Error  ] - [MgGui.dll] 
   場所 System.Environment.GetStackTrace(Exception e, Boolean needFileInfo)
   場所 System.Environment.get_StackTrace()
   場所 com.magicsoftware.rte.CoreExecutor.WriteExceptionToLog(Int64 contextID, String msg)
   場所 com.magicsoftware.rte.GuiEventsProcessor.WriteExceptionToLog(String message)
   場所 com.magicsoftware.unipaas.Events.WriteExceptionToLog(String msg)
   場所 com.magicsoftware.unipaas.management.gui.MgControlBase.fillData(MgFormBase mgForm, Int32 ditIdx)
   場所 com.magicsoftware.unipaas.management.gui.ControlTable.initInnerObjects(String foundTagName)
   場所 com.magicsoftware.unipaas.management.gui.ControlTable.fillData(MgFormBase mgForm)
   場所 com.magicsoftware.unipaas.management.gui.MgFormBase.initInnerObjects(String foundTagName)
   場所 com.magicsoftware.unipaas.management.gui.MgFormBase.fillData(TaskBase taskRef)
   場所 com.magicsoftware.rte.gui.MgForm.fillData(TaskBase taskRef)
   場所 com.magicsoftware.unipaas.management.tasks.TaskBase.FormInitData(MgFormBase parentForm)
   場所 com.magicsoftware.unipaas.management.tasks.TaskBase.initInnerObjects(String foundTagName, MgFormBase parentForm)
   場所 com.magicsoftware.rte.tasks.Task.FillData(MgFormBase parentFrom)
   場所 com.magicsoftware.rte.tasks.TasksManager.InitInnerObjects(String currTagName, Int64 contextID, MgFormBase parentForm, Task& task)
   場所 com.magicsoftware.rte.tasks.TasksManager.fillData(Int64 contextID, String xmlData, MgFormBase parentForm)
   場所 com.magicsoftware.rte.RteExecutor.OpenTask(Double contextID, String xmlData, Int32 parentFormTskID, Int32 triggeringParentTaskID)
   場所 RteExecutorEndpoint.OpenTask(Double contextID, String content, Int32 parentTskID, Int32 triggeringTaskID)
   場所 RteExecutorBridge.OpenTask(RteExecutorBridge* , Double contextID, UInt16* content, Int32 parentFormTskID, Int32 triggeringTaskID)
   場所 CoreExecutorEndpoint.EventsLoop()
   場所 CoreExecutorGateway.EventsLoop()
   場所 com.magicsoftware.rte.RTEmanager.ExecuteWorkThread()
   場所 System.Threading.ThreadHelper.ThreadStart_Context(Object state)
   場所 System.Threading.ExecutionContext.RunInternal(ExecutionContext executionContext, ContextCallback callback, Object state, Boolean preserveSyncCtx)
   場所 System.Threading.ExecutionContext.Run(ExecutionContext executionContext, ContextCallback callback, Object state, Boolean preserveSyncCtx)
   場所 System.Threading.ExecutionContext.Run(ExecutionContext executionContext, ContextCallback callback, Object state)
   場所 System.Threading.ThreadHelper.ThreadStart(), Program: "伝票情報 表示".
 <-1> 03/06/2026 14:24:14.264     [Error  ] - [MgGui.dll] in Control.fillData(): missing datatype or picture string for control: V_返品金額(標準), Program: "伝票情報 表示".
 <-1> 03/06/2026 14:24:14.265     [Error  ] - [MgGui.dll] 
   場所 System.Environment.GetStackTrace(Exception e, Boolean needFileInfo)
   場所 System.Environment.get_StackTrace()
   場所 com.magicsoftware.rte.CoreExecutor.WriteExceptionToLog(Int64 contextID, String msg)
   場所 com.magicsoftware.rte.GuiEventsProcessor.WriteExceptionToLog(String message)
   場所 com.magicsoftware.unipaas.Events.WriteExceptionToLog(String msg)
   場所 com.magicsoftware.unipaas.management.gui.MgControlBase.fillData(MgFormBase mgForm, Int32 ditIdx)
   場所 com.magicsoftware.unipaas.management.gui.ControlTable.initInnerObjects(String foundTagName)
   場所 com.magicsoftware.unipaas.management.gui.ControlTable.fillData(MgFormBase mgForm)
   場所 com.magicsoftware.unipaas.management.gui.MgFormBase.initInnerObjects(String foundTagName)
   場所 com.magicsoftware.unipaas.management.gui.MgFormBase.fillData(TaskBase taskRef)
   場所 com.magicsoftware.rte.gui.MgForm.fillData(TaskBase taskRef)
   場所 com.magicsoftware.unipaas.management.tasks.TaskBase.FormInitData(MgFormBase parentForm)
   場所 com.magicsoftware.unipaas.management.tasks.TaskBase.initInnerObjects(String foundTagName, MgFormBase parentForm)
   場所 com.magicsoftware.rte.tasks.Task.FillData(MgFormBase parentFrom)
   場所 com.magicsoftware.rte.tasks.TasksManager.InitInnerObjects(String currTagName, Int64 contextID, MgFormBase parentForm, Task& task)
   場所 com.magicsoftware.rte.tasks.TasksManager.fillData(Int64 contextID, String xmlData, MgFormBase parentForm)
   場所 com.magicsoftware.rte.RteExecutor.OpenTask(Double contextID, String xmlData, Int32 parentFormTskID, Int32 triggeringParentTaskID)
   場所 RteExecutorEndpoint.OpenTask(Double contextID, String content, Int32 parentTskID, Int32 triggeringTaskID)
   場所 RteExecutorBridge.OpenTask(RteExecutorBridge* , Double contextID, UInt16* content, Int32 parentFormTskID, Int32 triggeringTaskID)
   場所 CoreExecutorEndpoint.EventsLoop()
   場所 CoreExecutorGateway.EventsLoop()
   場所 com.magicsoftware.rte.RTEmanager.ExecuteWorkThread()
   場所 System.Threading.ThreadHelper.ThreadStart_Context(Object state)
   場所 System.Threading.ExecutionContext.RunInternal(ExecutionContext executionContext, ContextCallback callback, Object state, Boolean preserveSyncCtx)
   場所 System.Threading.ExecutionContext.Run(ExecutionContext executionContext, ContextCallback callback, Object state, Boolean preserveSyncCtx)
   場所 System.Threading.ExecutionContext.Run(ExecutionContext executionContext, ContextCallback callback, Object state)
   場所 System.Threading.ThreadHelper.ThreadStart(), Program: "伝票情報 表示".
 <-1> 03/06/2026 14:24:14.265     [Error  ] - [MgGui.dll] in Control.fillData(): missing datatype or picture string for control: V_値引金額(標準), Program: "伝票情報 表示".
 <-1> 03/06/2026 14:24:14.265     [Error  ] - [MgGui.dll] 
   場所 System.Environment.GetStackTrace(Exception e, Boolean needFileInfo)
   場所 System.Environment.get_StackTrace()
   場所 com.magicsoftware.rte.CoreExecutor.WriteExceptionToLog(Int64 contextID, String msg)
   場所 com.magicsoftware.rte.GuiEventsProcessor.WriteExceptionToLog(String message)
   場所 com.magicsoftware.unipaas.Events.WriteExceptionToLog(String msg)
   場所 com.magicsoftware.unipaas.management.gui.MgControlBase.fillData(MgFormBase mgForm, Int32 ditIdx)
   場所 com.magicsoftware.unipaas.management.gui.ControlTable.initInnerObjects(String foundTagName)
   場所 com.magicsoftware.unipaas.management.gui.ControlTable.fillData(MgFormBase mgForm)
   場所 com.magicsoftware.unipaas.management.gui.MgFormBase.initInnerObjects(String foundTagName)
   場所 com.magicsoftware.unipaas.management.gui.MgFormBase.fillData(TaskBase taskRef)
   場所 com.magicsoftware.rte.gui.MgForm.fillData(TaskBase taskRef)
   場所 com.magicsoftware.unipaas.management.tasks.TaskBase.FormInitData(MgFormBase parentForm)
   場所 com.magicsoftware.unipaas.management.tasks.TaskBase.initInnerObjects(String foundTagName, MgFormBase parentForm)
   場所 com.magicsoftware.rte.tasks.Task.FillData(MgFormBase parentFrom)
   場所 com.magicsoftware.rte.tasks.TasksManager.InitInnerObjects(String currTagName, Int64 contextID, MgFormBase parentForm, Task& task)
   場所 com.magicsoftware.rte.tasks.TasksManager.fillData(Int64 contextID, String xmlData, MgFormBase parentForm)
   場所 com.magicsoftware.rte.RteExecutor.OpenTask(Double contextID, String xmlData, Int32 parentFormTskID, Int32 triggeringParentTaskID)
   場所 RteExecutorEndpoint.OpenTask(Double contextID, String content, Int32 parentTskID, Int32 triggeringTaskID)
   場所 RteExecutorBridge.OpenTask(RteExecutorBridge* , Double contextID, UInt16* content, Int32 parentFormTskID, Int32 triggeringTaskID)
   場所 CoreExecutorEndpoint.EventsLoop()
   場所 CoreExecutorGateway.EventsLoop()
   場所 com.magicsoftware.rte.RTEmanager.ExecuteWorkThread()
   場所 System.Threading.ThreadHelper.ThreadStart_Context(Object state)
   場所 System.Threading.ExecutionContext.RunInternal(ExecutionContext executionContext, ContextCallback callback, Object state, Boolean preserveSyncCtx)
   場所 System.Threading.ExecutionContext.Run(ExecutionContext executionContext, ContextCallback callback, Object state, Boolean preserveSyncCtx)
   場所 System.Threading.ExecutionContext.Run(ExecutionContext executionContext, ContextCallback callback, Object state)
   場所 System.Threading.ThreadHelper.ThreadStart(), Program: "伝票情報 表示".
 <-1> 03/06/2026 14:24:14.266     [Error  ] - [MgGui.dll] in Control.fillData(): missing datatype or picture string for control: V_消費税額(標準), Program: "伝票情報 表示".
 <-1> 03/06/2026 14:24:14.266     [Error  ] - [MgGui.dll] 
   場所 System.Environment.GetStackTrace(Exception e, Boolean needFileInfo)
   場所 System.Environment.get_StackTrace()
   場所 com.magicsoftware.rte.CoreExecutor.WriteExceptionToLog(Int64 contextID, String msg)
   場所 com.magicsoftware.rte.GuiEventsProcessor.WriteExceptionToLog(String message)
   場所 com.magicsoftware.unipaas.Events.WriteExceptionToLog(String msg)
   場所 com.magicsoftware.unipaas.management.gui.MgControlBase.fillData(MgFormBase mgForm, Int32 ditIdx)
   場所 com.magicsoftware.unipaas.management.gui.ControlTable.initInnerObjects(String foundTagName)
   場所 com.magicsoftware.unipaas.management.gui.ControlTable.fillData(MgFormBase mgForm)
   場所 com.magicsoftware.unipaas.management.gui.MgFormBase.initInnerObjects(String foundTagName)
   場所 com.magicsoftware.unipaas.management.gui.MgFormBase.fillData(TaskBase taskRef)
   場所 com.magicsoftware.rte.gui.MgForm.fillData(TaskBase taskRef)
   場所 com.magicsoftware.unipaas.management.tasks.TaskBase.FormInitData(MgFormBase parentForm)
   場所 com.magicsoftware.unipaas.management.tasks.TaskBase.initInnerObjects(String foundTagName, MgFormBase parentForm)
   場所 com.magicsoftware.rte.tasks.Task.FillData(MgFormBase parentFrom)
   場所 com.magicsoftware.rte.tasks.TasksManager.InitInnerObjects(String currTagName, Int64 contextID, MgFormBase parentForm, Task& task)
   場所 com.magicsoftware.rte.tasks.TasksManager.fillData(Int64 contextID, String xmlData, MgFormBase parentForm)
   場所 com.magicsoftware.rte.RteExecutor.OpenTask(Double contextID, String xmlData, Int32 parentFormTskID, Int32 triggeringParentTaskID)
   場所 RteExecutorEndpoint.OpenTask(Double contextID, String content, Int32 parentTskID, Int32 triggeringTaskID)
   場所 RteExecutorBridge.OpenTask(RteExecutorBridge* , Double contextID, UInt16* content, Int32 parentFormTskID, Int32 triggeringTaskID)
   場所 CoreExecutorEndpoint.EventsLoop()
   場所 CoreExecutorGateway.EventsLoop()
   場所 com.magicsoftware.rte.RTEmanager.ExecuteWorkThread()
   場所 System.Threading.ThreadHelper.ThreadStart_Context(Object state)
   場所 System.Threading.ExecutionContext.RunInternal(ExecutionContext executionContext, ContextCallback callback, Object state, Boolean preserveSyncCtx)
   場所 System.Threading.ExecutionContext.Run(ExecutionContext executionContext, ContextCallback callback, Object state, Boolean preserveSyncCtx)
   場所 System.Threading.ExecutionContext.Run(ExecutionContext executionContext, ContextCallback callback, Object state)
   場所 System.Threading.ThreadHelper.ThreadStart(), Program: "伝票情報 表示".
 <-1> 03/06/2026 14:24:14.266     [Error  ] - [MgGui.dll] in Control.fillData(): missing datatype or picture string for control: V_合計金額, Program: "伝票情報 表示".
 <-1> 03/06/2026 14:24:14.267     [Error  ] - [MgGui.dll] 
   場所 System.Environment.GetStackTrace(Exception e, Boolean needFileInfo)
   場所 System.Environment.get_StackTrace()
   場所 com.magicsoftware.rte.CoreExecutor.WriteExceptionToLog(Int64 contextID, String msg)
   場所 com.magicsoftware.rte.GuiEventsProcessor.WriteExceptionToLog(String message)
   場所 com.magicsoftware.unipaas.Events.WriteExceptionToLog(String msg)
   場所 com.magicsoftware.unipaas.management.gui.MgControlBase.fillData(MgFormBase mgForm, Int32 ditIdx)
   場所 com.magicsoftware.unipaas.management.gui.ControlTable.initInnerObjects(String foundTagName)
   場所 com.magicsoftware.unipaas.management.gui.ControlTable.fillData(MgFormBase mgForm)
   場所 com.magicsoftware.unipaas.management.gui.MgFormBase.initInnerObjects(String foundTagName)
   場所 com.magicsoftware.unipaas.management.gui.MgFormBase.fillData(TaskBase taskRef)
   場所 com.magicsoftware.rte.gui.MgForm.fillData(TaskBase taskRef)
   場所 com.magicsoftware.unipaas.management.tasks.TaskBase.FormInitData(MgFormBase parentForm)
   場所 com.magicsoftware.unipaas.management.tasks.TaskBase.initInnerObjects(String foundTagName, MgFormBase parentForm)
   場所 com.magicsoftware.rte.tasks.Task.FillData(MgFormBase parentFrom)
   場所 com.magicsoftware.rte.tasks.TasksManager.InitInnerObjects(String currTagName, Int64 contextID, MgFormBase parentForm, Task& task)
   場所 com.magicsoftware.rte.tasks.TasksManager.fillData(Int64 contextID, String xmlData, MgFormBase parentForm)
   場所 com.magicsoftware.rte.RteExecutor.OpenTask(Double contextID, String xmlData, Int32 parentFormTskID, Int32 triggeringParentTaskID)
   場所 RteExecutorEndpoint.OpenTask(Double contextID, String content, Int32 parentTskID, Int32 triggeringTaskID)
   場所 RteExecutorBridge.OpenTask(RteExecutorBridge* , Double contextID, UInt16* content, Int32 parentFormTskID, Int32 triggeringTaskID)
   場所 CoreExecutorEndpoint.EventsLoop()
   場所 CoreExecutorGateway.EventsLoop()
   場所 com.magicsoftware.rte.RTEmanager.ExecuteWorkThread()
   場所 System.Threading.ThreadHelper.ThreadStart_Context(Object state)
   場所 System.Threading.ExecutionContext.RunInternal(ExecutionContext executionContext, ContextCallback callback, Object state, Boolean preserveSyncCtx)
   場所 System.Threading.ExecutionContext.Run(ExecutionContext executionContext, ContextCallback callback, Object state, Boolean preserveSyncCtx)
   場所 System.Threading.ExecutionContext.Run(ExecutionContext executionContext, ContextCallback callback, Object state)
   場所 System.Threading.ThreadHelper.ThreadStart(), Program: "伝票情報 表示".
 <-1> 03/06/2026 14:24:14.267     [Error  ] - [MgGui.dll] in Control.fillData(): missing datatype or picture string for control: V_開始伝票NO, Program: "伝票情報 表示".
 <-1> 03/06/2026 14:24:14.268     [Error  ] - [MgGui.dll] 
   場所 System.Environment.GetStackTrace(Exception e, Boolean needFileInfo)
   場所 System.Environment.get_StackTrace()
   場所 com.magicsoftware.rte.CoreExecutor.WriteExceptionToLog(Int64 contextID, String msg)
   場所 com.magicsoftware.rte.GuiEventsProcessor.WriteExceptionToLog(String message)
   場所 com.magicsoftware.unipaas.Events.WriteExceptionToLog(String msg)
   場所 com.magicsoftware.unipaas.management.gui.MgControlBase.fillData(MgFormBase mgForm, Int32 ditIdx)
   場所 com.magicsoftware.unipaas.management.gui.ControlTable.initInnerObjects(String foundTagName)
   場所 com.magicsoftware.unipaas.management.gui.ControlTable.fillData(MgFormBase mgForm)
   場所 com.magicsoftware.unipaas.management.gui.MgFormBase.initInnerObjects(String foundTagName)
   場所 com.magicsoftware.unipaas.management.gui.MgFormBase.fillData(TaskBase taskRef)
   場所 com.magicsoftware.rte.gui.MgForm.fillData(TaskBase taskRef)
   場所 com.magicsoftware.unipaas.management.tasks.TaskBase.FormInitData(MgFormBase parentForm)
   場所 com.magicsoftware.unipaas.management.tasks.TaskBase.initInnerObjects(String foundTagName, MgFormBase parentForm)
   場所 com.magicsoftware.rte.tasks.Task.FillData(MgFormBase parentFrom)
   場所 com.magicsoftware.rte.tasks.TasksManager.InitInnerObjects(String currTagName, Int64 contextID, MgFormBase parentForm, Task& task)
   場所 com.magicsoftware.rte.tasks.TasksManager.fillData(Int64 contextID, String xmlData, MgFormBase parentForm)
   場所 com.magicsoftware.rte.RteExecutor.OpenTask(Double contextID, String xmlData, Int32 parentFormTskID, Int32 triggeringParentTaskID)
   場所 RteExecutorEndpoint.OpenTask(Double contextID, String content, Int32 parentTskID, Int32 triggeringTaskID)
   場所 RteExecutorBridge.OpenTask(RteExecutorBridge* , Double contextID, UInt16* content, Int32 parentFormTskID, Int32 triggeringTaskID)
   場所 CoreExecutorEndpoint.EventsLoop()
   場所 CoreExecutorGateway.EventsLoop()
   場所 com.magicsoftware.rte.RTEmanager.ExecuteWorkThread()
   場所 System.Threading.ThreadHelper.ThreadStart_Context(Object state)
   場所 System.Threading.ExecutionContext.RunInternal(ExecutionContext executionContext, ContextCallback callback, Object state, Boolean preserveSyncCtx)
   場所 System.Threading.ExecutionContext.Run(ExecutionContext executionContext, ContextCallback callback, Object state, Boolean preserveSyncCtx)
   場所 System.Threading.ExecutionContext.Run(ExecutionContext executionContext, ContextCallback callback, Object state)
   場所 System.Threading.ThreadHelper.ThreadStart(), Program: "伝票情報 表示".
 <-1> 03/06/2026 14:24:14.268     [Error  ] - [MgGui.dll] in Control.fillData(): missing datatype or picture string for control: V_終了伝票NO, Program: "伝票情報 表示".
 <-1> 03/06/2026 14:24:14.269     [Error  ] - [MgGui.dll] 
   場所 System.Environment.GetStackTrace(Exception e, Boolean needFileInfo)
   場所 System.Environment.get_StackTrace()
   場所 com.magicsoftware.rte.CoreExecutor.WriteExceptionToLog(Int64 contextID, String msg)
   場所 com.magicsoftware.rte.GuiEventsProcessor.WriteExceptionToLog(String message)
   場所 com.magicsoftware.unipaas.Events.WriteExceptionToLog(String msg)
   場所 com.magicsoftware.unipaas.management.gui.MgControlBase.fillData(MgFormBase mgForm, Int32 ditIdx)
   場所 com.magicsoftware.unipaas.management.gui.ControlTable.initInnerObjects(String foundTagName)
   場所 com.magicsoftware.unipaas.management.gui.ControlTable.fillData(MgFormBase mgForm)
   場所 com.magicsoftware.unipaas.management.gui.MgFormBase.initInnerObjects(String foundTagName)
   場所 com.magicsoftware.unipaas.management.gui.MgFormBase.fillData(TaskBase taskRef)
   場所 com.magicsoftware.rte.gui.MgForm.fillData(TaskBase taskRef)
   場所 com.magicsoftware.unipaas.management.tasks.TaskBase.FormInitData(MgFormBase parentForm)
   場所 com.magicsoftware.unipaas.management.tasks.TaskBase.initInnerObjects(String foundTagName, MgFormBase parentForm)
   場所 com.magicsoftware.rte.tasks.Task.FillData(MgFormBase parentFrom)
   場所 com.magicsoftware.rte.tasks.TasksManager.InitInnerObjects(String currTagName, Int64 contextID, MgFormBase parentForm, Task& task)
   場所 com.magicsoftware.rte.tasks.TasksManager.fillData(Int64 contextID, String xmlData, MgFormBase parentForm)
   場所 com.magicsoftware.rte.RteExecutor.OpenTask(Double contextID, String xmlData, Int32 parentFormTskID, Int32 triggeringParentTaskID)
   場所 RteExecutorEndpoint.OpenTask(Double contextID, String content, Int32 parentTskID, Int32 triggeringTaskID)
   場所 RteExecutorBridge.OpenTask(RteExecutorBridge* , Double contextID, UInt16* content, Int32 parentFormTskID, Int32 triggeringTaskID)
   場所 CoreExecutorEndpoint.EventsLoop()
   場所 CoreExecutorGateway.EventsLoop()
   場所 com.magicsoftware.rte.RTEmanager.ExecuteWorkThread()
   場所 System.Threading.ThreadHelper.ThreadStart_Context(Object state)
   場所 System.Threading.ExecutionContext.RunInternal(ExecutionContext executionContext, ContextCallback callback, Object state, Boolean preserveSyncCtx)
   場所 System.Threading.ExecutionContext.Run(ExecutionContext executionContext, ContextCallback callback, Object state, Boolean preserveSyncCtx)
   場所 System.Threading.ExecutionContext.Run(ExecutionContext executionContext, ContextCallback callback, Object state)
   場所 System.Threading.ThreadHelper.ThreadStart(), Program: "伝票情報 表示".
 <-1> 03/06/2026 14:24:14.269     [Error  ] - [MgGui.dll] in Control.fillData(): missing datatype or picture string for control: V_次伝票NO, Program: "伝票情報 表示".
 <-1> 03/06/2026 14:24:14.270     [Error  ] - [MgGui.dll] 
   場所 System.Environment.GetStackTrace(Exception e, Boolean needFileInfo)
   場所 System.Environment.get_StackTrace()
   場所 com.magicsoftware.rte.CoreExecutor.WriteExceptionToLog(Int64 contextID, String msg)
   場所 com.magicsoftware.rte.GuiEventsProcessor.WriteExceptionToLog(String message)
   場所 com.magicsoftware.unipaas.Events.WriteExceptionToLog(String msg)
   場所 com.magicsoftware.unipaas.management.gui.MgControlBase.fillData(MgFormBase mgForm, Int32 ditIdx)
   場所 com.magicsoftware.unipaas.management.gui.ControlTable.initInnerObjects(String foundTagName)
   場所 com.magicsoftware.unipaas.management.gui.ControlTable.fillData(MgFormBase mgForm)
   場所 com.magicsoftware.unipaas.management.gui.MgFormBase.initInnerObjects(String foundTagName)
   場所 com.magicsoftware.unipaas.management.gui.MgFormBase.fillData(TaskBase taskRef)
   場所 com.magicsoftware.rte.gui.MgForm.fillData(TaskBase taskRef)
   場所 com.magicsoftware.unipaas.management.tasks.TaskBase.FormInitData(MgFormBase parentForm)
   場所 com.magicsoftware.unipaas.management.tasks.TaskBase.initInnerObjects(String foundTagName, MgFormBase parentForm)
   場所 com.magicsoftware.rte.tasks.Task.FillData(MgFormBase parentFrom)
   場所 com.magicsoftware.rte.tasks.TasksManager.InitInnerObjects(String currTagName, Int64 contextID, MgFormBase parentForm, Task& task)
   場所 com.magicsoftware.rte.tasks.TasksManager.fillData(Int64 contextID, String xmlData, MgFormBase parentForm)
   場所 com.magicsoftware.rte.RteExecutor.OpenTask(Double contextID, String xmlData, Int32 parentFormTskID, Int32 triggeringParentTaskID)
   場所 RteExecutorEndpoint.OpenTask(Double contextID, String content, Int32 parentTskID, Int32 triggeringTaskID)
   場所 RteExecutorBridge.OpenTask(RteExecutorBridge* , Double contextID, UInt16* content, Int32 parentFormTskID, Int32 triggeringTaskID)
   場所 CoreExecutorEndpoint.EventsLoop()
   場所 CoreExecutorGateway.EventsLoop()
   場所 com.magicsoftware.rte.RTEmanager.ExecuteWorkThread()
   場所 System.Threading.ThreadHelper.ThreadStart_Context(Object state)
   場所 System.Threading.ExecutionContext.RunInternal(ExecutionContext executionContext, ContextCallback callback, Object state, Boolean preserveSyncCtx)
   場所 System.Threading.ExecutionContext.Run(ExecutionContext executionContext, ContextCallback callback, Object state, Boolean preserveSyncCtx)
   場所 System.Threading.ExecutionContext.Run(ExecutionContext executionContext, ContextCallback callback, Object state)
   場所 System.Threading.ThreadHelper.ThreadStart(), Program: "伝票情報 表示".
 <-1> 03/06/2026 14:24:14.342     [Error  ] - [MgGui.dll] Control 'V_仕入金額(軽減)_0': オブジェクト参照がオブジェクト インスタンスに設定されていません。, Program: "伝票情報 表示".
 <-1> 03/06/2026 14:24:14.343     [Error  ] - [MgGui.dll] 
   場所 System.Environment.GetStackTrace(Exception e, Boolean needFileInfo)
   場所 System.Environment.get_StackTrace()
   場所 com.magicsoftware.rte.CoreExecutor.WriteExceptionToLog(Int64 contextID, String msg)
   場所 com.magicsoftware.rte.GuiEventsProcessor.WriteExceptionToLog(String message)
   場所 com.magicsoftware.unipaas.Events.WriteExceptionToLog(String msg)
   場所 com.magicsoftware.unipaas.management.gui.MgControlBase.refreshProperties(Boolean onlyRepeatableProps)
   場所 com.magicsoftware.unipaas.management.gui.MgControlBase.RefreshDisplay(Boolean onlyRepeatableProps)
   場所 com.magicsoftware.unipaas.management.gui.MgFormBase.refreshControls(Boolean repeatableOnly)
   場所 com.magicsoftware.unipaas.management.gui.MgFormBase.refreshRow(Int32 rowIdx, Boolean repeatableOnly)
   場所 com.magicsoftware.rte.gui.MgForm.DisplayRow(Int32 rowIdx, Boolean repeatableOnly, String dataCtrlPairs)
   場所 com.magicsoftware.rte.RteExecutor.DisplayRow(Int32 taskID, Int32 rowIdx, Boolean repeatableOnly, String dataCtrlPairs)
   場所 RteExecutorEndpoint.InvokeDisplayRow(Int32 taskID, Int32 rowIdx, Boolean repeatableOnly, String dataCtrlPairs)
   場所 RteExecutorBridge.DisplayRow(RteExecutorBridge* , Int32 taskID, Int32 rowIdx, Boolean repeatableOnly, UInt16* dataCtrlPairs)
   場所 CoreExecutorEndpoint.EventsLoop()
   場所 CoreExecutorGateway.EventsLoop()
   場所 com.magicsoftware.rte.RTEmanager.ExecuteWorkThread()
   場所 System.Threading.ThreadHelper.ThreadStart_Context(Object state)
   場所 System.Threading.ExecutionContext.RunInternal(ExecutionContext executionContext, ContextCallback callback, Object state, Boolean preserveSyncCtx)
   場所 System.Threading.ExecutionContext.Run(ExecutionContext executionContext, ContextCallback callback, Object state, Boolean preserveSyncCtx)
   場所 System.Threading.ExecutionContext.Run(ExecutionContext executionContext, ContextCallback callback, Object state)
   場所 System.Threading.ThreadHelper.ThreadStart(), Program: "伝票情報 表示".
 <-1> 03/06/2026 14:24:14.343     [Error  ] - [MgGui.dll] Control 'V_返品金額(軽減)_0': オブジェクト参照がオブジェクト インスタンスに設定されていません。, Program: "伝票情報 表示".
 <-1> 03/06/2026 14:24:14.344     [Error  ] - [MgGui.dll] 
   場所 System.Environment.GetStackTrace(Exception e, Boolean needFileInfo)
   場所 System.Environment.get_StackTrace()
   場所 com.magicsoftware.rte.CoreExecutor.WriteExceptionToLog(Int64 contextID, String msg)
   場所 com.magicsoftware.rte.GuiEventsProcessor.WriteExceptionToLog(String message)
   場所 com.magicsoftware.unipaas.Events.WriteExceptionToLog(String msg)
   場所 com.magicsoftware.unipaas.management.gui.MgControlBase.refreshProperties(Boolean onlyRepeatableProps)
   場所 com.magicsoftware.unipaas.management.gui.MgControlBase.RefreshDisplay(Boolean onlyRepeatableProps)
   場所 com.magicsoftware.unipaas.management.gui.MgFormBase.refreshControls(Boolean repeatableOnly)
   場所 com.magicsoftware.unipaas.management.gui.MgFormBase.refreshRow(Int32 rowIdx, Boolean repeatableOnly)
   場所 com.magicsoftware.rte.gui.MgForm.DisplayRow(Int32 rowIdx, Boolean repeatableOnly, String dataCtrlPairs)
   場所 com.magicsoftware.rte.RteExecutor.DisplayRow(Int32 taskID, Int32 rowIdx, Boolean repeatableOnly, String dataCtrlPairs)
   場所 RteExecutorEndpoint.InvokeDisplayRow(Int32 taskID, Int32 rowIdx, Boolean repeatableOnly, String dataCtrlPairs)
   場所 RteExecutorBridge.DisplayRow(RteExecutorBridge* , Int32 taskID, Int32 rowIdx, Boolean repeatableOnly, UInt16* dataCtrlPairs)
   場所 CoreExecutorEndpoint.EventsLoop()
   場所 CoreExecutorGateway.EventsLoop()
   場所 com.magicsoftware.rte.RTEmanager.ExecuteWorkThread()
   場所 System.Threading.ThreadHelper.ThreadStart_Context(Object state)
   場所 System.Threading.ExecutionContext.RunInternal(ExecutionContext executionContext, ContextCallback callback, Object state, Boolean preserveSyncCtx)
   場所 System.Threading.ExecutionContext.Run(ExecutionContext executionContext, ContextCallback callback, Object state, Boolean preserveSyncCtx)
   場所 System.Threading.ExecutionContext.Run(ExecutionContext executionContext, ContextCallback callback, Object state)
   場所 System.Threading.ThreadHelper.ThreadStart(), Program: "伝票情報 表示".
 <-1> 03/06/2026 14:24:14.344     [Error  ] - [MgGui.dll] Control 'V_値引金額(軽減)_0': オブジェクト参照がオブジェクト インスタンスに設定されていません。, Program: "伝票情報 表示".
 <-1> 03/06/2026 14:24:14.344     [Error  ] - [MgGui.dll] 
   場所 System.Environment.GetStackTrace(Exception e, Boolean needFileInfo)
   場所 System.Environment.get_StackTrace()
   場所 com.magicsoftware.rte.CoreExecutor.WriteExceptionToLog(Int64 contextID, String msg)
   場所 com.magicsoftware.rte.GuiEventsProcessor.WriteExceptionToLog(String message)
   場所 com.magicsoftware.unipaas.Events.WriteExceptionToLog(String msg)
   場所 com.magicsoftware.unipaas.management.gui.MgControlBase.refreshProperties(Boolean onlyRepeatableProps)
   場所 com.magicsoftware.unipaas.management.gui.MgControlBase.RefreshDisplay(Boolean onlyRepeatableProps)
   場所 com.magicsoftware.unipaas.management.gui.MgFormBase.refreshControls(Boolean repeatableOnly)
   場所 com.magicsoftware.unipaas.management.gui.MgFormBase.refreshRow(Int32 rowIdx, Boolean repeatableOnly)
   場所 com.magicsoftware.rte.gui.MgForm.DisplayRow(Int32 rowIdx, Boolean repeatableOnly, String dataCtrlPairs)
   場所 com.magicsoftware.rte.RteExecutor.DisplayRow(Int32 taskID, Int32 rowIdx, Boolean repeatableOnly, String dataCtrlPairs)
   場所 RteExecutorEndpoint.InvokeDisplayRow(Int32 taskID, Int32 rowIdx, Boolean repeatableOnly, String dataCtrlPairs)
   場所 RteExecutorBridge.DisplayRow(RteExecutorBridge* , Int32 taskID, Int32 rowIdx, Boolean repeatableOnly, UInt16* dataCtrlPairs)
   場所 CoreExecutorEndpoint.EventsLoop()
   場所 CoreExecutorGateway.EventsLoop()
   場所 com.magicsoftware.rte.RTEmanager.ExecuteWorkThread()
   場所 System.Threading.ThreadHelper.ThreadStart_Context(Object state)
   場所 System.Threading.ExecutionContext.RunInternal(ExecutionContext executionContext, ContextCallback callback, Object state, Boolean preserveSyncCtx)
   場所 System.Threading.ExecutionContext.Run(ExecutionContext executionContext, ContextCallback callback, Object state, Boolean preserveSyncCtx)
   場所 System.Threading.ExecutionContext.Run(ExecutionContext executionContext, ContextCallback callback, Object state)
   場所 System.Threading.ThreadHelper.ThreadStart(), Program: "伝票情報 表示".
 <-1> 03/06/2026 14:24:14.345     [Error  ] - [MgGui.dll] Control 'V_消費税額(軽減)_0': オブジェクト参照がオブジェクト インスタンスに設定されていません。, Program: "伝票情報 表示".
 <-1> 03/06/2026 14:24:14.345     [Error  ] - [MgGui.dll] 
   場所 System.Environment.GetStackTrace(Exception e, Boolean needFileInfo)
   場所 System.Environment.get_StackTrace()
   場所 com.magicsoftware.rte.CoreExecutor.WriteExceptionToLog(Int64 contextID, String msg)
   場所 com.magicsoftware.rte.GuiEventsProcessor.WriteExceptionToLog(String message)
   場所 com.magicsoftware.unipaas.Events.WriteExceptionToLog(String msg)
   場所 com.magicsoftware.unipaas.management.gui.MgControlBase.refreshProperties(Boolean onlyRepeatableProps)
   場所 com.magicsoftware.unipaas.management.gui.MgControlBase.RefreshDisplay(Boolean onlyRepeatableProps)
   場所 com.magicsoftware.unipaas.management.gui.MgFormBase.refreshControls(Boolean repeatableOnly)
   場所 com.magicsoftware.unipaas.management.gui.MgFormBase.refreshRow(Int32 rowIdx, Boolean repeatableOnly)
   場所 com.magicsoftware.rte.gui.MgForm.DisplayRow(Int32 rowIdx, Boolean repeatableOnly, String dataCtrlPairs)
   場所 com.magicsoftware.rte.RteExecutor.DisplayRow(Int32 taskID, Int32 rowIdx, Boolean repeatableOnly, String dataCtrlPairs)
   場所 RteExecutorEndpoint.InvokeDisplayRow(Int32 taskID, Int32 rowIdx, Boolean repeatableOnly, String dataCtrlPairs)
   場所 RteExecutorBridge.DisplayRow(RteExecutorBridge* , Int32 taskID, Int32 rowIdx, Boolean repeatableOnly, UInt16* dataCtrlPairs)
   場所 CoreExecutorEndpoint.EventsLoop()
   場所 CoreExecutorGateway.EventsLoop()
   場所 com.magicsoftware.rte.RTEmanager.ExecuteWorkThread()
   場所 System.Threading.ThreadHelper.ThreadStart_Context(Object state)
   場所 System.Threading.ExecutionContext.RunInternal(ExecutionContext executionContext, ContextCallback callback, Object state, Boolean preserveSyncCtx)
   場所 System.Threading.ExecutionContext.Run(ExecutionContext executionContext, ContextCallback callback, Object state, Boolean preserveSyncCtx)
   場所 System.Threading.ExecutionContext.Run(ExecutionContext executionContext, ContextCallback callback, Object state)
   場所 System.Threading.ThreadHelper.ThreadStart(), Program: "伝票情報 表示".
 <-1> 03/06/2026 14:24:14.345     [Error  ] - [MgGui.dll] Control 'V_仕入金額(標準)_0': オブジェクト参照がオブジェクト インスタンスに設定されていません。, Program: "伝票情報 表示".
 <-1> 03/06/2026 14:24:14.346     [Error  ] - [MgGui.dll] 
   場所 System.Environment.GetStackTrace(Exception e, Boolean needFileInfo)
   場所 System.Environment.get_StackTrace()
   場所 com.magicsoftware.rte.CoreExecutor.WriteExceptionToLog(Int64 contextID, String msg)
   場所 com.magicsoftware.rte.GuiEventsProcessor.WriteExceptionToLog(String message)
   場所 com.magicsoftware.unipaas.Events.WriteExceptionToLog(String msg)
   場所 com.magicsoftware.unipaas.management.gui.MgControlBase.refreshProperties(Boolean onlyRepeatableProps)
   場所 com.magicsoftware.unipaas.management.gui.MgControlBase.RefreshDisplay(Boolean onlyRepeatableProps)
   場所 com.magicsoftware.unipaas.management.gui.MgFormBase.refreshControls(Boolean repeatableOnly)
   場所 com.magicsoftware.unipaas.management.gui.MgFormBase.refreshRow(Int32 rowIdx, Boolean repeatableOnly)
   場所 com.magicsoftware.rte.gui.MgForm.DisplayRow(Int32 rowIdx, Boolean repeatableOnly, String dataCtrlPairs)
   場所 com.magicsoftware.rte.RteExecutor.DisplayRow(Int32 taskID, Int32 rowIdx, Boolean repeatableOnly, String dataCtrlPairs)
   場所 RteExecutorEndpoint.InvokeDisplayRow(Int32 taskID, Int32 rowIdx, Boolean repeatableOnly, String dataCtrlPairs)
   場所 RteExecutorBridge.DisplayRow(RteExecutorBridge* , Int32 taskID, Int32 rowIdx, Boolean repeatableOnly, UInt16* dataCtrlPairs)
   場所 CoreExecutorEndpoint.EventsLoop()
   場所 CoreExecutorGateway.EventsLoop()
   場所 com.magicsoftware.rte.RTEmanager.ExecuteWorkThread()
   場所 System.Threading.ThreadHelper.ThreadStart_Context(Object state)
   場所 System.Threading.ExecutionContext.RunInternal(ExecutionContext executionContext, ContextCallback callback, Object state, Boolean preserveSyncCtx)
   場所 System.Threading.ExecutionContext.Run(ExecutionContext executionContext, ContextCallback callback, Object state, Boolean preserveSyncCtx)
   場所 System.Threading.ExecutionContext.Run(ExecutionContext executionContext, ContextCallback callback, Object state)
   場所 System.Threading.ThreadHelper.ThreadStart(), Program: "伝票情報 表示".
 <-1> 03/06/2026 14:24:14.346     [Error  ] - [MgGui.dll] Control 'V_返品金額(標準)_0': オブジェクト参照がオブジェクト インスタンスに設定されていません。, Program: "伝票情報 表示".
 <-1> 03/06/2026 14:24:14.347     [Error  ] - [MgGui.dll] 
   場所 System.Environment.GetStackTrace(Exception e, Boolean needFileInfo)
   場所 System.Environment.get_StackTrace()
   場所 com.magicsoftware.rte.CoreExecutor.WriteExceptionToLog(Int64 contextID, String msg)
   場所 com.magicsoftware.rte.GuiEventsProcessor.WriteExceptionToLog(String message)
   場所 com.magicsoftware.unipaas.Events.WriteExceptionToLog(String msg)
   場所 com.magicsoftware.unipaas.management.gui.MgControlBase.refreshProperties(Boolean onlyRepeatableProps)
   場所 com.magicsoftware.unipaas.management.gui.MgControlBase.RefreshDisplay(Boolean onlyRepeatableProps)
   場所 com.magicsoftware.unipaas.management.gui.MgFormBase.refreshControls(Boolean repeatableOnly)
   場所 com.magicsoftware.unipaas.management.gui.MgFormBase.refreshRow(Int32 rowIdx, Boolean repeatableOnly)
   場所 com.magicsoftware.rte.gui.MgForm.DisplayRow(Int32 rowIdx, Boolean repeatableOnly, String dataCtrlPairs)
   場所 com.magicsoftware.rte.RteExecutor.DisplayRow(Int32 taskID, Int32 rowIdx, Boolean repeatableOnly, String dataCtrlPairs)
   場所 RteExecutorEndpoint.InvokeDisplayRow(Int32 taskID, Int32 rowIdx, Boolean repeatableOnly, String dataCtrlPairs)
   場所 RteExecutorBridge.DisplayRow(RteExecutorBridge* , Int32 taskID, Int32 rowIdx, Boolean repeatableOnly, UInt16* dataCtrlPairs)
   場所 CoreExecutorEndpoint.EventsLoop()
   場所 CoreExecutorGateway.EventsLoop()
   場所 com.magicsoftware.rte.RTEmanager.ExecuteWorkThread()
   場所 System.Threading.ThreadHelper.ThreadStart_Context(Object state)
   場所 System.Threading.ExecutionContext.RunInternal(ExecutionContext executionContext, ContextCallback callback, Object state, Boolean preserveSyncCtx)
   場所 System.Threading.ExecutionContext.Run(ExecutionContext executionContext, ContextCallback callback, Object state, Boolean preserveSyncCtx)
   場所 System.Threading.ExecutionContext.Run(ExecutionContext executionContext, ContextCallback callback, Object state)
   場所 System.Threading.ThreadHelper.ThreadStart(), Program: "伝票情報 表示".
 <-1> 03/06/2026 14:24:14.347     [Error  ] - [MgGui.dll] Control 'V_値引金額(標準)_0': オブジェクト参照がオブジェクト インスタンスに設定されていません。, Program: "伝票情報 表示".
 <-1> 03/06/2026 14:24:14.347     [Error  ] - [MgGui.dll] 
   場所 System.Environment.GetStackTrace(Exception e, Boolean needFileInfo)
   場所 System.Environment.get_StackTrace()
   場所 com.magicsoftware.rte.CoreExecutor.WriteExceptionToLog(Int64 contextID, String msg)
   場所 com.magicsoftware.rte.GuiEventsProcessor.WriteExceptionToLog(String message)
   場所 com.magicsoftware.unipaas.Events.WriteExceptionToLog(String msg)
   場所 com.magicsoftware.unipaas.management.gui.MgControlBase.refreshProperties(Boolean onlyRepeatableProps)
   場所 com.magicsoftware.unipaas.management.gui.MgControlBase.RefreshDisplay(Boolean onlyRepeatableProps)
   場所 com.magicsoftware.unipaas.management.gui.MgFormBase.refreshControls(Boolean repeatableOnly)
   場所 com.magicsoftware.unipaas.management.gui.MgFormBase.refreshRow(Int32 rowIdx, Boolean repeatableOnly)
   場所 com.magicsoftware.rte.gui.MgForm.DisplayRow(Int32 rowIdx, Boolean repeatableOnly, String dataCtrlPairs)
   場所 com.magicsoftware.rte.RteExecutor.DisplayRow(Int32 taskID, Int32 rowIdx, Boolean repeatableOnly, String dataCtrlPairs)
   場所 RteExecutorEndpoint.InvokeDisplayRow(Int32 taskID, Int32 rowIdx, Boolean repeatableOnly, String dataCtrlPairs)
   場所 RteExecutorBridge.DisplayRow(RteExecutorBridge* , Int32 taskID, Int32 rowIdx, Boolean repeatableOnly, UInt16* dataCtrlPairs)
   場所 CoreExecutorEndpoint.EventsLoop()
   場所 CoreExecutorGateway.EventsLoop()
   場所 com.magicsoftware.rte.RTEmanager.ExecuteWorkThread()
   場所 System.Threading.ThreadHelper.ThreadStart_Context(Object state)
   場所 System.Threading.ExecutionContext.RunInternal(ExecutionContext executionContext, ContextCallback callback, Object state, Boolean preserveSyncCtx)
   場所 System.Threading.ExecutionContext.Run(ExecutionContext executionContext, ContextCallback callback, Object state, Boolean preserveSyncCtx)
   場所 System.Threading.ExecutionContext.Run(ExecutionContext executionContext, ContextCallback callback, Object state)
   場所 System.Threading.ThreadHelper.ThreadStart(), Program: "伝票情報 表示".
 <-1> 03/06/2026 14:24:14.348     [Error  ] - [MgGui.dll] Control 'V_消費税額(標準)_0': オブジェクト参照がオブジェクト インスタンスに設定されていません。, Program: "伝票情報 表示".
 <-1> 03/06/2026 14:24:14.348     [Error  ] - [MgGui.dll] 
   場所 System.Environment.GetStackTrace(Exception e, Boolean needFileInfo)
   場所 System.Environment.get_StackTrace()
   場所 com.magicsoftware.rte.CoreExecutor.WriteExceptionToLog(Int64 contextID, String msg)
   場所 com.magicsoftware.rte.GuiEventsProcessor.WriteExceptionToLog(String message)
   場所 com.magicsoftware.unipaas.Events.WriteExceptionToLog(String msg)
   場所 com.magicsoftware.unipaas.management.gui.MgControlBase.refreshProperties(Boolean onlyRepeatableProps)
   場所 com.magicsoftware.unipaas.management.gui.MgControlBase.RefreshDisplay(Boolean onlyRepeatableProps)
   場所 com.magicsoftware.unipaas.management.gui.MgFormBase.refreshControls(Boolean repeatableOnly)
   場所 com.magicsoftware.unipaas.management.gui.MgFormBase.refreshRow(Int32 rowIdx, Boolean repeatableOnly)
   場所 com.magicsoftware.rte.gui.MgForm.DisplayRow(Int32 rowIdx, Boolean repeatableOnly, String dataCtrlPairs)
   場所 com.magicsoftware.rte.RteExecutor.DisplayRow(Int32 taskID, Int32 rowIdx, Boolean repeatableOnly, String dataCtrlPairs)
   場所 RteExecutorEndpoint.InvokeDisplayRow(Int32 taskID, Int32 rowIdx, Boolean repeatableOnly, String dataCtrlPairs)
   場所 RteExecutorBridge.DisplayRow(RteExecutorBridge* , Int32 taskID, Int32 rowIdx, Boolean repeatableOnly, UInt16* dataCtrlPairs)
   場所 CoreExecutorEndpoint.EventsLoop()
   場所 CoreExecutorGateway.EventsLoop()
   場所 com.magicsoftware.rte.RTEmanager.ExecuteWorkThread()
   場所 System.Threading.ThreadHelper.ThreadStart_Context(Object state)
   場所 System.Threading.ExecutionContext.RunInternal(ExecutionContext executionContext, ContextCallback callback, Object state, Boolean preserveSyncCtx)
   場所 System.Threading.ExecutionContext.Run(ExecutionContext executionContext, ContextCallback callback, Object state, Boolean preserveSyncCtx)
   場所 System.Threading.ExecutionContext.Run(ExecutionContext executionContext, ContextCallback callback, Object state)
   場所 System.Threading.ThreadHelper.ThreadStart(), Program: "伝票情報 表示".
 <-1> 03/06/2026 14:24:14.348     [Error  ] - [MgGui.dll] Control 'V_合計金額_0': オブジェクト参照がオブジェクト インスタンスに設定されていません。, Program: "伝票情報 表示".
 <-1> 03/06/2026 14:24:14.349     [Error  ] - [MgGui.dll] 
   場所 System.Environment.GetStackTrace(Exception e, Boolean needFileInfo)
   場所 System.Environment.get_StackTrace()
   場所 com.magicsoftware.rte.CoreExecutor.WriteExceptionToLog(Int64 contextID, String msg)
   場所 com.magicsoftware.rte.GuiEventsProcessor.WriteExceptionToLog(String message)
   場所 com.magicsoftware.unipaas.Events.WriteExceptionToLog(String msg)
   場所 com.magicsoftware.unipaas.management.gui.MgControlBase.refreshProperties(Boolean onlyRepeatableProps)
   場所 com.magicsoftware.unipaas.management.gui.MgControlBase.RefreshDisplay(Boolean onlyRepeatableProps)
   場所 com.magicsoftware.unipaas.management.gui.MgFormBase.refreshControls(Boolean repeatableOnly)
   場所 com.magicsoftware.unipaas.management.gui.MgFormBase.refreshRow(Int32 rowIdx, Boolean repeatableOnly)
   場所 com.magicsoftware.rte.gui.MgForm.DisplayRow(Int32 rowIdx, Boolean repeatableOnly, String dataCtrlPairs)
   場所 com.magicsoftware.rte.RteExecutor.DisplayRow(Int32 taskID, Int32 rowIdx, Boolean repeatableOnly, String dataCtrlPairs)
   場所 RteExecutorEndpoint.InvokeDisplayRow(Int32 taskID, Int32 rowIdx, Boolean repeatableOnly, String dataCtrlPairs)
   場所 RteExecutorBridge.DisplayRow(RteExecutorBridge* , Int32 taskID, Int32 rowIdx, Boolean repeatableOnly, UInt16* dataCtrlPairs)
   場所 CoreExecutorEndpoint.EventsLoop()
   場所 CoreExecutorGateway.EventsLoop()
   場所 com.magicsoftware.rte.RTEmanager.ExecuteWorkThread()
   場所 System.Threading.ThreadHelper.ThreadStart_Context(Object state)
   場所 System.Threading.ExecutionContext.RunInternal(ExecutionContext executionContext, ContextCallback callback, Object state, Boolean preserveSyncCtx)
   場所 System.Threading.ExecutionContext.Run(ExecutionContext executionContext, ContextCallback callback, Object state, Boolean preserveSyncCtx)
   場所 System.Threading.ExecutionContext.Run(ExecutionContext executionContext, ContextCallback callback, Object state)
   場所 System.Threading.ThreadHelper.ThreadStart(), Program: "伝票情報 表示".
 <-1> 03/06/2026 14:24:14.350     [Error  ] - [MgGui.dll] Control 'V_開始伝票NO_0': オブジェクト参照がオブジェクト インスタンスに設定されていません。, Program: "伝票情報 表示".
 <-1> 03/06/2026 14:24:14.351     [Error  ] - [MgGui.dll] 
   場所 System.Environment.GetStackTrace(Exception e, Boolean needFileInfo)
   場所 System.Environment.get_StackTrace()
   場所 com.magicsoftware.rte.CoreExecutor.WriteExceptionToLog(Int64 contextID, String msg)
   場所 com.magicsoftware.rte.GuiEventsProcessor.WriteExceptionToLog(String message)
   場所 com.magicsoftware.unipaas.Events.WriteExceptionToLog(String msg)
   場所 com.magicsoftware.unipaas.management.gui.MgControlBase.refreshProperties(Boolean onlyRepeatableProps)
   場所 com.magicsoftware.unipaas.management.gui.MgControlBase.RefreshDisplay(Boolean onlyRepeatableProps)
   場所 com.magicsoftware.unipaas.management.gui.MgFormBase.refreshControls(Boolean repeatableOnly)
   場所 com.magicsoftware.unipaas.management.gui.MgFormBase.refreshRow(Int32 rowIdx, Boolean repeatableOnly)
   場所 com.magicsoftware.rte.gui.MgForm.DisplayRow(Int32 rowIdx, Boolean repeatableOnly, String dataCtrlPairs)
   場所 com.magicsoftware.rte.RteExecutor.DisplayRow(Int32 taskID, Int32 rowIdx, Boolean repeatableOnly, String dataCtrlPairs)
   場所 RteExecutorEndpoint.InvokeDisplayRow(Int32 taskID, Int32 rowIdx, Boolean repeatableOnly, String dataCtrlPairs)
   場所 RteExecutorBridge.DisplayRow(RteExecutorBridge* , Int32 taskID, Int32 rowIdx, Boolean repeatableOnly, UInt16* dataCtrlPairs)
   場所 CoreExecutorEndpoint.EventsLoop()
   場所 CoreExecutorGateway.EventsLoop()
   場所 com.magicsoftware.rte.RTEmanager.ExecuteWorkThread()
   場所 System.Threading.ThreadHelper.ThreadStart_Context(Object state)
   場所 System.Threading.ExecutionContext.RunInternal(ExecutionContext executionContext, ContextCallback callback, Object state, Boolean preserveSyncCtx)
   場所 System.Threading.ExecutionContext.Run(ExecutionContext executionContext, ContextCallback callback, Object state, Boolean preserveSyncCtx)
   場所 System.Threading.ExecutionContext.Run(ExecutionContext executionContext, ContextCallback callback, Object state)
   場所 System.Threading.ThreadHelper.ThreadStart(), Program: "伝票情報 表示".
 <-1> 03/06/2026 14:24:14.352     [Error  ] - [MgGui.dll] Control 'V_終了伝票NO_0': オブジェクト参照がオブジェクト インスタンスに設定されていません。, Program: "伝票情報 表示".
 <-1> 03/06/2026 14:24:14.353     [Error  ] - [MgGui.dll] 
   場所 System.Environment.GetStackTrace(Exception e, Boolean needFileInfo)
   場所 System.Environment.get_StackTrace()
   場所 com.magicsoftware.rte.CoreExecutor.WriteExceptionToLog(Int64 contextID, String msg)
   場所 com.magicsoftware.rte.GuiEventsProcessor.WriteExceptionToLog(String message)
   場所 com.magicsoftware.unipaas.Events.WriteExceptionToLog(String msg)
   場所 com.magicsoftware.unipaas.management.gui.MgControlBase.refreshProperties(Boolean onlyRepeatableProps)
   場所 com.magicsoftware.unipaas.management.gui.MgControlBase.RefreshDisplay(Boolean onlyRepeatableProps)
   場所 com.magicsoftware.unipaas.management.gui.MgFormBase.refreshControls(Boolean repeatableOnly)
   場所 com.magicsoftware.unipaas.management.gui.MgFormBase.refreshRow(Int32 rowIdx, Boolean repeatableOnly)
   場所 com.magicsoftware.rte.gui.MgForm.DisplayRow(Int32 rowIdx, Boolean repeatableOnly, String dataCtrlPairs)
   場所 com.magicsoftware.rte.RteExecutor.DisplayRow(Int32 taskID, Int32 rowIdx, Boolean repeatableOnly, String dataCtrlPairs)
   場所 RteExecutorEndpoint.InvokeDisplayRow(Int32 taskID, Int32 rowIdx, Boolean repeatableOnly, String dataCtrlPairs)
   場所 RteExecutorBridge.DisplayRow(RteExecutorBridge* , Int32 taskID, Int32 rowIdx, Boolean repeatableOnly, UInt16* dataCtrlPairs)
   場所 CoreExecutorEndpoint.EventsLoop()
   場所 CoreExecutorGateway.EventsLoop()
   場所 com.magicsoftware.rte.RTEmanager.ExecuteWorkThread()
   場所 System.Threading.ThreadHelper.ThreadStart_Context(Object state)
   場所 System.Threading.ExecutionContext.RunInternal(ExecutionContext executionContext, ContextCallback callback, Object state, Boolean preserveSyncCtx)
   場所 System.Threading.ExecutionContext.Run(ExecutionContext executionContext, ContextCallback callback, Object state, Boolean preserveSyncCtx)
   場所 System.Threading.ExecutionContext.Run(ExecutionContext executionContext, ContextCallback callback, Object state)
   場所 System.Threading.ThreadHelper.ThreadStart(), Program: "伝票情報 表示".
 <-1> 03/06/2026 14:24:14.354     [Error  ] - [MgGui.dll] Control 'V_次伝票NO_0': オブジェクト参照がオブジェクト インスタンスに設定されていません。, Program: "伝票情報 表示".
 <-1> 03/06/2026 14:24:14.354     [Error  ] - [MgGui.dll] 
   場所 System.Environment.GetStackTrace(Exception e, Boolean needFileInfo)
   場所 System.Environment.get_StackTrace()
   場所 com.magicsoftware.rte.CoreExecutor.WriteExceptionToLog(Int64 contextID, String msg)
   場所 com.magicsoftware.rte.GuiEventsProcessor.WriteExceptionToLog(String message)
   場所 com.magicsoftware.unipaas.Events.WriteExceptionToLog(String msg)
   場所 com.magicsoftware.unipaas.management.gui.MgControlBase.refreshProperties(Boolean onlyRepeatableProps)
   場所 com.magicsoftware.unipaas.management.gui.MgControlBase.RefreshDisplay(Boolean onlyRepeatableProps)
   場所 com.magicsoftware.unipaas.management.gui.MgFormBase.refreshControls(Boolean repeatableOnly)
   場所 com.magicsoftware.unipaas.management.gui.MgFormBase.refreshRow(Int32 rowIdx, Boolean repeatableOnly)
   場所 com.magicsoftware.rte.gui.MgForm.DisplayRow(Int32 rowIdx, Boolean repeatableOnly, String dataCtrlPairs)
   場所 com.magicsoftware.rte.RteExecutor.DisplayRow(Int32 taskID, Int32 rowIdx, Boolean repeatableOnly, String dataCtrlPairs)
   場所 RteExecutorEndpoint.InvokeDisplayRow(Int32 taskID, Int32 rowIdx, Boolean repeatableOnly, String dataCtrlPairs)
   場所 RteExecutorBridge.DisplayRow(RteExecutorBridge* , Int32 taskID, Int32 rowIdx, Boolean repeatableOnly, UInt16* dataCtrlPairs)
   場所 CoreExecutorEndpoint.EventsLoop()
   場所 CoreExecutorGateway.EventsLoop()
   場所 com.magicsoftware.rte.RTEmanager.ExecuteWorkThread()
   場所 System.Threading.ThreadHelper.ThreadStart_Context(Object state)
   場所 System.Threading.ExecutionContext.RunInternal(ExecutionContext executionContext, ContextCallback callback, Object state, Boolean preserveSyncCtx)
   場所 System.Threading.ExecutionContext.Run(ExecutionContext executionContext, ContextCallback callback, Object state, Boolean preserveSyncCtx)
   場所 System.Threading.ExecutionContext.Run(ExecutionContext executionContext, ContextCallback callback, Object state)
   場所 System.Threading.ThreadHelper.ThreadStart(), Program: "伝票情報 表示".
 <-1> 03/06/2026 14:24:14.355     [Error  ] - [MgGui.dll] Control 'V_仕入金額(軽減)_1': オブジェクト参照がオブジェクト インスタンスに設定されていません。, Program: "伝票情報 表示".
 <-1> 03/06/2026 14:24:14.355     [Error  ] - [MgGui.dll] 
   場所 System.Environment.GetStackTrace(Exception e, Boolean needFileInfo)
   場所 System.Environment.get_StackTrace()
   場所 com.magicsoftware.rte.CoreExecutor.WriteExceptionToLog(Int64 contextID, String msg)
   場所 com.magicsoftware.rte.GuiEventsProcessor.WriteExceptionToLog(String message)
   場所 com.magicsoftware.unipaas.Events.WriteExceptionToLog(String msg)
   場所 com.magicsoftware.unipaas.management.gui.MgControlBase.refreshProperties(Boolean onlyRepeatableProps)
   場所 com.magicsoftware.unipaas.management.gui.MgControlBase.RefreshDisplay(Boolean onlyRepeatableProps)
   場所 com.magicsoftware.unipaas.management.gui.MgFormBase.refreshControls(Boolean repeatableOnly)
   場所 com.magicsoftware.unipaas.management.gui.MgFormBase.refreshRow(Int32 rowIdx, Boolean repeatableOnly)
   場所 com.magicsoftware.rte.gui.MgForm.DisplayRow(Int32 rowIdx, Boolean repeatableOnly, String dataCtrlPairs)
   場所 com.magicsoftware.rte.RteExecutor.DisplayRow(Int32 taskID, Int32 rowIdx, Boolean repeatableOnly, String dataCtrlPairs)
   場所 RteExecutorEndpoint.InvokeDisplayRow(Int32 taskID, Int32 rowIdx, Boolean repeatableOnly, String dataCtrlPairs)
   場所 RteExecutorBridge.DisplayRow(RteExecutorBridge* , Int32 taskID, Int32 rowIdx, Boolean repeatableOnly, UInt16* dataCtrlPairs)
   場所 CoreExecutorEndpoint.EventsLoop()
   場所 CoreExecutorGateway.EventsLoop()
   場所 com.magicsoftware.rte.RTEmanager.ExecuteWorkThread()
   場所 System.Threading.ThreadHelper.ThreadStart_Context(Object state)
   場所 System.Threading.ExecutionContext.RunInternal(ExecutionContext executionContext, ContextCallback callback, Object state, Boolean preserveSyncCtx)
   場所 System.Threading.ExecutionContext.Run(ExecutionContext executionContext, ContextCallback callback, Object state, Boolean preserveSyncCtx)
   場所 System.Threading.ExecutionContext.Run(ExecutionContext executionContext, ContextCallback callback, Object state)
   場所 System.Threading.ThreadHelper.ThreadStart(), Program: "伝票情報 表示".
 <-1> 03/06/2026 14:24:14.356     [Error  ] - [MgGui.dll] Control 'V_返品金額(軽減)_1': オブジェクト参照がオブジェクト インスタンスに設定されていません。, Program: "伝票情報 表示".
 <-1> 03/06/2026 14:24:14.356     [Error  ] - [MgGui.dll] 
   場所 System.Environment.GetStackTrace(Exception e, Boolean needFileInfo)
   場所 System.Environment.get_StackTrace()
   場所 com.magicsoftware.rte.CoreExecutor.WriteExceptionToLog(Int64 contextID, String msg)
   場所 com.magicsoftware.rte.GuiEventsProcessor.WriteExceptionToLog(String message)
   場所 com.magicsoftware.unipaas.Events.WriteExceptionToLog(String msg)
   場所 com.magicsoftware.unipaas.management.gui.MgControlBase.refreshProperties(Boolean onlyRepeatableProps)
   場所 com.magicsoftware.unipaas.management.gui.MgControlBase.RefreshDisplay(Boolean onlyRepeatableProps)
   場所 com.magicsoftware.unipaas.management.gui.MgFormBase.refreshControls(Boolean repeatableOnly)
   場所 com.magicsoftware.unipaas.management.gui.MgFormBase.refreshRow(Int32 rowIdx, Boolean repeatableOnly)
   場所 com.magicsoftware.rte.gui.MgForm.DisplayRow(Int32 rowIdx, Boolean repeatableOnly, String dataCtrlPairs)
   場所 com.magicsoftware.rte.RteExecutor.DisplayRow(Int32 taskID, Int32 rowIdx, Boolean repeatableOnly, String dataCtrlPairs)
   場所 RteExecutorEndpoint.InvokeDisplayRow(Int32 taskID, Int32 rowIdx, Boolean repeatableOnly, String dataCtrlPairs)
   場所 RteExecutorBridge.DisplayRow(RteExecutorBridge* , Int32 taskID, Int32 rowIdx, Boolean repeatableOnly, UInt16* dataCtrlPairs)
   場所 CoreExecutorEndpoint.EventsLoop()
   場所 CoreExecutorGateway.EventsLoop()
   場所 com.magicsoftware.rte.RTEmanager.ExecuteWorkThread()
   場所 System.Threading.ThreadHelper.ThreadStart_Context(Object state)
   場所 System.Threading.ExecutionContext.RunInternal(ExecutionContext executionContext, ContextCallback callback, Object state, Boolean preserveSyncCtx)
   場所 System.Threading.ExecutionContext.Run(ExecutionContext executionContext, ContextCallback callback, Object state, Boolean preserveSyncCtx)
   場所 System.Threading.ExecutionContext.Run(ExecutionContext executionContext, ContextCallback callback, Object state)
   場所 System.Threading.ThreadHelper.ThreadStart(), Program: "伝票情報 表示".
 <-1> 03/06/2026 14:24:14.357     [Error  ] - [MgGui.dll] Control 'V_値引金額(軽減)_1': オブジェクト参照がオブジェクト インスタンスに設定されていません。, Program: "伝票情報 表示".
 <-1> 03/06/2026 14:24:14.357     [Error  ] - [MgGui.dll] 
   場所 System.Environment.GetStackTrace(Exception e, Boolean needFileInfo)
   場所 System.Environment.get_StackTrace()
   場所 com.magicsoftware.rte.CoreExecutor.WriteExceptionToLog(Int64 contextID, String msg)
   場所 com.magicsoftware.rte.GuiEventsProcessor.WriteExceptionToLog(String message)
   場所 com.magicsoftware.unipaas.Events.WriteExceptionToLog(String msg)
   場所 com.magicsoftware.unipaas.management.gui.MgControlBase.refreshProperties(Boolean onlyRepeatableProps)
   場所 com.magicsoftware.unipaas.management.gui.MgControlBase.RefreshDisplay(Boolean onlyRepeatableProps)
   場所 com.magicsoftware.unipaas.management.gui.MgFormBase.refreshControls(Boolean repeatableOnly)
   場所 com.magicsoftware.unipaas.management.gui.MgFormBase.refreshRow(Int32 rowIdx, Boolean repeatableOnly)
   場所 com.magicsoftware.rte.gui.MgForm.DisplayRow(Int32 rowIdx, Boolean repeatableOnly, String dataCtrlPairs)
   場所 com.magicsoftware.rte.RteExecutor.DisplayRow(Int32 taskID, Int32 rowIdx, Boolean repeatableOnly, String dataCtrlPairs)
   場所 RteExecutorEndpoint.InvokeDisplayRow(Int32 taskID, Int32 rowIdx, Boolean repeatableOnly, String dataCtrlPairs)
   場所 RteExecutorBridge.DisplayRow(RteExecutorBridge* , Int32 taskID, Int32 rowIdx, Boolean repeatableOnly, UInt16* dataCtrlPairs)
   場所 CoreExecutorEndpoint.EventsLoop()
   場所 CoreExecutorGateway.EventsLoop()
   場所 com.magicsoftware.rte.RTEmanager.ExecuteWorkThread()
   場所 System.Threading.ThreadHelper.ThreadStart_Context(Object state)
   場所 System.Threading.ExecutionContext.RunInternal(ExecutionContext executionContext, ContextCallback callback, Object state, Boolean preserveSyncCtx)
   場所 System.Threading.ExecutionContext.Run(ExecutionContext executionContext, ContextCallback callback, Object state, Boolean preserveSyncCtx)
   場所 System.Threading.ExecutionContext.Run(ExecutionContext executionContext, ContextCallback callback, Object state)
   場所 System.Threading.ThreadHelper.ThreadStart(), Program: "伝票情報 表示".
 <-1> 03/06/2026 14:24:14.358     [Error  ] - [MgGui.dll] Control 'V_消費税額(軽減)_1': オブジェクト参照がオブジェクト インスタンスに設定されていません。, Program: "伝票情報 表示".
 <-1> 03/06/2026 14:24:14.358     [Error  ] - [MgGui.dll] 
   場所 System.Environment.GetStackTrace(Exception e, Boolean needFileInfo)
   場所 System.Environment.get_StackTrace()
   場所 com.magicsoftware.rte.CoreExecutor.WriteExceptionToLog(Int64 contextID, String msg)
   場所 com.magicsoftware.rte.GuiEventsProcessor.WriteExceptionToLog(String message)
   場所 com.magicsoftware.unipaas.Events.WriteExceptionToLog(String msg)
   場所 com.magicsoftware.unipaas.management.gui.MgControlBase.refreshProperties(Boolean onlyRepeatableProps)
   場所 com.magicsoftware.unipaas.management.gui.MgControlBase.RefreshDisplay(Boolean onlyRepeatableProps)
   場所 com.magicsoftware.unipaas.management.gui.MgFormBase.refreshControls(Boolean repeatableOnly)
   場所 com.magicsoftware.unipaas.management.gui.MgFormBase.refreshRow(Int32 rowIdx, Boolean repeatableOnly)
   場所 com.magicsoftware.rte.gui.MgForm.DisplayRow(Int32 rowIdx, Boolean repeatableOnly, String dataCtrlPairs)
   場所 com.magicsoftware.rte.RteExecutor.DisplayRow(Int32 taskID, Int32 rowIdx, Boolean repeatableOnly, String dataCtrlPairs)
   場所 RteExecutorEndpoint.InvokeDisplayRow(Int32 taskID, Int32 rowIdx, Boolean repeatableOnly, String dataCtrlPairs)
   場所 RteExecutorBridge.DisplayRow(RteExecutorBridge* , Int32 taskID, Int32 rowIdx, Boolean repeatableOnly, UInt16* dataCtrlPairs)
   場所 CoreExecutorEndpoint.EventsLoop()
   場所 CoreExecutorGateway.EventsLoop()
   場所 com.magicsoftware.rte.RTEmanager.ExecuteWorkThread()
   場所 System.Threading.ThreadHelper.ThreadStart_Context(Object state)
   場所 System.Threading.ExecutionContext.RunInternal(ExecutionContext executionContext, ContextCallback callback, Object state, Boolean preserveSyncCtx)
   場所 System.Threading.ExecutionContext.Run(ExecutionContext executionContext, ContextCallback callback, Object state, Boolean preserveSyncCtx)
   場所 System.Threading.ExecutionContext.Run(ExecutionContext executionContext, ContextCallback callback, Object state)
   場所 System.Threading.ThreadHelper.ThreadStart(), Program: "伝票情報 表示".
 <-1> 03/06/2026 14:24:14.358     [Error  ] - [MgGui.dll] Control 'V_仕入金額(標準)_1': オブジェクト参照がオブジェクト インスタンスに設定されていません。, Program: "伝票情報 表示".
 <-1> 03/06/2026 14:24:14.359     [Error  ] - [MgGui.dll] 
   場所 System.Environment.GetStackTrace(Exception e, Boolean needFileInfo)
   場所 System.Environment.get_StackTrace()
   場所 com.magicsoftware.rte.CoreExecutor.WriteExceptionToLog(Int64 contextID, String msg)
   場所 com.magicsoftware.rte.GuiEventsProcessor.WriteExceptionToLog(String message)
   場所 com.magicsoftware.unipaas.Events.WriteExceptionToLog(String msg)
   場所 com.magicsoftware.unipaas.management.gui.MgControlBase.refreshProperties(Boolean onlyRepeatableProps)
   場所 com.magicsoftware.unipaas.management.gui.MgControlBase.RefreshDisplay(Boolean onlyRepeatableProps)
   場所 com.magicsoftware.unipaas.management.gui.MgFormBase.refreshControls(Boolean repeatableOnly)
   場所 com.magicsoftware.unipaas.management.gui.MgFormBase.refreshRow(Int32 rowIdx, Boolean repeatableOnly)
   場所 com.magicsoftware.rte.gui.MgForm.DisplayRow(Int32 rowIdx, Boolean repeatableOnly, String dataCtrlPairs)
   場所 com.magicsoftware.rte.RteExecutor.DisplayRow(Int32 taskID, Int32 rowIdx, Boolean repeatableOnly, String dataCtrlPairs)
   場所 RteExecutorEndpoint.InvokeDisplayRow(Int32 taskID, Int32 rowIdx, Boolean repeatableOnly, String dataCtrlPairs)
   場所 RteExecutorBridge.DisplayRow(RteExecutorBridge* , Int32 taskID, Int32 rowIdx, Boolean repeatableOnly, UInt16* dataCtrlPairs)
   場所 CoreExecutorEndpoint.EventsLoop()
   場所 CoreExecutorGateway.EventsLoop()
   場所 com.magicsoftware.rte.RTEmanager.ExecuteWorkThread()
   場所 System.Threading.ThreadHelper.ThreadStart_Context(Object state)
   場所 System.Threading.ExecutionContext.RunInternal(ExecutionContext executionContext, ContextCallback callback, Object state, Boolean preserveSyncCtx)
   場所 System.Threading.ExecutionContext.Run(ExecutionContext executionContext, ContextCallback callback, Object state, Boolean preserveSyncCtx)
   場所 System.Threading.ExecutionContext.Run(ExecutionContext executionContext, ContextCallback callback, Object state)
   場所 System.Threading.ThreadHelper.ThreadStart(), Program: "伝票情報 表示".
 <-1> 03/06/2026 14:24:14.359     [Error  ] - [MgGui.dll] Control 'V_返品金額(標準)_1': オブジェクト参照がオブジェクト インスタンスに設定されていません。, Program: "伝票情報 表示".
 <-1> 03/06/2026 14:24:14.359     [Error  ] - [MgGui.dll] 
   場所 System.Environment.GetStackTrace(Exception e, Boolean needFileInfo)
   場所 System.Environment.get_StackTrace()
   場所 com.magicsoftware.rte.CoreExecutor.WriteExceptionToLog(Int64 contextID, String msg)
   場所 com.magicsoftware.rte.GuiEventsProcessor.WriteExceptionToLog(String message)
   場所 com.magicsoftware.unipaas.Events.WriteExceptionToLog(String msg)
   場所 com.magicsoftware.unipaas.management.gui.MgControlBase.refreshProperties(Boolean onlyRepeatableProps)
   場所 com.magicsoftware.unipaas.management.gui.MgControlBase.RefreshDisplay(Boolean onlyRepeatableProps)
   場所 com.magicsoftware.unipaas.management.gui.MgFormBase.refreshControls(Boolean repeatableOnly)
   場所 com.magicsoftware.unipaas.management.gui.MgFormBase.refreshRow(Int32 rowIdx, Boolean repeatableOnly)
   場所 com.magicsoftware.rte.gui.MgForm.DisplayRow(Int32 rowIdx, Boolean repeatableOnly, String dataCtrlPairs)
   場所 com.magicsoftware.rte.RteExecutor.DisplayRow(Int32 taskID, Int32 rowIdx, Boolean repeatableOnly, String dataCtrlPairs)
   場所 RteExecutorEndpoint.InvokeDisplayRow(Int32 taskID, Int32 rowIdx, Boolean repeatableOnly, String dataCtrlPairs)
   場所 RteExecutorBridge.DisplayRow(RteExecutorBridge* , Int32 taskID, Int32 rowIdx, Boolean repeatableOnly, UInt16* dataCtrlPairs)
   場所 CoreExecutorEndpoint.EventsLoop()
   場所 CoreExecutorGateway.EventsLoop()
   場所 com.magicsoftware.rte.RTEmanager.ExecuteWorkThread()
   場所 System.Threading.ThreadHelper.ThreadStart_Context(Object state)
   場所 System.Threading.ExecutionContext.RunInternal(ExecutionContext executionContext, ContextCallback callback, Object state, Boolean preserveSyncCtx)
   場所 System.Threading.ExecutionContext.Run(ExecutionContext executionContext, ContextCallback callback, Object state, Boolean preserveSyncCtx)
   場所 System.Threading.ExecutionContext.Run(ExecutionContext executionContext, ContextCallback callback, Object state)
   場所 System.Threading.ThreadHelper.ThreadStart(), Program: "伝票情報 表示".
 <-1> 03/06/2026 14:24:14.360     [Error  ] - [MgGui.dll] Control 'V_値引金額(標準)_1': オブジェクト参照がオブジェクト インスタンスに設定されていません。, Program: "伝票情報 表示".
 <-1> 03/06/2026 14:24:14.360     [Error  ] - [MgGui.dll] 
   場所 System.Environment.GetStackTrace(Exception e, Boolean needFileInfo)
   場所 System.Environment.get_StackTrace()
   場所 com.magicsoftware.rte.CoreExecutor.WriteExceptionToLog(Int64 contextID, String msg)
   場所 com.magicsoftware.rte.GuiEventsProcessor.WriteExceptionToLog(String message)
   場所 com.magicsoftware.unipaas.Events.WriteExceptionToLog(String msg)
   場所 com.magicsoftware.unipaas.management.gui.MgControlBase.refreshProperties(Boolean onlyRepeatableProps)
   場所 com.magicsoftware.unipaas.management.gui.MgControlBase.RefreshDisplay(Boolean onlyRepeatableProps)
   場所 com.magicsoftware.unipaas.management.gui.MgFormBase.refreshControls(Boolean repeatableOnly)
   場所 com.magicsoftware.unipaas.management.gui.MgFormBase.refreshRow(Int32 rowIdx, Boolean repeatableOnly)
   場所 com.magicsoftware.rte.gui.MgForm.DisplayRow(Int32 rowIdx, Boolean repeatableOnly, String dataCtrlPairs)
   場所 com.magicsoftware.rte.RteExecutor.DisplayRow(Int32 taskID, Int32 rowIdx, Boolean repeatableOnly, String dataCtrlPairs)
   場所 RteExecutorEndpoint.InvokeDisplayRow(Int32 taskID, Int32 rowIdx, Boolean repeatableOnly, String dataCtrlPairs)
   場所 RteExecutorBridge.DisplayRow(RteExecutorBridge* , Int32 taskID, Int32 rowIdx, Boolean repeatableOnly, UInt16* dataCtrlPairs)
   場所 CoreExecutorEndpoint.EventsLoop()
   場所 CoreExecutorGateway.EventsLoop()
   場所 com.magicsoftware.rte.RTEmanager.ExecuteWorkThread()
   場所 System.Threading.ThreadHelper.ThreadStart_Context(Object state)
   場所 System.Threading.ExecutionContext.RunInternal(ExecutionContext executionContext, ContextCallback callback, Object state, Boolean preserveSyncCtx)
   場所 System.Threading.ExecutionContext.Run(ExecutionContext executionContext, ContextCallback callback, Object state, Boolean preserveSyncCtx)
   場所 System.Threading.ExecutionContext.Run(ExecutionContext executionContext, ContextCallback callback, Object state)
   場所 System.Threading.ThreadHelper.ThreadStart(), Program: "伝票情報 表示".
 <-1> 03/06/2026 14:24:14.361     [Error  ] - [MgGui.dll] Control 'V_消費税額(標準)_1': オブジェクト参照がオブジェクト インスタンスに設定されていません。, Program: "伝票情報 表示".
 <-1> 03/06/2026 14:24:14.361     [Error  ] - [MgGui.dll] 
   場所 System.Environment.GetStackTrace(Exception e, Boolean needFileInfo)
   場所 System.Environment.get_StackTrace()
   場所 com.magicsoftware.rte.CoreExecutor.WriteExceptionToLog(Int64 contextID, String msg)
   場所 com.magicsoftware.rte.GuiEventsProcessor.WriteExceptionToLog(String message)
   場所 com.magicsoftware.unipaas.Events.WriteExceptionToLog(String msg)
   場所 com.magicsoftware.unipaas.management.gui.MgControlBase.refreshProperties(Boolean onlyRepeatableProps)
   場所 com.magicsoftware.unipaas.management.gui.MgControlBase.RefreshDisplay(Boolean onlyRepeatableProps)
   場所 com.magicsoftware.unipaas.management.gui.MgFormBase.refreshControls(Boolean repeatableOnly)
   場所 com.magicsoftware.unipaas.management.gui.MgFormBase.refreshRow(Int32 rowIdx, Boolean repeatableOnly)
   場所 com.magicsoftware.rte.gui.MgForm.DisplayRow(Int32 rowIdx, Boolean repeatableOnly, String dataCtrlPairs)
   場所 com.magicsoftware.rte.RteExecutor.DisplayRow(Int32 taskID, Int32 rowIdx, Boolean repeatableOnly, String dataCtrlPairs)
   場所 RteExecutorEndpoint.InvokeDisplayRow(Int32 taskID, Int32 rowIdx, Boolean repeatableOnly, String dataCtrlPairs)
   場所 RteExecutorBridge.DisplayRow(RteExecutorBridge* , Int32 taskID, Int32 rowIdx, Boolean repeatableOnly, UInt16* dataCtrlPairs)
   場所 CoreExecutorEndpoint.EventsLoop()
   場所 CoreExecutorGateway.EventsLoop()
   場所 com.magicsoftware.rte.RTEmanager.ExecuteWorkThread()
   場所 System.Threading.ThreadHelper.ThreadStart_Context(Object state)
   場所 System.Threading.ExecutionContext.RunInternal(ExecutionContext executionContext, ContextCallback callback, Object state, Boolean preserveSyncCtx)
   場所 System.Threading.ExecutionContext.Run(ExecutionContext executionContext, ContextCallback callback, Object state, Boolean preserveSyncCtx)
   場所 System.Threading.ExecutionContext.Run(ExecutionContext executionContext, ContextCallback callback, Object state)
   場所 System.Threading.ThreadHelper.ThreadStart(), Program: "伝票情報 表示".
 <-1> 03/06/2026 14:24:14.361     [Error  ] - [MgGui.dll] Control 'V_合計金額_1': オブジェクト参照がオブジェクト インスタンスに設定されていません。, Program: "伝票情報 表示".
 <-1> 03/06/2026 14:24:14.362     [Error  ] - [MgGui.dll] 
   場所 System.Environment.GetStackTrace(Exception e, Boolean needFileInfo)
   場所 System.Environment.get_StackTrace()
   場所 com.magicsoftware.rte.CoreExecutor.WriteExceptionToLog(Int64 contextID, String msg)
   場所 com.magicsoftware.rte.GuiEventsProcessor.WriteExceptionToLog(String message)
   場所 com.magicsoftware.unipaas.Events.WriteExceptionToLog(String msg)
   場所 com.magicsoftware.unipaas.management.gui.MgControlBase.refreshProperties(Boolean onlyRepeatableProps)
   場所 com.magicsoftware.unipaas.management.gui.MgControlBase.RefreshDisplay(Boolean onlyRepeatableProps)
   場所 com.magicsoftware.unipaas.management.gui.MgFormBase.refreshControls(Boolean repeatableOnly)
   場所 com.magicsoftware.unipaas.management.gui.MgFormBase.refreshRow(Int32 rowIdx, Boolean repeatableOnly)
   場所 com.magicsoftware.rte.gui.MgForm.DisplayRow(Int32 rowIdx, Boolean repeatableOnly, String dataCtrlPairs)
   場所 com.magicsoftware.rte.RteExecutor.DisplayRow(Int32 taskID, Int32 rowIdx, Boolean repeatableOnly, String dataCtrlPairs)
   場所 RteExecutorEndpoint.InvokeDisplayRow(Int32 taskID, Int32 rowIdx, Boolean repeatableOnly, String dataCtrlPairs)
   場所 RteExecutorBridge.DisplayRow(RteExecutorBridge* , Int32 taskID, Int32 rowIdx, Boolean repeatableOnly, UInt16* dataCtrlPairs)
   場所 CoreExecutorEndpoint.EventsLoop()
   場所 CoreExecutorGateway.EventsLoop()
   場所 com.magicsoftware.rte.RTEmanager.ExecuteWorkThread()
   場所 System.Threading.ThreadHelper.ThreadStart_Context(Object state)
   場所 System.Threading.ExecutionContext.RunInternal(ExecutionContext executionContext, ContextCallback callback, Object state, Boolean preserveSyncCtx)
   場所 System.Threading.ExecutionContext.Run(ExecutionContext executionContext, ContextCallback callback, Object state, Boolean preserveSyncCtx)
   場所 System.Threading.ExecutionContext.Run(ExecutionContext executionContext, ContextCallback callback, Object state)
   場所 System.Threading.ThreadHelper.ThreadStart(), Program: "伝票情報 表示".
 <-1> 03/06/2026 14:24:14.362     [Error  ] - [MgGui.dll] Control 'V_開始伝票NO_1': オブジェクト参照がオブジェクト インスタンスに設定されていません。, Program: "伝票情報 表示".
 <-1> 03/06/2026 14:24:14.362     [Error  ] - [MgGui.dll] 
   場所 System.Environment.GetStackTrace(Exception e, Boolean needFileInfo)
   場所 System.Environment.get_StackTrace()
   場所 com.magicsoftware.rte.CoreExecutor.WriteExceptionToLog(Int64 contextID, String msg)
   場所 com.magicsoftware.rte.GuiEventsProcessor.WriteExceptionToLog(String message)
   場所 com.magicsoftware.unipaas.Events.WriteExceptionToLog(String msg)
   場所 com.magicsoftware.unipaas.management.gui.MgControlBase.refreshProperties(Boolean onlyRepeatableProps)
   場所 com.magicsoftware.unipaas.management.gui.MgControlBase.RefreshDisplay(Boolean onlyRepeatableProps)
   場所 com.magicsoftware.unipaas.management.gui.MgFormBase.refreshControls(Boolean repeatableOnly)
   場所 com.magicsoftware.unipaas.management.gui.MgFormBase.refreshRow(Int32 rowIdx, Boolean repeatableOnly)
   場所 com.magicsoftware.rte.gui.MgForm.DisplayRow(Int32 rowIdx, Boolean repeatableOnly, String dataCtrlPairs)
   場所 com.magicsoftware.rte.RteExecutor.DisplayRow(Int32 taskID, Int32 rowIdx, Boolean repeatableOnly, String dataCtrlPairs)
   場所 RteExecutorEndpoint.InvokeDisplayRow(Int32 taskID, Int32 rowIdx, Boolean repeatableOnly, String dataCtrlPairs)
   場所 RteExecutorBridge.DisplayRow(RteExecutorBridge* , Int32 taskID, Int32 rowIdx, Boolean repeatableOnly, UInt16* dataCtrlPairs)
   場所 CoreExecutorEndpoint.EventsLoop()
   場所 CoreExecutorGateway.EventsLoop()
   場所 com.magicsoftware.rte.RTEmanager.ExecuteWorkThread()
   場所 System.Threading.ThreadHelper.ThreadStart_Context(Object state)
   場所 System.Threading.ExecutionContext.RunInternal(ExecutionContext executionContext, ContextCallback callback, Object state, Boolean preserveSyncCtx)
   場所 System.Threading.ExecutionContext.Run(ExecutionContext executionContext, ContextCallback callback, Object state, Boolean preserveSyncCtx)
   場所 System.Threading.ExecutionContext.Run(ExecutionContext executionContext, ContextCallback callback, Object state)
   場所 System.Threading.ThreadHelper.ThreadStart(), Program: "伝票情報 表示".
 <-1> 03/06/2026 14:24:14.363     [Error  ] - [MgGui.dll] Control 'V_終了伝票NO_1': オブジェクト参照がオブジェクト インスタンスに設定されていません。, Program: "伝票情報 表示".
 <-1> 03/06/2026 14:24:14.363     [Error  ] - [MgGui.dll] 
   場所 System.Environment.GetStackTrace(Exception e, Boolean needFileInfo)
   場所 System.Environment.get_StackTrace()
   場所 com.magicsoftware.rte.CoreExecutor.WriteExceptionToLog(Int64 contextID, String msg)
   場所 com.magicsoftware.rte.GuiEventsProcessor.WriteExceptionToLog(String message)
   場所 com.magicsoftware.unipaas.Events.WriteExceptionToLog(String msg)
   場所 com.magicsoftware.unipaas.management.gui.MgControlBase.refreshProperties(Boolean onlyRepeatableProps)
   場所 com.magicsoftware.unipaas.management.gui.MgControlBase.RefreshDisplay(Boolean onlyRepeatableProps)
   場所 com.magicsoftware.unipaas.management.gui.MgFormBase.refreshControls(Boolean repeatableOnly)
   場所 com.magicsoftware.unipaas.management.gui.MgFormBase.refreshRow(Int32 rowIdx, Boolean repeatableOnly)
   場所 com.magicsoftware.rte.gui.MgForm.DisplayRow(Int32 rowIdx, Boolean repeatableOnly, String dataCtrlPairs)
   場所 com.magicsoftware.rte.RteExecutor.DisplayRow(Int32 taskID, Int32 rowIdx, Boolean repeatableOnly, String dataCtrlPairs)
   場所 RteExecutorEndpoint.InvokeDisplayRow(Int32 taskID, Int32 rowIdx, Boolean repeatableOnly, String dataCtrlPairs)
   場所 RteExecutorBridge.DisplayRow(RteExecutorBridge* , Int32 taskID, Int32 rowIdx, Boolean repeatableOnly, UInt16* dataCtrlPairs)
   場所 CoreExecutorEndpoint.EventsLoop()
   場所 CoreExecutorGateway.EventsLoop()
   場所 com.magicsoftware.rte.RTEmanager.ExecuteWorkThread()
   場所 System.Threading.ThreadHelper.ThreadStart_Context(Object state)
   場所 System.Threading.ExecutionContext.RunInternal(ExecutionContext executionContext, ContextCallback callback, Object state, Boolean preserveSyncCtx)
   場所 System.Threading.ExecutionContext.Run(ExecutionContext executionContext, ContextCallback callback, Object state, Boolean preserveSyncCtx)
   場所 System.Threading.ExecutionContext.Run(ExecutionContext executionContext, ContextCallback callback, Object state)
   場所 System.Threading.ThreadHelper.ThreadStart(), Program: "伝票情報 表示".
 <-1> 03/06/2026 14:24:14.363     [Error  ] - [MgGui.dll] Control 'V_次伝票NO_1': オブジェクト参照がオブジェクト インスタンスに設定されていません。, Program: "伝票情報 表示".
 <-1> 03/06/2026 14:24:14.363     [Error  ] - [MgGui.dll] 
   場所 System.Environment.GetStackTrace(Exception e, Boolean needFileInfo)
   場所 System.Environment.get_StackTrace()
   場所 com.magicsoftware.rte.CoreExecutor.WriteExceptionToLog(Int64 contextID, String msg)
   場所 com.magicsoftware.rte.GuiEventsProcessor.WriteExceptionToLog(String message)
   場所 com.magicsoftware.unipaas.Events.WriteExceptionToLog(String msg)
   場所 com.magicsoftware.unipaas.management.gui.MgControlBase.refreshProperties(Boolean onlyRepeatableProps)
   場所 com.magicsoftware.unipaas.management.gui.MgControlBase.RefreshDisplay(Boolean onlyRepeatableProps)
   場所 com.magicsoftware.unipaas.management.gui.MgFormBase.refreshControls(Boolean repeatableOnly)
   場所 com.magicsoftware.unipaas.management.gui.MgFormBase.refreshRow(Int32 rowIdx, Boolean repeatableOnly)
   場所 com.magicsoftware.rte.gui.MgForm.DisplayRow(Int32 rowIdx, Boolean repeatableOnly, String dataCtrlPairs)
   場所 com.magicsoftware.rte.RteExecutor.DisplayRow(Int32 taskID, Int32 rowIdx, Boolean repeatableOnly, String dataCtrlPairs)
   場所 RteExecutorEndpoint.InvokeDisplayRow(Int32 taskID, Int32 rowIdx, Boolean repeatableOnly, String dataCtrlPairs)
   場所 RteExecutorBridge.DisplayRow(RteExecutorBridge* , Int32 taskID, Int32 rowIdx, Boolean repeatableOnly, UInt16* dataCtrlPairs)
   場所 CoreExecutorEndpoint.EventsLoop()
   場所 CoreExecutorGateway.EventsLoop()
   場所 com.magicsoftware.rte.RTEmanager.ExecuteWorkThread()
   場所 System.Threading.ThreadHelper.ThreadStart_Context(Object state)
   場所 System.Threading.ExecutionContext.RunInternal(ExecutionContext executionContext, ContextCallback callback, Object state, Boolean preserveSyncCtx)
   場所 System.Threading.ExecutionContext.Run(ExecutionContext executionContext, ContextCallback callback, Object state, Boolean preserveSyncCtx)
   場所 System.Threading.ExecutionContext.Run(ExecutionContext executionContext, ContextCallback callback, Object state)
   場所 System.Threading.ThreadHelper.ThreadStart(), Program: "伝票情報 表示".
 <-1> 03/06/2026 14:24:14.364     [Error  ] - [MgGui.dll] Control 'V_仕入金額(軽減)_0': オブジェクト参照がオブジェクト インスタンスに設定されていません。, Program: "伝票情報 表示".
 <-1> 03/06/2026 14:24:14.365     [Error  ] - [MgGui.dll] 
   場所 System.Environment.GetStackTrace(Exception e, Boolean needFileInfo)
   場所 System.Environment.get_StackTrace()
   場所 com.magicsoftware.rte.CoreExecutor.WriteExceptionToLog(Int64 contextID, String msg)
   場所 com.magicsoftware.rte.GuiEventsProcessor.WriteExceptionToLog(String message)
   場所 com.magicsoftware.unipaas.Events.WriteExceptionToLog(String msg)
   場所 com.magicsoftware.unipaas.management.gui.MgControlBase.refreshProperties(Boolean onlyRepeatableProps)
   場所 com.magicsoftware.unipaas.management.gui.MgControlBase.RefreshDisplay(Boolean onlyRepeatableProps)
   場所 com.magicsoftware.unipaas.management.gui.MgFormBase.refreshControls(Boolean repeatableOnly)
   場所 com.magicsoftware.unipaas.management.gui.MgFormBase.refreshRow(Int32 rowIdx, Boolean repeatableOnly)
   場所 com.magicsoftware.rte.gui.MgForm.DisplayRow(Int32 rowIdx, Boolean repeatableOnly, String dataCtrlPairs)
   場所 com.magicsoftware.rte.RteExecutor.DisplayRow(Int32 taskID, Int32 rowIdx, Boolean repeatableOnly, String dataCtrlPairs)
   場所 RteExecutorEndpoint.InvokeDisplayRow(Int32 taskID, Int32 rowIdx, Boolean repeatableOnly, String dataCtrlPairs)
   場所 RteExecutorBridge.DisplayRow(RteExecutorBridge* , Int32 taskID, Int32 rowIdx, Boolean repeatableOnly, UInt16* dataCtrlPairs)
   場所 CoreExecutorEndpoint.EventsLoop()
   場所 CoreExecutorGateway.EventsLoop()
   場所 com.magicsoftware.rte.RTEmanager.ExecuteWorkThread()
   場所 System.Threading.ThreadHelper.ThreadStart_Context(Object state)
   場所 System.Threading.ExecutionContext.RunInternal(ExecutionContext executionContext, ContextCallback callback, Object state, Boolean preserveSyncCtx)
   場所 System.Threading.ExecutionContext.Run(ExecutionContext executionContext, ContextCallback callback, Object state, Boolean preserveSyncCtx)
   場所 System.Threading.ExecutionContext.Run(ExecutionContext executionContext, ContextCallback callback, Object state)
   場所 System.Threading.ThreadHelper.ThreadStart(), Program: "伝票情報 表示".
 <-1> 03/06/2026 14:24:14.365     [Error  ] - [MgGui.dll] Control 'V_返品金額(軽減)_0': オブジェクト参照がオブジェクト インスタンスに設定されていません。, Program: "伝票情報 表示".
 <-1> 03/06/2026 14:24:14.365     [Error  ] - [MgGui.dll] 
   場所 System.Environment.GetStackTrace(Exception e, Boolean needFileInfo)
   場所 System.Environment.get_StackTrace()
   場所 com.magicsoftware.rte.CoreExecutor.WriteExceptionToLog(Int64 contextID, String msg)
   場所 com.magicsoftware.rte.GuiEventsProcessor.WriteExceptionToLog(String message)
   場所 com.magicsoftware.unipaas.Events.WriteExceptionToLog(String msg)
   場所 com.magicsoftware.unipaas.management.gui.MgControlBase.refreshProperties(Boolean onlyRepeatableProps)
   場所 com.magicsoftware.unipaas.management.gui.MgControlBase.RefreshDisplay(Boolean onlyRepeatableProps)
   場所 com.magicsoftware.unipaas.management.gui.MgFormBase.refreshControls(Boolean repeatableOnly)
   場所 com.magicsoftware.unipaas.management.gui.MgFormBase.refreshRow(Int32 rowIdx, Boolean repeatableOnly)
   場所 com.magicsoftware.rte.gui.MgForm.DisplayRow(Int32 rowIdx, Boolean repeatableOnly, String dataCtrlPairs)
   場所 com.magicsoftware.rte.RteExecutor.DisplayRow(Int32 taskID, Int32 rowIdx, Boolean repeatableOnly, String dataCtrlPairs)
   場所 RteExecutorEndpoint.InvokeDisplayRow(Int32 taskID, Int32 rowIdx, Boolean repeatableOnly, String dataCtrlPairs)
   場所 RteExecutorBridge.DisplayRow(RteExecutorBridge* , Int32 taskID, Int32 rowIdx, Boolean repeatableOnly, UInt16* dataCtrlPairs)
   場所 CoreExecutorEndpoint.EventsLoop()
   場所 CoreExecutorGateway.EventsLoop()
   場所 com.magicsoftware.rte.RTEmanager.ExecuteWorkThread()
   場所 System.Threading.ThreadHelper.ThreadStart_Context(Object state)
   場所 System.Threading.ExecutionContext.RunInternal(ExecutionContext executionContext, ContextCallback callback, Object state, Boolean preserveSyncCtx)
   場所 System.Threading.ExecutionContext.Run(ExecutionContext executionContext, ContextCallback callback, Object state, Boolean preserveSyncCtx)
   場所 System.Threading.ExecutionContext.Run(ExecutionContext executionContext, ContextCallback callback, Object state)
   場所 System.Threading.ThreadHelper.ThreadStart(), Program: "伝票情報 表示".
 <-1> 03/06/2026 14:24:14.366     [Error  ] - [MgGui.dll] Control 'V_値引金額(軽減)_0': オブジェクト参照がオブジェクト インスタンスに設定されていません。, Program: "伝票情報 表示".
 <-1> 03/06/2026 14:24:14.366     [Error  ] - [MgGui.dll] 
   場所 System.Environment.GetStackTrace(Exception e, Boolean needFileInfo)
   場所 System.Environment.get_StackTrace()
   場所 com.magicsoftware.rte.CoreExecutor.WriteExceptionToLog(Int64 contextID, String msg)
   場所 com.magicsoftware.rte.GuiEventsProcessor.WriteExceptionToLog(String message)
   場所 com.magicsoftware.unipaas.Events.WriteExceptionToLog(String msg)
   場所 com.magicsoftware.unipaas.management.gui.MgControlBase.refreshProperties(Boolean onlyRepeatableProps)
   場所 com.magicsoftware.unipaas.management.gui.MgControlBase.RefreshDisplay(Boolean onlyRepeatableProps)
   場所 com.magicsoftware.unipaas.management.gui.MgFormBase.refreshControls(Boolean repeatableOnly)
   場所 com.magicsoftware.unipaas.management.gui.MgFormBase.refreshRow(Int32 rowIdx, Boolean repeatableOnly)
   場所 com.magicsoftware.rte.gui.MgForm.DisplayRow(Int32 rowIdx, Boolean repeatableOnly, String dataCtrlPairs)
   場所 com.magicsoftware.rte.RteExecutor.DisplayRow(Int32 taskID, Int32 rowIdx, Boolean repeatableOnly, String dataCtrlPairs)
   場所 RteExecutorEndpoint.InvokeDisplayRow(Int32 taskID, Int32 rowIdx, Boolean repeatableOnly, String dataCtrlPairs)
   場所 RteExecutorBridge.DisplayRow(RteExecutorBridge* , Int32 taskID, Int32 rowIdx, Boolean repeatableOnly, UInt16* dataCtrlPairs)
   場所 CoreExecutorEndpoint.EventsLoop()
   場所 CoreExecutorGateway.EventsLoop()
   場所 com.magicsoftware.rte.RTEmanager.ExecuteWorkThread()
   場所 System.Threading.ThreadHelper.ThreadStart_Context(Object state)
   場所 System.Threading.ExecutionContext.RunInternal(ExecutionContext executionContext, ContextCallback callback, Object state, Boolean preserveSyncCtx)
   場所 System.Threading.ExecutionContext.Run(ExecutionContext executionContext, ContextCallback callback, Object state, Boolean preserveSyncCtx)
   場所 System.Threading.ExecutionContext.Run(ExecutionContext executionContext, ContextCallback callback, Object state)
   場所 System.Threading.ThreadHelper.ThreadStart(), Program: "伝票情報 表示".
 <-1> 03/06/2026 14:24:14.367     [Error  ] - [MgGui.dll] Control 'V_消費税額(軽減)_0': オブジェクト参照がオブジェクト インスタンスに設定されていません。, Program: "伝票情報 表示".
 <-1> 03/06/2026 14:24:14.367     [Error  ] - [MgGui.dll] 
   場所 System.Environment.GetStackTrace(Exception e, Boolean needFileInfo)
   場所 System.Environment.get_StackTrace()
   場所 com.magicsoftware.rte.CoreExecutor.WriteExceptionToLog(Int64 contextID, String msg)
   場所 com.magicsoftware.rte.GuiEventsProcessor.WriteExceptionToLog(String message)
   場所 com.magicsoftware.unipaas.Events.WriteExceptionToLog(String msg)
   場所 com.magicsoftware.unipaas.management.gui.MgControlBase.refreshProperties(Boolean onlyRepeatableProps)
   場所 com.magicsoftware.unipaas.management.gui.MgControlBase.RefreshDisplay(Boolean onlyRepeatableProps)
   場所 com.magicsoftware.unipaas.management.gui.MgFormBase.refreshControls(Boolean repeatableOnly)
   場所 com.magicsoftware.unipaas.management.gui.MgFormBase.refreshRow(Int32 rowIdx, Boolean repeatableOnly)
   場所 com.magicsoftware.rte.gui.MgForm.DisplayRow(Int32 rowIdx, Boolean repeatableOnly, String dataCtrlPairs)
   場所 com.magicsoftware.rte.RteExecutor.DisplayRow(Int32 taskID, Int32 rowIdx, Boolean repeatableOnly, String dataCtrlPairs)
   場所 RteExecutorEndpoint.InvokeDisplayRow(Int32 taskID, Int32 rowIdx, Boolean repeatableOnly, String dataCtrlPairs)
   場所 RteExecutorBridge.DisplayRow(RteExecutorBridge* , Int32 taskID, Int32 rowIdx, Boolean repeatableOnly, UInt16* dataCtrlPairs)
   場所 CoreExecutorEndpoint.EventsLoop()
   場所 CoreExecutorGateway.EventsLoop()
   場所 com.magicsoftware.rte.RTEmanager.ExecuteWorkThread()
   場所 System.Threading.ThreadHelper.ThreadStart_Context(Object state)
   場所 System.Threading.ExecutionContext.RunInternal(ExecutionContext executionContext, ContextCallback callback, Object state, Boolean preserveSyncCtx)
   場所 System.Threading.ExecutionContext.Run(ExecutionContext executionContext, ContextCallback callback, Object state, Boolean preserveSyncCtx)
   場所 System.Threading.ExecutionContext.Run(ExecutionContext executionContext, ContextCallback callback, Object state)
   場所 System.Threading.ThreadHelper.ThreadStart(), Program: "伝票情報 表示".
 <-1> 03/06/2026 14:24:14.368     [Error  ] - [MgGui.dll] Control 'V_仕入金額(標準)_0': オブジェクト参照がオブジェクト インスタンスに設定されていません。, Program: "伝票情報 表示".
 <-1> 03/06/2026 14:24:14.368     [Error  ] - [MgGui.dll] 
   場所 System.Environment.GetStackTrace(Exception e, Boolean needFileInfo)
   場所 System.Environment.get_StackTrace()
   場所 com.magicsoftware.rte.CoreExecutor.WriteExceptionToLog(Int64 contextID, String msg)
   場所 com.magicsoftware.rte.GuiEventsProcessor.WriteExceptionToLog(String message)
   場所 com.magicsoftware.unipaas.Events.WriteExceptionToLog(String msg)
   場所 com.magicsoftware.unipaas.management.gui.MgControlBase.refreshProperties(Boolean onlyRepeatableProps)
   場所 com.magicsoftware.unipaas.management.gui.MgControlBase.RefreshDisplay(Boolean onlyRepeatableProps)
   場所 com.magicsoftware.unipaas.management.gui.MgFormBase.refreshControls(Boolean repeatableOnly)
   場所 com.magicsoftware.unipaas.management.gui.MgFormBase.refreshRow(Int32 rowIdx, Boolean repeatableOnly)
   場所 com.magicsoftware.rte.gui.MgForm.DisplayRow(Int32 rowIdx, Boolean repeatableOnly, String dataCtrlPairs)
   場所 com.magicsoftware.rte.RteExecutor.DisplayRow(Int32 taskID, Int32 rowIdx, Boolean repeatableOnly, String dataCtrlPairs)
   場所 RteExecutorEndpoint.InvokeDisplayRow(Int32 taskID, Int32 rowIdx, Boolean repeatableOnly, String dataCtrlPairs)
   場所 RteExecutorBridge.DisplayRow(RteExecutorBridge* , Int32 taskID, Int32 rowIdx, Boolean repeatableOnly, UInt16* dataCtrlPairs)
   場所 CoreExecutorEndpoint.EventsLoop()
   場所 CoreExecutorGateway.EventsLoop()
   場所 com.magicsoftware.rte.RTEmanager.ExecuteWorkThread()
   場所 System.Threading.ThreadHelper.ThreadStart_Context(Object state)
   場所 System.Threading.ExecutionContext.RunInternal(ExecutionContext executionContext, ContextCallback callback, Object state, Boolean preserveSyncCtx)
   場所 System.Threading.ExecutionContext.Run(ExecutionContext executionContext, ContextCallback callback, Object state, Boolean preserveSyncCtx)
   場所 System.Threading.ExecutionContext.Run(ExecutionContext executionContext, ContextCallback callback, Object state)
   場所 System.Threading.ThreadHelper.ThreadStart(), Program: "伝票情報 表示".
 <-1> 03/06/2026 14:24:14.369     [Error  ] - [MgGui.dll] Control 'V_返品金額(標準)_0': オブジェクト参照がオブジェクト インスタンスに設定されていません。, Program: "伝票情報 表示".
 <-1> 03/06/2026 14:24:14.369     [Error  ] - [MgGui.dll] 
   場所 System.Environment.GetStackTrace(Exception e, Boolean needFileInfo)
   場所 System.Environment.get_StackTrace()
   場所 com.magicsoftware.rte.CoreExecutor.WriteExceptionToLog(Int64 contextID, String msg)
   場所 com.magicsoftware.rte.GuiEventsProcessor.WriteExceptionToLog(String message)
   場所 com.magicsoftware.unipaas.Events.WriteExceptionToLog(String msg)
   場所 com.magicsoftware.unipaas.management.gui.MgControlBase.refreshProperties(Boolean onlyRepeatableProps)
   場所 com.magicsoftware.unipaas.management.gui.MgControlBase.RefreshDisplay(Boolean onlyRepeatableProps)
   場所 com.magicsoftware.unipaas.management.gui.MgFormBase.refreshControls(Boolean repeatableOnly)
   場所 com.magicsoftware.unipaas.management.gui.MgFormBase.refreshRow(Int32 rowIdx, Boolean repeatableOnly)
   場所 com.magicsoftware.rte.gui.MgForm.DisplayRow(Int32 rowIdx, Boolean repeatableOnly, String dataCtrlPairs)
   場所 com.magicsoftware.rte.RteExecutor.DisplayRow(Int32 taskID, Int32 rowIdx, Boolean repeatableOnly, String dataCtrlPairs)
   場所 RteExecutorEndpoint.InvokeDisplayRow(Int32 taskID, Int32 rowIdx, Boolean repeatableOnly, String dataCtrlPairs)
   場所 RteExecutorBridge.DisplayRow(RteExecutorBridge* , Int32 taskID, Int32 rowIdx, Boolean repeatableOnly, UInt16* dataCtrlPairs)
   場所 CoreExecutorEndpoint.EventsLoop()
   場所 CoreExecutorGateway.EventsLoop()
   場所 com.magicsoftware.rte.RTEmanager.ExecuteWorkThread()
   場所 System.Threading.ThreadHelper.ThreadStart_Context(Object state)
   場所 System.Threading.ExecutionContext.RunInternal(ExecutionContext executionContext, ContextCallback callback, Object state, Boolean preserveSyncCtx)
   場所 System.Threading.ExecutionContext.Run(ExecutionContext executionContext, ContextCallback callback, Object state, Boolean preserveSyncCtx)
   場所 System.Threading.ExecutionContext.Run(ExecutionContext executionContext, ContextCallback callback, Object state)
   場所 System.Threading.ThreadHelper.ThreadStart(), Program: "伝票情報 表示".
 <-1> 03/06/2026 14:24:14.370     [Error  ] - [MgGui.dll] Control 'V_値引金額(標準)_0': オブジェクト参照がオブジェクト インスタンスに設定されていません。, Program: "伝票情報 表示".
 <-1> 03/06/2026 14:24:14.370     [Error  ] - [MgGui.dll] 
   場所 System.Environment.GetStackTrace(Exception e, Boolean needFileInfo)
   場所 System.Environment.get_StackTrace()
   場所 com.magicsoftware.rte.CoreExecutor.WriteExceptionToLog(Int64 contextID, String msg)
   場所 com.magicsoftware.rte.GuiEventsProcessor.WriteExceptionToLog(String message)
   場所 com.magicsoftware.unipaas.Events.WriteExceptionToLog(String msg)
   場所 com.magicsoftware.unipaas.management.gui.MgControlBase.refreshProperties(Boolean onlyRepeatableProps)
   場所 com.magicsoftware.unipaas.management.gui.MgControlBase.RefreshDisplay(Boolean onlyRepeatableProps)
   場所 com.magicsoftware.unipaas.management.gui.MgFormBase.refreshControls(Boolean repeatableOnly)
   場所 com.magicsoftware.unipaas.management.gui.MgFormBase.refreshRow(Int32 rowIdx, Boolean repeatableOnly)
   場所 com.magicsoftware.rte.gui.MgForm.DisplayRow(Int32 rowIdx, Boolean repeatableOnly, String dataCtrlPairs)
   場所 com.magicsoftware.rte.RteExecutor.DisplayRow(Int32 taskID, Int32 rowIdx, Boolean repeatableOnly, String dataCtrlPairs)
   場所 RteExecutorEndpoint.InvokeDisplayRow(Int32 taskID, Int32 rowIdx, Boolean repeatableOnly, String dataCtrlPairs)
   場所 RteExecutorBridge.DisplayRow(RteExecutorBridge* , Int32 taskID, Int32 rowIdx, Boolean repeatableOnly, UInt16* dataCtrlPairs)
   場所 CoreExecutorEndpoint.EventsLoop()
   場所 CoreExecutorGateway.EventsLoop()
   場所 com.magicsoftware.rte.RTEmanager.ExecuteWorkThread()
   場所 System.Threading.ThreadHelper.ThreadStart_Context(Object state)
   場所 System.Threading.ExecutionContext.RunInternal(ExecutionContext executionContext, ContextCallback callback, Object state, Boolean preserveSyncCtx)
   場所 System.Threading.ExecutionContext.Run(ExecutionContext executionContext, ContextCallback callback, Object state, Boolean preserveSyncCtx)
   場所 System.Threading.ExecutionContext.Run(ExecutionContext executionContext, ContextCallback callback, Object state)
   場所 System.Threading.ThreadHelper.ThreadStart(), Program: "伝票情報 表示".
 <-1> 03/06/2026 14:24:14.371     [Error  ] - [MgGui.dll] Control 'V_消費税額(標準)_0': オブジェクト参照がオブジェクト インスタンスに設定されていません。, Program: "伝票情報 表示".
 <-1> 03/06/2026 14:24:14.371     [Error  ] - [MgGui.dll] 
   場所 System.Environment.GetStackTrace(Exception e, Boolean needFileInfo)
   場所 System.Environment.get_StackTrace()
   場所 com.magicsoftware.rte.CoreExecutor.WriteExceptionToLog(Int64 contextID, String msg)
   場所 com.magicsoftware.rte.GuiEventsProcessor.WriteExceptionToLog(String message)
   場所 com.magicsoftware.unipaas.Events.WriteExceptionToLog(String msg)
   場所 com.magicsoftware.unipaas.management.gui.MgControlBase.refreshProperties(Boolean onlyRepeatableProps)
   場所 com.magicsoftware.unipaas.management.gui.MgControlBase.RefreshDisplay(Boolean onlyRepeatableProps)
   場所 com.magicsoftware.unipaas.management.gui.MgFormBase.refreshControls(Boolean repeatableOnly)
   場所 com.magicsoftware.unipaas.management.gui.MgFormBase.refreshRow(Int32 rowIdx, Boolean repeatableOnly)
   場所 com.magicsoftware.rte.gui.MgForm.DisplayRow(Int32 rowIdx, Boolean repeatableOnly, String dataCtrlPairs)
   場所 com.magicsoftware.rte.RteExecutor.DisplayRow(Int32 taskID, Int32 rowIdx, Boolean repeatableOnly, String dataCtrlPairs)
   場所 RteExecutorEndpoint.InvokeDisplayRow(Int32 taskID, Int32 rowIdx, Boolean repeatableOnly, String dataCtrlPairs)
   場所 RteExecutorBridge.DisplayRow(RteExecutorBridge* , Int32 taskID, Int32 rowIdx, Boolean repeatableOnly, UInt16* dataCtrlPairs)
   場所 CoreExecutorEndpoint.EventsLoop()
   場所 CoreExecutorGateway.EventsLoop()
   場所 com.magicsoftware.rte.RTEmanager.ExecuteWorkThread()
   場所 System.Threading.ThreadHelper.ThreadStart_Context(Object state)
   場所 System.Threading.ExecutionContext.RunInternal(ExecutionContext executionContext, ContextCallback callback, Object state, Boolean preserveSyncCtx)
   場所 System.Threading.ExecutionContext.Run(ExecutionContext executionContext, ContextCallback callback, Object state, Boolean preserveSyncCtx)
   場所 System.Threading.ExecutionContext.Run(ExecutionContext executionContext, ContextCallback callback, Object state)
   場所 System.Threading.ThreadHelper.ThreadStart(), Program: "伝票情報 表示".
 <-1> 03/06/2026 14:24:14.373     [Error  ] - [MgGui.dll] Control 'V_合計金額_0': オブジェクト参照がオブジェクト インスタンスに設定されていません。, Program: "伝票情報 表示".
 <-1> 03/06/2026 14:24:14.373     [Error  ] - [MgGui.dll] 
   場所 System.Environment.GetStackTrace(Exception e, Boolean needFileInfo)
   場所 System.Environment.get_StackTrace()
   場所 com.magicsoftware.rte.CoreExecutor.WriteExceptionToLog(Int64 contextID, String msg)
   場所 com.magicsoftware.rte.GuiEventsProcessor.WriteExceptionToLog(String message)
   場所 com.magicsoftware.unipaas.Events.WriteExceptionToLog(String msg)
   場所 com.magicsoftware.unipaas.management.gui.MgControlBase.refreshProperties(Boolean onlyRepeatableProps)
   場所 com.magicsoftware.unipaas.management.gui.MgControlBase.RefreshDisplay(Boolean onlyRepeatableProps)
   場所 com.magicsoftware.unipaas.management.gui.MgFormBase.refreshControls(Boolean repeatableOnly)
   場所 com.magicsoftware.unipaas.management.gui.MgFormBase.refreshRow(Int32 rowIdx, Boolean repeatableOnly)
   場所 com.magicsoftware.rte.gui.MgForm.DisplayRow(Int32 rowIdx, Boolean repeatableOnly, String dataCtrlPairs)
   場所 com.magicsoftware.rte.RteExecutor.DisplayRow(Int32 taskID, Int32 rowIdx, Boolean repeatableOnly, String dataCtrlPairs)
   場所 RteExecutorEndpoint.InvokeDisplayRow(Int32 taskID, Int32 rowIdx, Boolean repeatableOnly, String dataCtrlPairs)
   場所 RteExecutorBridge.DisplayRow(RteExecutorBridge* , Int32 taskID, Int32 rowIdx, Boolean repeatableOnly, UInt16* dataCtrlPairs)
   場所 CoreExecutorEndpoint.EventsLoop()
   場所 CoreExecutorGateway.EventsLoop()
   場所 com.magicsoftware.rte.RTEmanager.ExecuteWorkThread()
   場所 System.Threading.ThreadHelper.ThreadStart_Context(Object state)
   場所 System.Threading.ExecutionContext.RunInternal(ExecutionContext executionContext, ContextCallback callback, Object state, Boolean preserveSyncCtx)
   場所 System.Threading.ExecutionContext.Run(ExecutionContext executionContext, ContextCallback callback, Object state, Boolean preserveSyncCtx)
   場所 System.Threading.ExecutionContext.Run(ExecutionContext executionContext, ContextCallback callback, Object state)
   場所 System.Threading.ThreadHelper.ThreadStart(), Program: "伝票情報 表示".
 <-1> 03/06/2026 14:24:14.374     [Error  ] - [MgGui.dll] Control 'V_開始伝票NO_0': オブジェクト参照がオブジェクト インスタンスに設定されていません。, Program: "伝票情報 表示".
 <-1> 03/06/2026 14:24:14.374     [Error  ] - [MgGui.dll] 
   場所 System.Environment.GetStackTrace(Exception e, Boolean needFileInfo)
   場所 System.Environment.get_StackTrace()
   場所 com.magicsoftware.rte.CoreExecutor.WriteExceptionToLog(Int64 contextID, String msg)
   場所 com.magicsoftware.rte.GuiEventsProcessor.WriteExceptionToLog(String message)
   場所 com.magicsoftware.unipaas.Events.WriteExceptionToLog(String msg)
   場所 com.magicsoftware.unipaas.management.gui.MgControlBase.refreshProperties(Boolean onlyRepeatableProps)
   場所 com.magicsoftware.unipaas.management.gui.MgControlBase.RefreshDisplay(Boolean onlyRepeatableProps)
   場所 com.magicsoftware.unipaas.management.gui.MgFormBase.refreshControls(Boolean repeatableOnly)
   場所 com.magicsoftware.unipaas.management.gui.MgFormBase.refreshRow(Int32 rowIdx, Boolean repeatableOnly)
   場所 com.magicsoftware.rte.gui.MgForm.DisplayRow(Int32 rowIdx, Boolean repeatableOnly, String dataCtrlPairs)
   場所 com.magicsoftware.rte.RteExecutor.DisplayRow(Int32 taskID, Int32 rowIdx, Boolean repeatableOnly, String dataCtrlPairs)
   場所 RteExecutorEndpoint.InvokeDisplayRow(Int32 taskID, Int32 rowIdx, Boolean repeatableOnly, String dataCtrlPairs)
   場所 RteExecutorBridge.DisplayRow(RteExecutorBridge* , Int32 taskID, Int32 rowIdx, Boolean repeatableOnly, UInt16* dataCtrlPairs)
   場所 CoreExecutorEndpoint.EventsLoop()
   場所 CoreExecutorGateway.EventsLoop()
   場所 com.magicsoftware.rte.RTEmanager.ExecuteWorkThread()
   場所 System.Threading.ThreadHelper.ThreadStart_Context(Object state)
   場所 System.Threading.ExecutionContext.RunInternal(ExecutionContext executionContext, ContextCallback callback, Object state, Boolean preserveSyncCtx)
   場所 System.Threading.ExecutionContext.Run(ExecutionContext executionContext, ContextCallback callback, Object state, Boolean preserveSyncCtx)
   場所 System.Threading.ExecutionContext.Run(ExecutionContext executionContext, ContextCallback callback, Object state)
   場所 System.Threading.ThreadHelper.ThreadStart(), Program: "伝票情報 表示".
 <-1> 03/06/2026 14:24:14.374     [Error  ] - [MgGui.dll] Control 'V_終了伝票NO_0': オブジェクト参照がオブジェクト インスタンスに設定されていません。, Program: "伝票情報 表示".
 <-1> 03/06/2026 14:24:14.375     [Error  ] - [MgGui.dll] 
   場所 System.Environment.GetStackTrace(Exception e, Boolean needFileInfo)
   場所 System.Environment.get_StackTrace()
   場所 com.magicsoftware.rte.CoreExecutor.WriteExceptionToLog(Int64 contextID, String msg)
   場所 com.magicsoftware.rte.GuiEventsProcessor.WriteExceptionToLog(String message)
   場所 com.magicsoftware.unipaas.Events.WriteExceptionToLog(String msg)
   場所 com.magicsoftware.unipaas.management.gui.MgControlBase.refreshProperties(Boolean onlyRepeatableProps)
   場所 com.magicsoftware.unipaas.management.gui.MgControlBase.RefreshDisplay(Boolean onlyRepeatableProps)
   場所 com.magicsoftware.unipaas.management.gui.MgFormBase.refreshControls(Boolean repeatableOnly)
   場所 com.magicsoftware.unipaas.management.gui.MgFormBase.refreshRow(Int32 rowIdx, Boolean repeatableOnly)
   場所 com.magicsoftware.rte.gui.MgForm.DisplayRow(Int32 rowIdx, Boolean repeatableOnly, String dataCtrlPairs)
   場所 com.magicsoftware.rte.RteExecutor.DisplayRow(Int32 taskID, Int32 rowIdx, Boolean repeatableOnly, String dataCtrlPairs)
   場所 RteExecutorEndpoint.InvokeDisplayRow(Int32 taskID, Int32 rowIdx, Boolean repeatableOnly, String dataCtrlPairs)
   場所 RteExecutorBridge.DisplayRow(RteExecutorBridge* , Int32 taskID, Int32 rowIdx, Boolean repeatableOnly, UInt16* dataCtrlPairs)
   場所 CoreExecutorEndpoint.EventsLoop()
   場所 CoreExecutorGateway.EventsLoop()
   場所 com.magicsoftware.rte.RTEmanager.ExecuteWorkThread()
   場所 System.Threading.ThreadHelper.ThreadStart_Context(Object state)
   場所 System.Threading.ExecutionContext.RunInternal(ExecutionContext executionContext, ContextCallback callback, Object state, Boolean preserveSyncCtx)
   場所 System.Threading.ExecutionContext.Run(ExecutionContext executionContext, ContextCallback callback, Object state, Boolean preserveSyncCtx)
   場所 System.Threading.ExecutionContext.Run(ExecutionContext executionContext, ContextCallback callback, Object state)
   場所 System.Threading.ThreadHelper.ThreadStart(), Program: "伝票情報 表示".
 <-1> 03/06/2026 14:24:14.375     [Error  ] - [MgGui.dll] Control 'V_次伝票NO_0': オブジェクト参照がオブジェクト インスタンスに設定されていません。, Program: "伝票情報 表示".
 <-1> 03/06/2026 14:24:14.375     [Error  ] - [MgGui.dll] 
   場所 System.Environment.GetStackTrace(Exception e, Boolean needFileInfo)
   場所 System.Environment.get_StackTrace()
   場所 com.magicsoftware.rte.CoreExecutor.WriteExceptionToLog(Int64 contextID, String msg)
   場所 com.magicsoftware.rte.GuiEventsProcessor.WriteExceptionToLog(String message)
   場所 com.magicsoftware.unipaas.Events.WriteExceptionToLog(String msg)
   場所 com.magicsoftware.unipaas.management.gui.MgControlBase.refreshProperties(Boolean onlyRepeatableProps)
   場所 com.magicsoftware.unipaas.management.gui.MgControlBase.RefreshDisplay(Boolean onlyRepeatableProps)
   場所 com.magicsoftware.unipaas.management.gui.MgFormBase.refreshControls(Boolean repeatableOnly)
   場所 com.magicsoftware.unipaas.management.gui.MgFormBase.refreshRow(Int32 rowIdx, Boolean repeatableOnly)
   場所 com.magicsoftware.rte.gui.MgForm.DisplayRow(Int32 rowIdx, Boolean repeatableOnly, String dataCtrlPairs)
   場所 com.magicsoftware.rte.RteExecutor.DisplayRow(Int32 taskID, Int32 rowIdx, Boolean repeatableOnly, String dataCtrlPairs)
   場所 RteExecutorEndpoint.InvokeDisplayRow(Int32 taskID, Int32 rowIdx, Boolean repeatableOnly, String dataCtrlPairs)
   場所 RteExecutorBridge.DisplayRow(RteExecutorBridge* , Int32 taskID, Int32 rowIdx, Boolean repeatableOnly, UInt16* dataCtrlPairs)
   場所 CoreExecutorEndpoint.EventsLoop()
   場所 CoreExecutorGateway.EventsLoop()
   場所 com.magicsoftware.rte.RTEmanager.ExecuteWorkThread()
   場所 System.Threading.ThreadHelper.ThreadStart_Context(Object state)
   場所 System.Threading.ExecutionContext.RunInternal(ExecutionContext executionContext, ContextCallback callback, Object state, Boolean preserveSyncCtx)
   場所 System.Threading.ExecutionContext.Run(ExecutionContext executionContext, ContextCallback callback, Object state, Boolean preserveSyncCtx)
   場所 System.Threading.ExecutionContext.Run(ExecutionContext executionContext, ContextCallback callback, Object state)
   場所 System.Threading.ThreadHelper.ThreadStart(), Program: "伝票情報 表示".
 <-1> 03/06/2026 14:41:40.590     [Error  ] - SQLコマンドが正しくありません.データベース.: MySQL Database, Program: "伝票情報 表示".
 <-1> 03/06/2026 14:41:40.591     [Error  ] - [MySQL][ODBC 8.0(a) Driver][mysqld-8.0.40]Invalid descriptor index, Program: "伝票情報 表示".
 <-1> 03/06/2026 14:41:42.381     [Error  ] - ソート/一時データソースを作成できません., Program: "伝票情報 表示".
 <-1> 03/06/2026 14:42:28.971     [Error  ] - SQLコマンドが正しくありません.データベース.: MySQL Database, Program: "伝票情報 表示".
 <-1> 03/06/2026 14:42:28.973     [Error  ] - [MySQL][ODBC 8.0(a) Driver][mysqld-8.0.40]Invalid descriptor index, Program: "伝票情報 表示".
 <-1> 03/06/2026 14:42:30.710     [Error  ] - ソート/一時データソースを作成できません., Program: "伝票情報 表示".
 <-1> 03/06/2026 14:54:41.541     [Error  ] - SQLコマンドが正しくありません.データベース.: MySQL Database, Program: "伝票情報 表示".
 <-1> 03/06/2026 14:54:41.541     [Error  ] - [MySQL][ODBC 8.0(a) Driver][mysqld-8.0.40]Invalid descriptor index, Program: "伝票情報 表示".
 <-1> 03/06/2026 14:54:43.474     [Error  ] - ソート/一時データソースを作成できません., Program: "伝票情報 表示".
 <-1> 04/06/2026 11:40:03.047     [Error  ] - このレコードは他のユーザが削除/更新しました., Program: "売上一覧　　　　　　　　　画面.売上表紙 表示(SQL).売上入力　　　　　　　　　画面.明細入力".
 <-1> 04/06/2026 11:40:03.054     [Error  ] - レコードは失われていました., Program: "売上一覧　　　　　　　　　画面.売上表紙 表示(SQL).売上入力　　　　　　　　　画面.明細入力".
 <-1> 04/06/2026 11:57:32.132     [Error  ] - このレコードは他のユーザが削除/更新しました., Program: "売上一覧　　　　　　　　　画面.売上表紙 表示(SQL).売上入力　　　　　　　　　画面.明細入力".
 <-1> 04/06/2026 11:57:32.138     [Error  ] - レコードは失われていました., Program: "売上一覧　　　　　　　　　画面.売上表紙 表示(SQL).売上入力　　　　　　　　　画面.明細入力".
 <-1> 04/06/2026 12:14:39.923     [Error  ] - このレコードは他のユーザが削除/更新しました., Program: "仕入一覧　　　　　　　　　画面.仕入入力　　　　　　　　　画面.明細入力".
 <-1> 04/06/2026 12:14:39.929     [Error  ] - レコードは失われていました., Program: "仕入一覧　　　　　　　　　画面.仕入入力　　　　　　　　　画面.明細入力".
 <-1> 04/06/2026 12:15:24.778     [Error  ] - このレコードは他のユーザが削除/更新しました., Program: "仕入一覧　　　　　　　　　画面.仕入表紙 表示.仕入入力　　　　　　　　　画面.明細入力".
 <-1> 04/06/2026 12:15:24.785     [Error  ] - レコードは失われていました., Program: "仕入一覧　　　　　　　　　画面.仕入表紙 表示.仕入入力　　　　　　　　　画面.明細入力".
 <-1> 04/06/2026 12:15:45.386     [Error  ] - このレコードは他のユーザが削除/更新しました., Program: "仕入一覧　　　　　　　　　画面.仕入表紙 表示.仕入入力　　　　　　　　　画面.明細入力".
 <-1> 04/06/2026 12:15:45.404     [Error  ] - レコードは失われていました., Program: "仕入一覧　　　　　　　　　画面.仕入表紙 表示.仕入入力　　　　　　　　　画面.明細入力".
 <-1> 04/06/2026 12:16:31.953     [Error  ] - このレコードは他のユーザが削除/更新しました., Program: "仕入一覧　　　　　　　　　画面.仕入表紙 表示.仕入入力　　　　　　　　　画面.明細入力".
 <-1> 04/06/2026 12:16:31.959     [Error  ] - レコードは失われていました., Program: "仕入一覧　　　　　　　　　画面.仕入表紙 表示.仕入入力　　　　　　　　　画面.明細入力".
 <-1> 04/06/2026 12:24:25.114     [Error  ] - オープンできません.データソース: system_company, Program: "共通ﾊﾟﾗﾒｰﾀ　　　　　　　　設定".
 <-1> 04/06/2026 12:25:32.260     [Error  ] - オープンできません.データソース: user, Program: "メインメニュー            画面".
 <-1> 05/06/2026 15:31:57.663     [Error  ] - 小分類CDを入力して下さい。, Program: "メインメニュー            画面.メニュー起動.仕入一覧　　　　　　　　　画面.仕入入力　　　　　　　　　画面.明細入力.商品　　　　　　　　　　　検索.商品ﾒﾝﾃﾅﾝｽ(ｽｸﾘｰﾝ)　 　　　画面".
 <-1> 05/06/2026 15:34:52.885     [Error  ] - 小分類CDを入力して下さい。, Program: "メインメニュー            画面.メニュー起動.仕入一覧　　　　　　　　　画面.仕入入力　　　　　　　　　画面.明細入力.商品　　　　　　　　　　　検索.商品ﾒﾝﾃﾅﾝｽ(ｽｸﾘｰﾝ)　 　　　画面".
 <-1> 05/06/2026 17:25:24.625     [Error  ] - このレコードは他のユーザが削除/更新しました., Program: "売上一覧　　　　　　　　　画面.売上入力　　　　　　　　　画面.明細入力".
 <-1> 05/06/2026 17:25:24.631     [Error  ] - レコードは失われていました., Program: "売上一覧　　　　　　　　　画面.売上入力　　　　　　　　　画面.明細入力".
 <-1> 05/06/2026 17:37:07.970     [Error  ] - このレコードは他のユーザが削除/更新しました., Program: "売上一覧　　　　　　　　　画面.売上入力　　　　　　　　　画面.明細入力".
 <-1> 05/06/2026 17:37:07.974     [Error  ] - レコードは失われていました., Program: "売上一覧　　　　　　　　　画面.売上入力　　　　　　　　　画面.明細入力".
 <-1> 05/06/2026 17:42:14.644     [Error  ] - このレコードは他のユーザが削除/更新しました., Program: "売上一覧　　　　　　　　　画面.売上入力　　　　　　　　　画面.明細入力".
 <-1> 05/06/2026 17:42:14.653     [Error  ] - レコードは失われていました., Program: "売上一覧　　　　　　　　　画面.売上入力　　　　　　　　　画面.明細入力".
 <-1> 05/06/2026 17:57:58.741     [Error  ] - このレコードは他のユーザが削除/更新しました., Program: "売上一覧　　　　　　　　　画面.売上入力　　　　　　　　　画面.明細入力".
 <-1> 05/06/2026 17:57:58.746     [Error  ] - レコードは失われていました., Program: "売上一覧　　　　　　　　　画面.売上入力　　　　　　　　　画面.明細入力".
 <-1> 08/06/2026 00:02:07.187     [Error  ] - このレコードは他のユーザが削除/更新しました., Program: "仕入一覧　　　　　　　　　画面.仕入入力　　　　　　　　　画面.明細入力".
 <-1> 08/06/2026 00:02:07.196     [Error  ] - レコードは失われていました., Program: "仕入一覧　　　　　　　　　画面.仕入入力　　　　　　　　　画面.明細入力".
 <-1> 08/06/2026 00:03:29.789     [Error  ] - このレコードは他のユーザが削除/更新しました., Program: "仕入一覧　　　　　　　　　画面.仕入入力　　　　　　　　　画面.明細入力".
 <-1> 08/06/2026 00:03:29.794     [Error  ] - レコードは失われていました., Program: "仕入一覧　　　　　　　　　画面.仕入入力　　　　　　　　　画面.明細入力".
 <-1> 08/06/2026 00:05:03.701     [Error  ] - このレコードは他のユーザが削除/更新しました., Program: "仕入一覧　　　　　　　　　画面.仕入入力　　　　　　　　　画面.明細入力".
 <-1> 08/06/2026 00:05:03.705     [Error  ] - レコードは失われていました., Program: "仕入一覧　　　　　　　　　画面.仕入入力　　　　　　　　　画面.明細入力".
 <-1> 08/06/2026 00:06:09.137     [Error  ] - このレコードは他のユーザが削除/更新しました., Program: "仕入一覧　　　　　　　　　画面.仕入入力　　　　　　　　　画面.明細入力".
 <-1> 08/06/2026 00:06:09.149     [Error  ] - レコードは失われていました., Program: "仕入一覧　　　　　　　　　画面.仕入入力　　　　　　　　　画面.明細入力".
 <-1> 08/06/2026 00:09:49.970     [Error  ] - このレコードは他のユーザが削除/更新しました., Program: "仕入一覧　　　　　　　　　画面.仕入入力　　　　　　　　　画面.明細入力".
 <-1> 08/06/2026 00:09:49.976     [Error  ] - レコードは失われていました., Program: "仕入一覧　　　　　　　　　画面.仕入入力　　　　　　　　　画面.明細入力".
 <-1> 08/06/2026 00:13:25.916     [Error  ] - このレコードは他のユーザが削除/更新しました., Program: "仕入一覧　　　　　　　　　画面.仕入入力　　　　　　　　　画面.明細入力".
 <-1> 08/06/2026 00:13:25.925     [Error  ] - レコードは失われていました., Program: "仕入一覧　　　　　　　　　画面.仕入入力　　　　　　　　　画面.明細入力".
 <-1> 08/06/2026 10:04:06.995     [Error  ] - 指定したプログラム名が見つかりません.21：伝票並び替え, Program: "メインメニュー            画面.メニュー起動".
 <-1> 08/06/2026 10:04:07.798     [Error  ] - 指定したプログラム名が見つかりません.21：伝票並び替え, Program: "メインメニュー            画面.メニュー起動".
 <-1> 08/06/2026 10:39:06.436     [Error  ] - 範囲内のレコードがありません., Program: "メインメニュー            画面.メニュー起動.売上一覧　　　　　　　　　画面.売上表紙 表示(SQL).売上入力　　　　　　　　　画面.明細入力.等級        　　　　　　　検索".
 <-1> 08/06/2026 15:41:33.714     [Error  ] - 範囲内のレコードがありません., Program: "照会 - F_請求管理_ﾌｧｲﾙ".
 <-1> 08/06/2026 17:12:50.052     [Error  ] - 処理に失敗しました.他のユーザか処理にによってレコードが変更されています.データソース: product, Program: "照会 - M_商品_ﾏｽﾀ".
 <-1> 08/06/2026 17:12:55.232     [Error  ] - 処理に失敗しました.他のユーザか処理にによってレコードが変更されています.データソース: product, Program: "照会 - M_商品_ﾏｽﾀ".
 <-1> 08/06/2026 17:13:28.999     [Error  ] - 警告:照会モードのためレコードは修正できません., Program: "メインメニュー　　　　　　画面.サブメニュー起動.商品ﾒﾝﾃﾅﾝｽ(ﾗｲﾝ)　 　　　　画面".
 <-1> 09/06/2026 17:33:10.804     [Error  ] - Error - run-time engine was not found. Please restart the studio in order to run the application
 <-1> 10/06/2026 13:31:05.205     [Error  ] - Error - run-time engine was not found. Please restart the studio in order to run the application
 <-1> 10/06/2026 13:31:24.342     [Error  ] - Error - run-time engine was not found. Please restart the studio in order to run the application
 <-1> 11/06/2026 15:20:03.117     [Error  ] - オープンできません.データソース: invoice, Program: "請求一覧　　　　　　　　　画面.請求計算処理(SQL)修正中".
 <-1> 11/06/2026 15:30:33.086     [Error  ] - オープンできません.データソース: invoice, Program: "請求一覧　　　　　　　　　画面.請求計算処理(SQL)修正中".
 <-1> 11/06/2026 15:32:58.001     [Error  ] - オープンできません.データソース: invoice, Program: "請求一覧　　　　　　　　　画面.請求計算処理(SQL)修正中".
 <-1> 11/06/2026 15:33:48.470     [Error  ] - オープンできません.データソース: invoice, Program: "請求一覧　　　　　　　　　画面.請求計算処理(SQL)修正中".
 <-1> 11/06/2026 15:43:18.989     [Error  ] - オープンできません.データソース: invoice, Program: "請求一覧　　　　　　　　　画面.請求計算処理(SQL)修正中".
 <-1> 11/06/2026 17:01:36.907     [Error  ] - 更新できません.データソース: invoice, Program: "請求一覧　　　　　　　　　画面.請求計算処理(SQL).計算結果反映".
 <-1> 11/06/2026 17:03:22.992     [Error  ] - 更新できません.データソース: invoice, Program: "メインメニュー　　　　　　画面.メニュー起動.請求一覧　　　　　　　　　画面.請求計算処理(SQL).計算結果反映".
 <-1> 11/06/2026 17:12:55.121     [Error  ] - 更新できません.データソース: invoice, Program: "請求一覧　　　　　　　　　画面.請求計算処理(SQL).計算結果反映".
 <-1> 11/06/2026 17:30:47.076     [Error  ] - オープンできません.データソース: system_company, Program: "共通ﾊﾟﾗﾒｰﾀ　　　　　　　　設定".
 <-1> 12/06/2026 11:37:57.131     [Error  ] - 範囲内のレコードがありません., Program: "照会 - M_仕入先_ﾏｽﾀ".
 <-1> 12/06/2026 11:54:03.890     [Error  ] - 更新できません.データソース: disbursement, Program: "メインメニュー　　　　　　画面.メニュー起動.支払一覧　　　　　　　　　画面.支払入力　　　　　　　　　画面.支払ﾌｧｲﾙ 書込".
 <-1> 15/06/2026 11:27:00.015     [Error  ] - 処理に失敗しました.他のユーザか処理にによってレコードが変更されています.データソース: invoice, Program: "照会 - F_請求管理_ﾌｧｲﾙ".
 <-1> 15/06/2026 11:37:46.513     [Error  ] - 範囲内のレコードがありません., Program: "照会 - F_請求管理_ﾌｧｲﾙ".
 <-1> 15/06/2026 11:38:27.366     [Error  ] - 範囲内のレコードがありません., Program: "照会 - F_請求管理_ﾌｧｲﾙ".
 <-1> 15/06/2026 11:38:34.632     [Error  ] - 範囲内のレコードがありません., Program: "照会 - F_請求管理_ﾌｧｲﾙ".
 <-1> 15/06/2026 11:46:41.859     [Error  ] - 範囲内のレコードがありません., Program: "照会 - F_請求管理_ﾌｧｲﾙ".
 <-1> 15/06/2026 11:50:38.011     [Error  ] - 範囲内のレコードがありません., Program: "照会 - F_請求管理_ﾌｧｲﾙ".
 <-1> 15/06/2026 13:42:45.458     [Error  ] - インデックスが重複しています.データソース: MySQL Database, Program: "請求一覧　　　　　　　　　画面.請求計算処理(SQL).計算結果反映".
 <-1> 15/06/2026 14:20:53.818     [Error  ] - オープンできません.データソース: system_company, Program: "共通ﾊﾟﾗﾒｰﾀ　　　　　　　　設定".
 <-1> 15/06/2026 14:21:23.156     [Error  ] - オープンできません.データソース: sales_management, Program: "共通ﾊﾟﾗﾒｰﾀ　　　　　　　　設定".
 <-1> 15/06/2026 23:44:24.628     [Error  ] - 警告:照会モードのためレコードは修正できません., Program: "メインメニュー　　　　　　画面.サブメニュー起動.得意先ﾒﾝﾃﾅﾝｽ(ﾗｲﾝ) 　　　　画面".
 <-1> 15/06/2026 23:45:23.728     [Error  ] - 処理に失敗しました.他のユーザか処理にによってレコードが変更されています.データソース: invoice, Program: "照会 - F_請求管理_ﾌｧｲﾙ".
 <-1> 15/06/2026 23:45:26.503     [Error  ] - 処理に失敗しました.他のユーザか処理にによってレコードが変更されています.データソース: invoice, Program: "照会 - F_請求管理_ﾌｧｲﾙ".
 <-1> 16/06/2026 12:28:35.448     [Error  ] - SQLコマンドが正しくありません.データベース.: MySQL Database, Program: "メインメニュー　　　　　　画面.メニュー起動.請求一覧　　　　　　　　　画面.請求データ 表示.請求書　　　　　　　　　　発行.請求書 打ち出し.消費税率　　　　　　　　　取得".
 <-1> 16/06/2026 12:28:35.449     [Error  ] - [MySQL][ODBC 8.0(a) Driver][mysqld-8.0.40]Incorrect DATE value: ' NULL ', Program: "メインメニュー　　　　　　画面.メニュー起動.請求一覧　　　　　　　　　画面.請求データ 表示.請求書　　　　　　　　　　発行.請求書 打ち出し.消費税率　　　　　　　　　取得".
 <-1> 16/06/2026 12:32:48.697     [Error  ] - SQLコマンドが正しくありません.データベース.: MySQL Database, Program: "請求一覧　　　　　　　　　画面.請求データ 表示.請求書　　　　　　　　　　発行.請求書 打ち出し.消費税率　　　　　　　　　取得".
 <-1> 16/06/2026 12:32:48.698     [Error  ] - [MySQL][ODBC 8.0(a) Driver][mysqld-8.0.40]Incorrect DATE value: ' NULL ', Program: "請求一覧　　　　　　　　　画面.請求データ 表示.請求書　　　　　　　　　　発行.請求書 打ち出し.消費税率　　　　　　　　　取得".
 <-1> 17/06/2026 15:47:34.262     [Error  ] - 更新できません.データソース: disbursement, Program: "支払一覧　　　　　　　　　画面.支払入力　　　　　　　　　画面.支払ﾌｧｲﾙ 書込".
 <-1> 18/06/2026 15:48:35.059     [Error  ] - SQLコマンドが正しくありません.データベース.: MySQL Database, Program: "請求対象伝票　　　　　　　計算".
 <-1> 18/06/2026 15:48:35.062     [Error  ] - [MySQL][ODBC 8.0(a) Driver][mysqld-8.0.40]Invalid descriptor index, Program: "請求対象伝票　　　　　　　計算".
 <-1> 18/06/2026 15:48:37.308     [Error  ] - ソート/一時データソースを作成できません., Program: "請求対象伝票　　　　　　　計算".
 <-1> 18/06/2026 16:44:39.712     [Error  ] - 警告:照会モードのためレコードは修正できません., Program: "メインメニュー　　　　　　画面.サブメニュー起動.仕入先ﾒﾝﾃﾅﾝｽ(ﾗｲﾝ) 　　　　画面".
 <-1> 18/06/2026 17:00:21.308     [Error  ] - 警告:照会モードのためレコードは修正できません., Program: "メインメニュー　　　　　　画面.サブメニュー起動.仕入先ﾒﾝﾃﾅﾝｽ(ﾗｲﾝ) 　　　　画面".
 <-1> 19/06/2026 13:31:26.776     [Error  ] - SQLコマンドが正しくありません.データベース.: MySQL Database, Program: "メインメニュー　　　　　　画面.メニュー起動.買掛一覧　　　　　　　　　画面.買掛一覧 表示".
 <-1> 19/06/2026 13:31:26.778     [Error  ] - [MySQL][ODBC 8.0(a) Driver][mysqld-8.0.40]Incorrect DATE value: ' NULL ', Program: "メインメニュー　　　　　　画面.メニュー起動.買掛一覧　　　　　　　　　画面.買掛一覧 表示".
 <-1> 19/06/2026 13:31:29.532     [Error  ] - ソート/一時データソースを作成できません., Program: "メインメニュー　　　　　　画面.メニュー起動.買掛一覧　　　　　　　　　画面.買掛一覧 表示".
 <-1> 19/06/2026 13:31:37.185     [Error  ] - SQLコマンドが正しくありません.データベース.: MySQL Database, Program: "メインメニュー　　　　　　画面.メニュー起動.買掛一覧　　　　　　　　　画面.買掛一覧 表示".
 <-1> 19/06/2026 13:31:37.185     [Error  ] - [MySQL][ODBC 8.0(a) Driver][mysqld-8.0.40]Incorrect DATE value: ' NULL ', Program: "メインメニュー　　　　　　画面.メニュー起動.買掛一覧　　　　　　　　　画面.買掛一覧 表示".
 <-1> 19/06/2026 13:31:37.833     [Error  ] - ソート/一時データソースを作成できません., Program: "メインメニュー　　　　　　画面.メニュー起動.買掛一覧　　　　　　　　　画面.買掛一覧 表示".
 <-1> 19/06/2026 13:31:47.360     [Error  ] - SQLコマンドが正しくありません.データベース.: MySQL Database, Program: "メインメニュー　　　　　　画面.メニュー起動.買掛一覧　　　　　　　　　画面.買掛一覧 表示".
 <-1> 19/06/2026 13:31:47.360     [Error  ] - [MySQL][ODBC 8.0(a) Driver][mysqld-8.0.40]Incorrect DATE value: ' NULL ', Program: "メインメニュー　　　　　　画面.メニュー起動.買掛一覧　　　　　　　　　画面.買掛一覧 表示".
 <-1> 19/06/2026 13:31:48.600     [Error  ] - ソート/一時データソースを作成できません., Program: "メインメニュー　　　　　　画面.メニュー起動.買掛一覧　　　　　　　　　画面.買掛一覧 表示".
 <-1> 19/06/2026 13:32:32.130     [Error  ] - SQLコマンドが正しくありません.データベース.: MySQL Database, Program: "メインメニュー　　　　　　画面.メニュー起動.買掛元帳問合せ　　　　　　画面.買掛元帳問合せ 表示".
 <-1> 19/06/2026 13:32:32.131     [Error  ] - [MySQL][ODBC 8.0(a) Driver][mysqld-8.0.40]Incorrect DATE value: ' NULL ', Program: "メインメニュー　　　　　　画面.メニュー起動.買掛元帳問合せ　　　　　　画面.買掛元帳問合せ 表示".
 <-1> 19/06/2026 13:32:33.036     [Error  ] - ソート/一時データソースを作成できません., Program: "メインメニュー　　　　　　画面.メニュー起動.買掛元帳問合せ　　　　　　画面.買掛元帳問合せ 表示".
 <-1> 19/06/2026 13:32:47.181     [Error  ] - SQLコマンドが正しくありません.データベース.: MySQL Database, Program: "メインメニュー　　　　　　画面.メニュー起動.買掛元帳問合せ　　　　　　画面.買掛元帳問合せ 表示".
 <-1> 19/06/2026 13:32:47.188     [Error  ] - [MySQL][ODBC 8.0(a) Driver][mysqld-8.0.40]Incorrect DATE value: ' NULL ', Program: "メインメニュー　　　　　　画面.メニュー起動.買掛元帳問合せ　　　　　　画面.買掛元帳問合せ 表示".
 <-1> 19/06/2026 13:32:48.156     [Error  ] - ソート/一時データソースを作成できません., Program: "メインメニュー　　　　　　画面.メニュー起動.買掛元帳問合せ　　　　　　画面.買掛元帳問合せ 表示".
 <-1> 19/06/2026 13:37:27.326     [Error  ] - SQLコマンドが正しくありません.データベース.: MySQL Database, Program: "メインメニュー　　　　　　画面.メニュー起動.買掛元帳問合せ　　　　　　画面.買掛元帳問合せ 表示".
 <-1> 19/06/2026 13:37:27.327     [Error  ] - [MySQL][ODBC 8.0(a) Driver][mysqld-8.0.40]Incorrect DATE value: ' NULL ', Program: "メインメニュー　　　　　　画面.メニュー起動.買掛元帳問合せ　　　　　　画面.買掛元帳問合せ 表示".
 <-1> 19/06/2026 13:37:29.911     [Error  ] - ソート/一時データソースを作成できません., Program: "メインメニュー　　　　　　画面.メニュー起動.買掛元帳問合せ　　　　　　画面.買掛元帳問合せ 表示".
 <-1> 19/06/2026 16:26:08.301     [Error  ] - [MgGui.dll] ファイル 'E:\xpa4\SHIRAKI-MYSQL\PDF\250731_AM4_お買上速報.pd' が見つかりませんでした。, Program: "売価入力　　　　　　　　　画面.PDF帳票CSV変換　　　　　　処理".
 <-1> 19/06/2026 16:26:08.310     [Error  ] - [MgGui.dll] 
   場所 System.Environment.GetStackTrace(Exception e, Boolean needFileInfo)
   場所 System.Environment.get_StackTrace()
   場所 com.magicsoftware.rte.CoreExecutor.WriteExceptionToLog(Int64 contextID, String msg)
   場所 com.magicsoftware.rte.com.magicsoftware.rte.dotnet.DNSnippetManager.ExecuteDotNetSnippet(String assemblyName, String methodName, IntPtr& expValsPtr, Int32 expValsCount)
   場所 com.magicsoftware.rte.RteExecutor.ExecuteDotNetSnippet(String assemblyName, String methodName, IntPtr& expValsPtr, Int32 expValsCount)
   場所 RteExecutorEndpoint.InvokeExecuteDotNetSnippet(String assemblyName, String methodName, IntPtr& expValsPtr, Int32 expValsCount)
   場所 RteExecutorBridge.ExecuteDotNetSnippet(RteExecutorBridge* , SByte* assemblyName, SByte* methodName, UnmanagedExpVal** expVals, Int32 expValsCount)
   場所 CoreExecutorEndpoint.EventsLoop()
   場所 CoreExecutorGateway.EventsLoop()
   場所 com.magicsoftware.rte.RTEmanager.ExecuteWorkThread()
   場所 System.Threading.ThreadHelper.ThreadStart_Context(Object state)
   場所 System.Threading.ExecutionContext.RunInternal(ExecutionContext executionContext, ContextCallback callback, Object state, Boolean preserveSyncCtx)
   場所 System.Threading.ExecutionContext.Run(ExecutionContext executionContext, ContextCallback callback, Object state, Boolean preserveSyncCtx)
   場所 System.Threading.ExecutionContext.Run(ExecutionContext executionContext, ContextCallback callback, Object state)
   場所 System.Threading.ThreadHelper.ThreadStart(), Program: "売価入力　　　　　　　　　画面.PDF帳票CSV変換　　　　　　処理".
 <-1> 22/06/2026 00:20:45.625     [Error  ] - 警告:照会モードのためレコードは修正できません., Program: "メインメニュー　　　　　　画面.サブメニュー起動.得意先ﾒﾝﾃﾅﾝｽ(ﾗｲﾝ) 　　　　画面".
 <-1> 22/06/2026 09:49:59.347     [Error  ] - 警告:照会モードのためレコードは修正できません., Program: "メインメニュー　　　　　　画面.サブメニュー起動.得意先ﾒﾝﾃﾅﾝｽ(ﾗｲﾝ) 　　　　画面".
 <-1> 22/06/2026 10:01:17.998     [Error  ] - このレコードは他のユーザが更新しました - 再読込みを行います., Program: "メインメニュー　　　　　　画面.サブメニュー起動.得意先ﾒﾝﾃﾅﾝｽ(ﾗｲﾝ) 　　　　画面".
 <-1> 22/06/2026 10:29:34.122     [Error  ] - 処理に失敗しました.他のユーザか処理にによってレコードが変更されています.データソース: invoice, Program: "照会 - F_請求管理_ﾌｧｲﾙ".
 <-1> 22/06/2026 11:25:31.714     [Error  ] - 警告:照会モードのためレコードは修正できません., Program: "メインメニュー　　　　　　画面.サブメニュー起動.得意先ﾒﾝﾃﾅﾝｽ(ﾗｲﾝ) 　　　　画面".
 <-1> 22/06/2026 11:33:44.874     [Error  ] - 範囲内のレコードがありません., Program: "照会 - F_請求管理_ﾌｧｲﾙ".
 <-1> 22/06/2026 17:58:54.859     [Error  ] - SQLコマンドが正しくありません.データベース.: MySQL Database, Program: "請求明細WORK 作成(SQL)".
 <-1> 22/06/2026 17:58:54.862     [Error  ] - [MySQL][ODBC 8.0(a) Driver][mysqld-8.0.40]Incorrect date value: '     739737.00000000 ' for column 'p_start_date' at row 1, Program: "請求明細WORK 作成(SQL)".
 <-1> 22/06/2026 17:59:01.826     [Error  ] - ソート/一時データソースを作成できません., Program: "請求明細WORK 作成(SQL)".
 <-1> 23/06/2026 17:21:06.628     [Error  ] - 更新できません.データソース: payables_file, Program: "買掛一覧　　　　　　　　　画面.買掛締計算　　　　　　　　処理.買掛ﾃﾞｰﾀ 書込".
 <-1> 23/06/2026 17:22:56.259     [Error  ] - 更新できません.データソース: payables_file, Program: "買掛一覧　　　　　　　　　画面.買掛締計算　　　　　　　　処理.買掛ﾃﾞｰﾀ 書込".
 <-1> 23/06/2026 17:23:29.276     [Error  ] - 範囲内のレコードがありません., Program: "照会 - M_仕入先_ﾏｽﾀ".
 <-1> 23/06/2026 17:24:56.870     [Error  ] - SQLコマンドが正しくありません.データベース.: MySQL Database, Program: "メインメニュー　　　　　　画面.メニュー起動.買掛一覧　　　　　　　　　画面.買掛一覧 表示.買掛詳細(SQL)　　　　　　 計算.請求明細WORK 作成(SQL)".
 <-1> 23/06/2026 17:24:56.870     [Error  ] - [MySQL][ODBC 8.0(a) Driver][mysqld-8.0.35]PROCEDURE shiraki.generate_supplier_ledger does not exist, Program: "メインメニュー　　　　　　画面.メニュー起動.買掛一覧　　　　　　　　　画面.買掛一覧 表示.買掛詳細(SQL)　　　　　　 計算.請求明細WORK 作成(SQL)".
 <-1> 25/06/2026 10:28:22.798     [Error  ] - SQLコマンドが正しくありません.データベース.: MySQL Database, Program: "売掛一覧　　　　　　　　　画面.売掛一覧 表示".
 <-1> 25/06/2026 10:28:22.799     [Error  ] - [MySQL][ODBC 8.0(a) Driver][mysqld-8.0.40]Incorrect DATE value: ' NULL ', Program: "売掛一覧　　　　　　　　　画面.売掛一覧 表示".
 <-1> 25/06/2026 10:28:24.246     [Error  ] - ソート/一時データソースを作成できません., Program: "売掛一覧　　　　　　　　　画面.売掛一覧 表示".
 <-1> 25/06/2026 10:48:28.511     [Error  ] - 範囲内のレコードがありません., Program: "照会 - F_売上表紙_ﾌｧｲﾙ".
 <-1> 25/06/2026 16:06:04.416     [Error  ] - このレコードは他のユーザが更新しました - 再読込みを行います., Program: "メインメニュー　　　　　　画面.メニュー起動.仕入一覧　　　　　　　　　画面.仕入入力　　　　　　　　　画面.明細入力".
 <-1> 25/06/2026 16:06:07.022     [Error  ] - このレコードは他のユーザが更新しました - 再読込みを行います., Program: "メインメニュー　　　　　　画面.メニュー起動.仕入一覧　　　　　　　　　画面.仕入入力　　　　　　　　　画面.明細入力".
 <-1> 25/06/2026 16:06:07.782     [Error  ] - このレコードは他のユーザが更新しました - 再読込みを行います., Program: "メインメニュー　　　　　　画面.メニュー起動.仕入一覧　　　　　　　　　画面.仕入入力　　　　　　　　　画面.明細入力".
 <-1> 25/06/2026 16:06:19.493     [Error  ] - このレコードは他のユーザが更新しました - 再読込みを行います., Program: "メインメニュー　　　　　　画面.メニュー起動.仕入一覧　　　　　　　　　画面.仕入入力　　　　　　　　　画面.明細入力".
 <-1> 25/06/2026 16:06:20.216     [Error  ] - このレコードは他のユーザが更新しました - 再読込みを行います., Program: "メインメニュー　　　　　　画面.メニュー起動.仕入一覧　　　　　　　　　画面.仕入入力　　　　　　　　　画面.明細入力".
 <-1> 25/06/2026 16:08:18.199     [Error  ] - このレコードは他のユーザが更新しました - 再読込みを行います., Program: "メインメニュー　　　　　　画面.メニュー起動.仕入一覧　　　　　　　　　画面.仕入入力　　　　　　　　　画面.明細入力".
 <-1> 25/06/2026 16:08:18.703     [Error  ] - このレコードは他のユーザが更新しました - 再読込みを行います., Program: "メインメニュー　　　　　　画面.メニュー起動.仕入一覧　　　　　　　　　画面.仕入入力　　　　　　　　　画面.明細入力".
 <-1> 25/06/2026 16:08:19.046     [Error  ] - このレコードは他のユーザが更新しました - 再読込みを行います., Program: "メインメニュー　　　　　　画面.メニュー起動.仕入一覧　　　　　　　　　画面.仕入入力　　　　　　　　　画面.明細入力".
 <-1> 25/06/2026 16:08:20.529     [Error  ] - このレコードは他のユーザが更新しました - 再読込みを行います., Program: "メインメニュー　　　　　　画面.メニュー起動.仕入一覧　　　　　　　　　画面.仕入入力　　　　　　　　　画面.明細入力".
 <-1> 25/06/2026 16:08:20.764     [Error  ] - このレコードは他のユーザが更新しました - 再読込みを行います., Program: "メインメニュー　　　　　　画面.メニュー起動.仕入一覧　　　　　　　　　画面.仕入入力　　　　　　　　　画面.明細入力".
 <-1> 25/06/2026 16:19:23.918     [Error  ] - 範囲内のレコードがありません., Program: "照会 - F_売上明細_ﾌｧｲﾙ".
 <-1> 26/06/2026 11:02:10.309     [Error  ] - トランザクション外のため、ビューはロックされません., Program: "支払一覧　　　　　　　　　画面.支払入力　　　　　　　　　画面".
 <-1> 26/06/2026 11:20:15.367     [Error  ] - トランザクションのコミットに失敗しました., Program: "メインメニュー　　　　　　画面.メニュー起動.支払一覧　　　　　　　　　画面.支払入力　　　　　　　　　画面".
 <-1> 26/06/2026 11:20:15.369     [Error  ] - オープンできません.データソース: supplier, Program: "メインメニュー　　　　　　画面.メニュー起動.支払一覧　　　　　　　　　画面.支払入力　　　　　　　　　画面".
 <-1> 26/06/2026 11:39:30.133     [Error  ] - オープンできません.データソース: customer, Program: "メインメニュー　　　　　　画面.メニュー起動.入金一覧　　　　　　　　　画面.入金入力　　　　　　　　　画面".
 <-1> 26/06/2026 11:55:46.940     [Error  ] - オープンできません.データソース: customer, Program: "入金一覧　　　　　　　　　画面.入金入力　　　　　　　　　画面".
 <-1> 26/06/2026 11:59:37.464     [Error  ] - SQLコマンドが正しくありません.データベース.: MySQL Database, Program: "メインメニュー　　　　　　画面.メニュー起動.売上一覧　　　　　　　　　画面.売上入力　　　　　　　　　画面.明細入力.履歴問い合わせ　　　　　  画面.取引履歴WORK 作成".
 <-1> 26/06/2026 11:59:37.466     [Error  ] - [MySQL][ODBC 8.0(a) Driver][mysqld-8.0.40]Incorrect DATE value: ' NULL ', Program: "メインメニュー　　　　　　画面.メニュー起動.売上一覧　　　　　　　　　画面.売上入力　　　　　　　　　画面.明細入力.履歴問い合わせ　　　　　  画面.取引履歴WORK 作成".
 <-1> 26/06/2026 11:59:39.099     [Error  ] - ソート/一時データソースを作成できません., Program: "メインメニュー　　　　　　画面.メニュー起動.売上一覧　　　　　　　　　画面.売上入力　　　　　　　　　画面.明細入力.履歴問い合わせ　　　　　  画面.取引履歴WORK 作成".
 <-1> 26/06/2026 12:57:45.562     [Error  ] - 更新できません.データソース: disbursement, Program: "メインメニュー　　　　　　画面.メニュー起動.支払一覧　　　　　　　　　画面.支払入力　　　　　　　　　画面.支払ﾌｧｲﾙ 書込".
 <-1> 26/06/2026 12:57:58.404     [Error  ] - 更新できません.データソース: disbursement, Program: "メインメニュー　　　　　　画面.メニュー起動.支払一覧　　　　　　　　　画面.支払入力　　　　　　　　　画面.支払ﾌｧｲﾙ 書込".
 <-1> 26/06/2026 15:26:28.399     [Error  ] - 警告:照会モードのためレコードは修正できません., Program: "メインメニュー　　　　　　画面.サブメニュー起動.得意先ﾒﾝﾃﾅﾝｽ(ﾗｲﾝ) 　　　　画面".
 <-1> 26/06/2026 15:27:38.703     [Error  ] - 警告:照会モードのためレコードは修正できません., Program: "メインメニュー　　　　　　画面.サブメニュー起動.得意先ﾒﾝﾃﾅﾝｽ(ﾗｲﾝ) 　　　　画面".
 <-1> 26/06/2026 15:29:41.384     [Error  ] - 警告:照会モードのためレコードは修正できません., Program: "メインメニュー　　　　　　画面.サブメニュー起動.得意先ﾒﾝﾃﾅﾝｽ(ﾗｲﾝ) 　　　　画面".
 <-1> 26/06/2026 16:04:25.533     [Error  ] - 警告:照会モードのためレコードは修正できません., Program: "メインメニュー　　　　　　画面.サブメニュー起動.商品ﾒﾝﾃﾅﾝｽ(ﾗｲﾝ)　 　　　　画面".
 <-1> 26/06/2026 16:14:36.744     [Error  ] - [MgGui.dll] ファイル 'E:\xpa4\SHIRAKI-MYSQL\PDF\250731_AM4_お買上速報.pd' が見つかりませんでした。, Program: "売価入力　　　　　　　　　画面.PDF帳票CSV変換　　　　　　処理".
 <-1> 26/06/2026 16:14:36.756     [Error  ] - [MgGui.dll] 
   場所 System.Environment.GetStackTrace(Exception e, Boolean needFileInfo)
   場所 System.Environment.get_StackTrace()
   場所 com.magicsoftware.rte.CoreExecutor.WriteExceptionToLog(Int64 contextID, String msg)
   場所 com.magicsoftware.rte.com.magicsoftware.rte.dotnet.DNSnippetManager.ExecuteDotNetSnippet(String assemblyName, String methodName, IntPtr& expValsPtr, Int32 expValsCount)
   場所 com.magicsoftware.rte.RteExecutor.ExecuteDotNetSnippet(String assemblyName, String methodName, IntPtr& expValsPtr, Int32 expValsCount)
   場所 RteExecutorEndpoint.InvokeExecuteDotNetSnippet(String assemblyName, String methodName, IntPtr& expValsPtr, Int32 expValsCount)
   場所 RteExecutorBridge.ExecuteDotNetSnippet(RteExecutorBridge* , SByte* assemblyName, SByte* methodName, UnmanagedExpVal** expVals, Int32 expValsCount)
   場所 CoreExecutorEndpoint.EventsLoop()
   場所 CoreExecutorGateway.EventsLoop()
   場所 com.magicsoftware.rte.RTEmanager.ExecuteWorkThread()
   場所 System.Threading.ThreadHelper.ThreadStart_Context(Object state)
   場所 System.Threading.ExecutionContext.RunInternal(ExecutionContext executionContext, ContextCallback callback, Object state, Boolean preserveSyncCtx)
   場所 System.Threading.ExecutionContext.Run(ExecutionContext executionContext, ContextCallback callback, Object state, Boolean preserveSyncCtx)
   場所 System.Threading.ExecutionContext.Run(ExecutionContext executionContext, ContextCallback callback, Object state)
   場所 System.Threading.ThreadHelper.ThreadStart(), Program: "売価入力　　　　　　　　　画面.PDF帳票CSV変換　　　　　　処理".
 <-1> 26/06/2026 16:16:38.039     [Error  ] - [MgGui.dll] ファイル 'E:\xpa4\SHIRAKI-MYSQL\PDF\250731_AM4_お買上速報.pd' が見つかりませんでした。, Program: "メインメニュー　　　　　　画面.メニュー起動.売価入力　　　　　　　　　画面.PDF帳票CSV変換　　　　　　処理".
 <-1> 26/06/2026 16:16:38.043     [Error  ] - [MgGui.dll] 
   場所 System.Environment.GetStackTrace(Exception e, Boolean needFileInfo)
   場所 System.Environment.get_StackTrace()
   場所 com.magicsoftware.rte.CoreExecutor.WriteExceptionToLog(Int64 contextID, String msg)
   場所 com.magicsoftware.rte.com.magicsoftware.rte.dotnet.DNSnippetManager.ExecuteDotNetSnippet(String assemblyName, String methodName, IntPtr& expValsPtr, Int32 expValsCount)
   場所 com.magicsoftware.rte.RteExecutor.ExecuteDotNetSnippet(String assemblyName, String methodName, IntPtr& expValsPtr, Int32 expValsCount)
   場所 RteExecutorEndpoint.InvokeExecuteDotNetSnippet(String assemblyName, String methodName, IntPtr& expValsPtr, Int32 expValsCount)
   場所 RteExecutorBridge.ExecuteDotNetSnippet(RteExecutorBridge* , SByte* assemblyName, SByte* methodName, UnmanagedExpVal** expVals, Int32 expValsCount)
   場所 CoreExecutorEndpoint.EventsLoop()
   場所 CoreExecutorGateway.EventsLoop()
   場所 com.magicsoftware.rte.RTEmanager.ExecuteWorkThread()
   場所 System.Threading.ThreadHelper.ThreadStart_Context(Object state)
   場所 System.Threading.ExecutionContext.RunInternal(ExecutionContext executionContext, ContextCallback callback, Object state, Boolean preserveSyncCtx)
   場所 System.Threading.ExecutionContext.Run(ExecutionContext executionContext, ContextCallback callback, Object state, Boolean preserveSyncCtx)
   場所 System.Threading.ExecutionContext.Run(ExecutionContext executionContext, ContextCallback callback, Object state)
   場所 System.Threading.ThreadHelper.ThreadStart(), Program: "メインメニュー　　　　　　画面.メニュー起動.売価入力　　　　　　　　　画面.PDF帳票CSV変換　　　　　　処理".
 <-1> 26/06/2026 16:18:11.743     [Error  ] - [MgGui.dll] ファイル 'E:\xpa4\SHIRAKI-MYSQL\PDF\250731_AM4_お買上速報.pd' が見つかりませんでした。, Program: "メインメニュー　　　　　　画面.メニュー起動.売価入力　　　　　　　　　画面.PDF帳票CSV変換　　　　　　処理".
 <-1> 26/06/2026 16:18:11.743     [Error  ] - [MgGui.dll] 
   場所 System.Environment.GetStackTrace(Exception e, Boolean needFileInfo)
   場所 System.Environment.get_StackTrace()
   場所 com.magicsoftware.rte.CoreExecutor.WriteExceptionToLog(Int64 contextID, String msg)
   場所 com.magicsoftware.rte.com.magicsoftware.rte.dotnet.DNSnippetManager.ExecuteDotNetSnippet(String assemblyName, String methodName, IntPtr& expValsPtr, Int32 expValsCount)
   場所 com.magicsoftware.rte.RteExecutor.ExecuteDotNetSnippet(String assemblyName, String methodName, IntPtr& expValsPtr, Int32 expValsCount)
   場所 RteExecutorEndpoint.InvokeExecuteDotNetSnippet(String assemblyName, String methodName, IntPtr& expValsPtr, Int32 expValsCount)
   場所 RteExecutorBridge.ExecuteDotNetSnippet(RteExecutorBridge* , SByte* assemblyName, SByte* methodName, UnmanagedExpVal** expVals, Int32 expValsCount)
   場所 CoreExecutorEndpoint.EventsLoop()
   場所 CoreExecutorGateway.EventsLoop()
   場所 com.magicsoftware.rte.RTEmanager.ExecuteWorkThread()
   場所 System.Threading.ThreadHelper.ThreadStart_Context(Object state)
   場所 System.Threading.ExecutionContext.RunInternal(ExecutionContext executionContext, ContextCallback callback, Object state, Boolean preserveSyncCtx)
   場所 System.Threading.ExecutionContext.Run(ExecutionContext executionContext, ContextCallback callback, Object state, Boolean preserveSyncCtx)
   場所 System.Threading.ExecutionContext.Run(ExecutionContext executionContext, ContextCallback callback, Object state)
   場所 System.Threading.ThreadHelper.ThreadStart(), Program: "メインメニュー　　　　　　画面.メニュー起動.売価入力　　　　　　　　　画面.PDF帳票CSV変換　　　　　　処理".
 <-1> 26/06/2026 16:19:12.068     [Error  ] - [MgGui.dll] ファイル 'E:\xpa4\SHIRAKI-MYSQL\PDF\250731_AM4_お買上速報.pd' が見つかりませんでした。, Program: "メインメニュー　　　　　　画面.メニュー起動.売価入力　　　　　　　　　画面.PDF帳票CSV変換　　　　　　処理".
 <-1> 26/06/2026 16:19:12.069     [Error  ] - [MgGui.dll] 
   場所 System.Environment.GetStackTrace(Exception e, Boolean needFileInfo)
   場所 System.Environment.get_StackTrace()
   場所 com.magicsoftware.rte.CoreExecutor.WriteExceptionToLog(Int64 contextID, String msg)
   場所 com.magicsoftware.rte.com.magicsoftware.rte.dotnet.DNSnippetManager.ExecuteDotNetSnippet(String assemblyName, String methodName, IntPtr& expValsPtr, Int32 expValsCount)
   場所 com.magicsoftware.rte.RteExecutor.ExecuteDotNetSnippet(String assemblyName, String methodName, IntPtr& expValsPtr, Int32 expValsCount)
   場所 RteExecutorEndpoint.InvokeExecuteDotNetSnippet(String assemblyName, String methodName, IntPtr& expValsPtr, Int32 expValsCount)
   場所 RteExecutorBridge.ExecuteDotNetSnippet(RteExecutorBridge* , SByte* assemblyName, SByte* methodName, UnmanagedExpVal** expVals, Int32 expValsCount)
   場所 CoreExecutorEndpoint.EventsLoop()
   場所 CoreExecutorGateway.EventsLoop()
   場所 com.magicsoftware.rte.RTEmanager.ExecuteWorkThread()
   場所 System.Threading.ThreadHelper.ThreadStart_Context(Object state)
   場所 System.Threading.ExecutionContext.RunInternal(ExecutionContext executionContext, ContextCallback callback, Object state, Boolean preserveSyncCtx)
   場所 System.Threading.ExecutionContext.Run(ExecutionContext executionContext, ContextCallback callback, Object state, Boolean preserveSyncCtx)
   場所 System.Threading.ExecutionContext.Run(ExecutionContext executionContext, ContextCallback callback, Object state)
   場所 System.Threading.ThreadHelper.ThreadStart(), Program: "メインメニュー　　　　　　画面.メニュー起動.売価入力　　　　　　　　　画面.PDF帳票CSV変換　　　　　　処理".
 <-1> 26/06/2026 16:21:36.231     [Error  ] - 警告:照会モードのためレコードは修正できません., Program: "メインメニュー　　　　　　画面.サブメニュー起動.商品ﾒﾝﾃﾅﾝｽ(ﾗｲﾝ)　 　　　　画面".
 <-1> 26/06/2026 16:22:29.756     [Error  ] - [MgGui.dll] ファイル 'E:\xpa4\SHIRAKI-MYSQL\PDF\250731_AM4_お買上速報.pd' が見つかりませんでした。, Program: "メインメニュー　　　　　　画面.メニュー起動.売価入力　　　　　　　　　画面.PDF帳票CSV変換　　　　　　処理".
 <-1> 26/06/2026 16:22:29.757     [Error  ] - [MgGui.dll] 
   場所 System.Environment.GetStackTrace(Exception e, Boolean needFileInfo)
   場所 System.Environment.get_StackTrace()
   場所 com.magicsoftware.rte.CoreExecutor.WriteExceptionToLog(Int64 contextID, String msg)
   場所 com.magicsoftware.rte.com.magicsoftware.rte.dotnet.DNSnippetManager.ExecuteDotNetSnippet(String assemblyName, String methodName, IntPtr& expValsPtr, Int32 expValsCount)
   場所 com.magicsoftware.rte.RteExecutor.ExecuteDotNetSnippet(String assemblyName, String methodName, IntPtr& expValsPtr, Int32 expValsCount)
   場所 RteExecutorEndpoint.InvokeExecuteDotNetSnippet(String assemblyName, String methodName, IntPtr& expValsPtr, Int32 expValsCount)
   場所 RteExecutorBridge.ExecuteDotNetSnippet(RteExecutorBridge* , SByte* assemblyName, SByte* methodName, UnmanagedExpVal** expVals, Int32 expValsCount)
   場所 CoreExecutorEndpoint.EventsLoop()
   場所 CoreExecutorGateway.EventsLoop()
   場所 com.magicsoftware.rte.RTEmanager.ExecuteWorkThread()
   場所 System.Threading.ThreadHelper.ThreadStart_Context(Object state)
   場所 System.Threading.ExecutionContext.RunInternal(ExecutionContext executionContext, ContextCallback callback, Object state, Boolean preserveSyncCtx)
   場所 System.Threading.ExecutionContext.Run(ExecutionContext executionContext, ContextCallback callback, Object state, Boolean preserveSyncCtx)
   場所 System.Threading.ExecutionContext.Run(ExecutionContext executionContext, ContextCallback callback, Object state)
   場所 System.Threading.ThreadHelper.ThreadStart(), Program: "メインメニュー　　　　　　画面.メニュー起動.売価入力　　　　　　　　　画面.PDF帳票CSV変換　　　　　　処理".
 <-1> 26/06/2026 16:23:14.543     [Error  ] - [MgGui.dll] ファイル 'E:\xpa4\SHIRAKI-MYSQL\PDF\250731_AM4_お買上速報.pd' が見つかりませんでした。, Program: "メインメニュー　　　　　　画面.メニュー起動.売価入力　　　　　　　　　画面.PDF帳票CSV変換　　　　　　処理".
 <-1> 26/06/2026 16:23:14.543     [Error  ] - [MgGui.dll] 
   場所 System.Environment.GetStackTrace(Exception e, Boolean needFileInfo)
   場所 System.Environment.get_StackTrace()
   場所 com.magicsoftware.rte.CoreExecutor.WriteExceptionToLog(Int64 contextID, String msg)
   場所 com.magicsoftware.rte.com.magicsoftware.rte.dotnet.DNSnippetManager.ExecuteDotNetSnippet(String assemblyName, String methodName, IntPtr& expValsPtr, Int32 expValsCount)
   場所 com.magicsoftware.rte.RteExecutor.ExecuteDotNetSnippet(String assemblyName, String methodName, IntPtr& expValsPtr, Int32 expValsCount)
   場所 RteExecutorEndpoint.InvokeExecuteDotNetSnippet(String assemblyName, String methodName, IntPtr& expValsPtr, Int32 expValsCount)
   場所 RteExecutorBridge.ExecuteDotNetSnippet(RteExecutorBridge* , SByte* assemblyName, SByte* methodName, UnmanagedExpVal** expVals, Int32 expValsCount)
   場所 CoreExecutorEndpoint.EventsLoop()
   場所 CoreExecutorGateway.EventsLoop()
   場所 com.magicsoftware.rte.RTEmanager.ExecuteWorkThread()
   場所 System.Threading.ThreadHelper.ThreadStart_Context(Object state)
   場所 System.Threading.ExecutionContext.RunInternal(ExecutionContext executionContext, ContextCallback callback, Object state, Boolean preserveSyncCtx)
   場所 System.Threading.ExecutionContext.Run(ExecutionContext executionContext, ContextCallback callback, Object state, Boolean preserveSyncCtx)
   場所 System.Threading.ExecutionContext.Run(ExecutionContext executionContext, ContextCallback callback, Object state)
   場所 System.Threading.ThreadHelper.ThreadStart(), Program: "メインメニュー　　　　　　画面.メニュー起動.売価入力　　　　　　　　　画面.PDF帳票CSV変換　　　　　　処理".
 <-1> 26/06/2026 16:28:12.053     [Error  ] - インデックスが重複しています.データソース: WKNEFDH, Program: "メインメニュー　　　　　　画面.メニュー起動.値札発行　　　　　　　　　画面.商品M→値札発行WORK".
 <-1> 26/06/2026 16:38:35.031     [Error  ] - インデックスが重複しています.データソース: WKNEFDH, Program: "メインメニュー　　　　　　画面.メニュー起動.値札発行　　　　　　　　　画面.商品M→値札発行WORK".
 <-1> 26/06/2026 17:08:38.089     [Error  ] - オープンできません.データソース: system_company, Program: "メインメニュー　　　　　　画面.サブメニュー起動.会社概要ﾒﾝﾃﾅﾝｽ　　　　　　画面".
 <-1> 26/06/2026 17:19:46.755     [Error  ] - 警告:照会モードのためレコードは修正できません., Program: "得意先ﾒﾝﾃﾅﾝｽ(ﾗｲﾝ) 　　　　画面".
 <-1> 26/06/2026 17:48:58.232     [Error  ] - 警告:照会モードのためレコードは修正できません., Program: "得意先ﾒﾝﾃﾅﾝｽ(ﾗｲﾝ) 　　　　画面".
 <-1> 26/06/2026 17:49:51.202     [Error  ] - 警告:照会モードのためレコードは修正できません., Program: "得意先ﾒﾝﾃﾅﾝｽ(ﾗｲﾝ) 　　　　画面".
 <-1> 26/06/2026 17:53:17.073     [Error  ] - 警告:照会モードのためレコードは修正できません., Program: "メインメニュー　　　　　　画面.サブメニュー起動.得意先ﾒﾝﾃﾅﾝｽ(ﾗｲﾝ) 　　　　画面".
 <-1> 26/06/2026 17:56:44.735     [Error  ] - 更新できません.データソース: customer, Program: "メインメニュー　　　　　　画面.サブメニュー起動.得意先ﾒﾝﾃﾅﾝｽ(ﾗｲﾝ) 　　　　画面.得意先削除".
 <-1> 26/06/2026 17:56:49.709     [Error  ] - このレコードは他のユーザが削除/更新しました., Program: "メインメニュー　　　　　　画面.サブメニュー起動.得意先ﾒﾝﾃﾅﾝｽ(ﾗｲﾝ) 　　　　画面".
 <-1> 26/06/2026 17:56:49.713     [Error  ] - レコードは失われていました., Program: "メインメニュー　　　　　　画面.サブメニュー起動.得意先ﾒﾝﾃﾅﾝｽ(ﾗｲﾝ) 　　　　画面".
 <-1> 26/06/2026 18:03:54.472     [Error  ] - 警告:照会モードのためレコードは修正できません., Program: "メインメニュー　　　　　　画面.サブメニュー起動.得意先ﾒﾝﾃﾅﾝｽ(ﾗｲﾝ) 　　　　画面".
 <-1> 27/06/2026 00:12:16.272     [Error  ] - 更新できません.データソース: disbursement, Program: "支払一覧　　　　　　　　　画面.支払入力　　　　　　　　　画面.支払ﾌｧｲﾙ 書込".
 <-1> 29/06/2026 10:32:01.545     [Error  ] - 警告:照会モードのためレコードは修正できません., Program: "得意先ﾒﾝﾃﾅﾝｽ(ﾗｲﾝ) 　　　　画面".
 <-1> 29/06/2026 10:32:25.002     [Error  ] - 警告:照会モードのためレコードは修正できません., Program: "得意先ﾒﾝﾃﾅﾝｽ(ﾗｲﾝ) 　　　　画面".
 <-1> 29/06/2026 10:34:31.774     [Error  ] - 警告:照会モードのためレコードは修正できません., Program: "得意先ﾒﾝﾃﾅﾝｽ(ﾗｲﾝ) 　　　　画面".
 <-1> 29/06/2026 10:34:43.541     [Error  ] - 警告:照会モードのためレコードは修正できません., Program: "得意先ﾒﾝﾃﾅﾝｽ(ﾗｲﾝ) 　　　　画面".
 <-1> 29/06/2026 10:35:02.401     [Error  ] - 警告:照会モードのためレコードは修正できません., Program: "得意先ﾒﾝﾃﾅﾝｽ(ﾗｲﾝ) 　　　　画面".
 <-1> 29/06/2026 10:39:04.898     [Error  ] - 更新できません.データソース: supplier, Program: "メインメニュー　　　　　　画面.サブメニュー起動.仕入先ﾒﾝﾃﾅﾝｽ(ﾗｲﾝ) 　　　　画面.仕入先削除".
 <-1> 29/06/2026 10:46:28.261     [Error  ] - 小分類CDを入力して下さい。, Program: "商品ﾒﾝﾃﾅﾝｽ(ﾗｲﾝ)　 　　　　画面.商品ﾒﾝﾃﾅﾝｽ(ｽｸﾘｰﾝ)　 　　　画面".
 <-1> 29/06/2026 10:59:50.977     [Error  ] - ビューにレコードがありません., Program: "メインメニュー　　　　　　画面.サブメニュー起動.商品ﾒﾝﾃﾅﾝｽ(ﾗｲﾝ)　 　　　　画面".
 <-1> 29/06/2026 11:27:00.459     [Error  ] - オープンできません.データソース: customer, Program: "メインメニュー　　　　　　画面.サブメニュー起動.得意先別売上単価ﾒﾝﾃﾅﾝｽ　　画面".
 <-1> 29/06/2026 11:57:35.680     [Error  ] - 更新できません.データソース: grade, Program: "メインメニュー　　　　　　画面.サブメニュー起動.等級_ﾏｽﾀ　　　　　　　　　保守".
 <-1> 29/06/2026 11:57:51.275     [Error  ] - 更新できません.データソース: grade, Program: "メインメニュー　　　　　　画面.サブメニュー起動.等級_ﾏｽﾀ　　　　　　　　　保守".
 <-1> 29/06/2026 14:06:59.152     [Error  ] - 更新できません.データソース: large_category, Program: "メインメニュー　　　　　　画面.サブメニュー起動.大分類_ﾏｽﾀ　　　　　　　　保守".
 <-1> 29/06/2026 14:08:16.696     [Error  ] - 更新できません.データソース: large_category, Program: "メインメニュー　　　　　　画面.サブメニュー起動.大分類_ﾏｽﾀ　　　　　　　　保守".
 <-1> 29/06/2026 15:07:53.614     [Error  ] - 警告:照会モードのためレコードは修正できません., Program: "送り主ﾒﾝﾃﾅﾝｽ(ﾗｲﾝ) 　　　　画面".
 <-1> 29/06/2026 15:14:16.934     [Error  ] - 更新できません.データソース: tax_rate_change, Program: "税率ﾒﾝﾃﾅﾝｽ　　　　　　    保守".
 <-1> 29/06/2026 15:14:20.685     [Error  ] - 更新できません.データソース: tax_rate_change, Program: "税率ﾒﾝﾃﾅﾝｽ　　　　　　    保守".
 <-1> 29/06/2026 15:16:23.599     [Error  ] - インデックスが重複しています.データソース: WKNEFDH, Program: "メインメニュー　　　　　　画面.メニュー起動.値札発行　　　　　　　　　画面.商品M→値札発行WORK".
 <-1> 29/06/2026 15:16:46.056     [Error  ] - インデックスが重複しています.データソース: WKNEFDH, Program: "メインメニュー　　　　　　画面.メニュー起動.値札発行　　　　　　　　　画面.商品M→値札発行WORK".
 <-1> 29/06/2026 15:20:15.591     [Error  ] - インデックスが重複しています.データソース: WKNEFDH, Program: "メインメニュー　　　　　　画面.メニュー起動.値札発行　　　　　　　　　画面.商品M→値札発行WORK".
 <-1> 29/06/2026 15:23:10.884     [Error  ] - 更新できません.データソース: import_mapping, Program: "メインメニュー　　　　　　画面.サブメニュー起動.売上取込変換_ﾏｽﾀ　　　　　保守".
 <-1> 29/06/2026 15:24:47.990     [Error  ] - [MgGui.dll] ファイル 'E:\xpa4\SHIRAKI-MYSQL\PDF\250801_AM4_お買上速報.pd' が見つかりませんでした。, Program: "メインメニュー　　　　　　画面.メニュー起動.売価入力　　　　　　　　　画面.PDF帳票CSV変換　　　　　　処理".
 <-1> 29/06/2026 15:24:48.000     [Error  ] - [MgGui.dll] 
   場所 System.Environment.GetStackTrace(Exception e, Boolean needFileInfo)
   場所 System.Environment.get_StackTrace()
   場所 com.magicsoftware.rte.CoreExecutor.WriteExceptionToLog(Int64 contextID, String msg)
   場所 com.magicsoftware.rte.com.magicsoftware.rte.dotnet.DNSnippetManager.ExecuteDotNetSnippet(String assemblyName, String methodName, IntPtr& expValsPtr, Int32 expValsCount)
   場所 com.magicsoftware.rte.RteExecutor.ExecuteDotNetSnippet(String assemblyName, String methodName, IntPtr& expValsPtr, Int32 expValsCount)
   場所 RteExecutorEndpoint.InvokeExecuteDotNetSnippet(String assemblyName, String methodName, IntPtr& expValsPtr, Int32 expValsCount)
   場所 RteExecutorBridge.ExecuteDotNetSnippet(RteExecutorBridge* , SByte* assemblyName, SByte* methodName, UnmanagedExpVal** expVals, Int32 expValsCount)
   場所 CoreExecutorEndpoint.EventsLoop()
   場所 CoreExecutorGateway.EventsLoop()
   場所 com.magicsoftware.rte.RTEmanager.ExecuteWorkThread()
   場所 System.Threading.ThreadHelper.ThreadStart_Context(Object state)
   場所 System.Threading.ExecutionContext.RunInternal(ExecutionContext executionContext, ContextCallback callback, Object state, Boolean preserveSyncCtx)
   場所 System.Threading.ExecutionContext.Run(ExecutionContext executionContext, ContextCallback callback, Object state, Boolean preserveSyncCtx)
   場所 System.Threading.ExecutionContext.Run(ExecutionContext executionContext, ContextCallback callback, Object state)
   場所 System.Threading.ThreadHelper.ThreadStart(), Program: "メインメニュー　　　　　　画面.メニュー起動.売価入力　　　　　　　　　画面.PDF帳票CSV変換　　　　　　処理".
 <-1> 29/06/2026 15:27:48.142     [Error  ] - 更新できません.データソース: import_mapping, Program: "メインメニュー　　　　　　画面.サブメニュー起動.売上取込変換_ﾏｽﾀ　　　　　保守".
 <-1> 30/06/2026 10:10:17.104     [Error  ] - 警告:照会モードのためレコードは修正できません., Program: "メインメニュー　　　　　　画面.サブメニュー起動.得意先ﾒﾝﾃﾅﾝｽ(ﾗｲﾝ) 　　　　画面".
 <-1> 30/06/2026 10:10:32.239     [Error  ] - 警告:照会モードのためレコードは修正できません., Program: "メインメニュー　　　　　　画面.サブメニュー起動.得意先ﾒﾝﾃﾅﾝｽ(ﾗｲﾝ) 　　　　画面".
 <-1> 30/06/2026 10:10:44.232     [Error  ] - 警告:照会モードのためレコードは修正できません., Program: "メインメニュー　　　　　　画面.サブメニュー起動.得意先ﾒﾝﾃﾅﾝｽ(ﾗｲﾝ) 　　　　画面".
 <-1> 30/06/2026 10:10:53.356     [Error  ] - 警告:照会モードのためレコードは修正できません., Program: "メインメニュー　　　　　　画面.サブメニュー起動.得意先ﾒﾝﾃﾅﾝｽ(ﾗｲﾝ) 　　　　画面".
 <-1> 30/06/2026 17:42:49.054     [Error  ] - 警告:照会モードのためレコードは修正できません., Program: "得意先ﾒﾝﾃﾅﾝｽ(ﾗｲﾝ) 　　　　画面".
 <-1> 30/06/2026 17:43:43.717     [Error  ] - 警告:照会モードのためレコードは修正できません., Program: "得意先ﾒﾝﾃﾅﾝｽ(ﾗｲﾝ) 　　　　画面".
 <-1> 30/06/2026 17:56:15.861     [Error  ] - レコードは失われていました., Program: "メインメニュー　　　　　　画面.メニュー起動.売上一覧　　　　　　　　　画面.売上入力　　　　　　　　　画面.明細入力".
 <-1> 30/06/2026 17:57:42.917     [Error  ] - レコードは失われていました., Program: "メインメニュー　　　　　　画面.メニュー起動.売上一覧　　　　　　　　　画面.売上表紙 表示(SQL).売上入力　　　　　　　　　画面.明細入力".
 <-1> 01/07/2026 16:08:15.183     [Error  ] - レコードは失われていました., Program: "メインメニュー　　　　　　画面.メニュー起動.売上一覧　　　　　　　　　画面.売上入力　　　　　　　　　画面.明細入力".
 <-1> 01/07/2026 16:50:18.064     [Error  ] - レコードは失われていました., Program: "メインメニュー　　　　　　画面.メニュー起動.売上一覧　　　　　　　　　画面.売上表紙 表示(SQL).売上入力　　　　　　　　　画面.明細入力".
 <-1> 01/07/2026 17:01:51.867     [Error  ] - レコードは失われていました., Program: "売上一覧　　　　　　　　　画面.売上表紙 表示(SQL).売上入力　　　　　　　　　画面.明細入力".
 <-1> 01/07/2026 17:15:13.847     [Error  ] - レコードは失われていました., Program: "売上一覧　　　　　　　　　画面.売上入力　　　　　　　　　画面.明細入力".
 <-1> 01/07/2026 17:18:26.804     [Error  ] - レコードは失われていました., Program: "売上一覧　　　　　　　　　画面.売上入力　　　　　　　　　画面.明細入力".
 <-1> 01/07/2026 17:24:53.570     [Error  ] - レコードは失われていました., Program: "売上一覧　　　　　　　　　画面.売上入力　　　　　　　　　画面.明細入力".
 <-1> 01/07/2026 17:43:57.977     [Error  ] - レコードは失われていました., Program: "売上一覧　　　　　　　　　画面.売上表紙 表示(SQL).売上入力　　　　　　　　　画面.明細入力".
 <-1> 01/07/2026 18:05:33.255     [Error  ] - Error - run-time engine was not found. Please restart the studio in order to run the application
 <-1> 01/07/2026 18:06:17.438     [Error  ] - Error - run-time engine was not found. Please restart the studio in order to run the application
 <-1> 01/07/2026 18:07:11.915     [Error  ] - レコードは失われていました., Program: "メインメニュー　　　　　　画面.メニュー起動.売上一覧　　　　　　　　　画面.売上表紙 表示(SQL).売上入力　　　　　　　　　画面.明細入力".
 <-1> 02/07/2026 09:48:43.127     [Error  ] - レコードは失われていました., Program: "売上一覧　　　　　　　　　画面.売上入力　　　　　　　　　画面.明細入力".
 <-1> 02/07/2026 10:05:21.091     [Error  ] - このレコードは他のユーザが削除/更新しました., Program: "売上一覧　　　　　　　　　画面.売上入力　　　　　　　　　画面.明細入力".
 <-1> 02/07/2026 10:05:21.095     [Error  ] - レコードは失われていました., Program: "売上一覧　　　　　　　　　画面.売上入力　　　　　　　　　画面.明細入力".
 <-1> 02/07/2026 10:22:02.143     [Error  ] - レコードは失われていました., Program: "売上一覧　　　　　　　　　画面.売上入力　　　　　　　　　画面.明細入力".
 <-1> 02/07/2026 10:49:58.773     [Error  ] - レコードは失われていました., Program: "売上一覧　　　　　　　　　画面.売上入力　　　　　　　　　画面.明細入力".
 <-1> 02/07/2026 10:53:45.747     [Error  ] - レコードは失われていました., Program: "売上一覧　　　　　　　　　画面.売上入力　　　　　　　　　画面.明細入力".
 <-1> 02/07/2026 11:04:37.208     [Error  ] - レコードは失われていました., Program: "売上一覧　　　　　　　　　画面.売上入力　　　　　　　　　画面.明細入力".
 <-1> 02/07/2026 11:14:48.396     [Error  ] - レコードは失われていました., Program: "売上一覧　　　　　　　　　画面.売上表紙 表示(SQL).売上入力　　　　　　　　　画面.明細入力".
 <-1> 02/07/2026 11:40:12.729     [Error  ] - レコードは失われていました., Program: "売上一覧　　　　　　　　　画面.売上入力　　　　　　　　　画面.明細入力".
 <-1> 02/07/2026 12:07:55.788     [Error  ] - 処理に失敗しました.他のユーザか処理にによってレコードが変更されています.データソース: WRKURML, Program: "売上一覧　　　　　　　　　画面.売上入力　　　　　　　　　画面.明細入力".
 <-1> 02/07/2026 12:10:31.229     [Error  ] - 処理に失敗しました.他のユーザか処理にによってレコードが変更されています.データソース: WRKURML, Program: "売上一覧　　　　　　　　　画面.売上入力　　　　　　　　　画面.明細入力".
 <-1> 02/07/2026 12:21:17.741     [Error  ] - レコードは失われていました., Program: "売上一覧　　　　　　　　　画面.売上入力　　　　　　　　　画面.明細入力".
 <-1> 02/07/2026 12:26:07.679     [Error  ] - レコードは失われていました., Program: "メインメニュー　　　　　　画面.メニュー起動.売上一覧　　　　　　　　　画面.売上入力　　　　　　　　　画面.明細入力".
 <-1> 02/07/2026 14:02:11.307     [Error  ] - レコードは失われていました., Program: "メインメニュー　　　　　　画面.メニュー起動.売上一覧　　　　　　　　　画面.売上入力　　　　　　　　　画面.明細入力".
 <-1> 02/07/2026 14:19:03.545     [Error  ] - 小分類CDを入力して下さい。, Program: "商品ﾒﾝﾃﾅﾝｽ(ﾗｲﾝ)　 　　　　画面.商品ﾒﾝﾃﾅﾝｽ(ｽｸﾘｰﾝ)　 　　　画面".
 <-1> 02/07/2026 14:19:30.312     [Error  ] - ビューにレコードがありません., Program: "商品ﾒﾝﾃﾅﾝｽ(ﾗｲﾝ)　 　　　　画面".
 <-1> 02/07/2026 14:43:54.329     [Error  ] - レコードは失われていました., Program: "売上一覧　　　　　　　　　画面.売上入力　　　　　　　　　画面.明細入力".
 <-1> 02/07/2026 15:03:28.457     [Error  ] - レコードは失われていました., Program: "売上一覧　　　　　　　　　画面.売上入力　　　　　　　　　画面.明細入力".
 <-1> 02/07/2026 15:04:47.843     [Error  ] - レコードは失われていました., Program: "売上一覧　　　　　　　　　画面.売上入力　　　　　　　　　画面.明細入力".
 <-1> 02/07/2026 15:07:44.613     [Error  ] - レコードは失われていました., Program: "売上一覧　　　　　　　　　画面.売上入力　　　　　　　　　画面.明細入力".
 <-1> 02/07/2026 15:11:31.614     [Error  ] - レコードは失われていました., Program: "売上一覧　　　　　　　　　画面.売上入力　　　　　　　　　画面.明細入力".
 <-1> 02/07/2026 15:19:44.010     [Error  ] - レコードは失われていました., Program: "売上一覧　　　　　　　　　画面.売上入力　　　　　　　　　画面.明細入力".
 <-1> 02/07/2026 15:22:36.886     [Error  ] - レコードは失われていました., Program: "売上一覧　　　　　　　　　画面.売上入力　　　　　　　　　画面.明細入力".
 <-1> 02/07/2026 15:25:51.675     [Error  ] - レコードは失われていました., Program: "売上一覧　　　　　　　　　画面.売上入力　　　　　　　　　画面.明細入力".
 <-1> 02/07/2026 15:27:56.816     [Error  ] - レコードは失われていました., Program: "売上一覧　　　　　　　　　画面.売上入力　　　　　　　　　画面.明細入力".
 <-1> 02/07/2026 15:31:19.481     [Error  ] - レコードは失われていました., Program: "売上一覧　　　　　　　　　画面.売上表紙 表示(SQL).売上入力　　　　　　　　　画面.明細入力".
 <-1> 02/07/2026 15:31:36.179     [Error  ] - レコードは失われていました., Program: "売上一覧　　　　　　　　　画面.売上表紙 表示(SQL).売上入力　　　　　　　　　画面.明細入力".
 <-1> 02/07/2026 15:32:10.620     [Error  ] - レコードは失われていました., Program: "売上一覧　　　　　　　　　画面.売上表紙 表示(SQL).売上入力　　　　　　　　　画面.明細入力".
 <-1> 02/07/2026 15:44:03.608     [Error  ] - レコードは失われていました., Program: "売上一覧　　　　　　　　　画面.売上入力　　　　　　　　　画面.明細入力".
 <-1> 02/07/2026 16:50:30.257     [Error  ] - このレコードは他のユーザが削除/更新しました., Program: "仕入一覧　　　　　　　　　画面.仕入入力　　　　　　　　　画面.明細入力".
 <-1> 02/07/2026 16:50:30.271     [Error  ] - レコードは失われていました., Program: "仕入一覧　　　　　　　　　画面.仕入入力　　　　　　　　　画面.明細入力".
 <-1> 02/07/2026 16:51:02.654     [Error  ] - このレコードは他のユーザが削除/更新しました., Program: "仕入一覧　　　　　　　　　画面.仕入入力　　　　　　　　　画面.明細入力".
 <-1> 02/07/2026 16:51:02.660     [Error  ] - レコードは失われていました., Program: "仕入一覧　　　　　　　　　画面.仕入入力　　　　　　　　　画面.明細入力".
 <-1> 02/07/2026 17:41:43.866     [Error  ] - SQLコマンドが正しくありません.データベース.: MySQL Database, Program: "メインメニュー　　　　　　画面.メニュー起動.売上一覧　　　　　　　　　画面.売上表紙 表示(SQL).売上入力　　　　　　　　　画面.明細入力.履歴問い合わせ　　　　　  画面.取引履歴WORK 作成".
 <-1> 02/07/2026 17:41:43.868     [Error  ] - [MySQL][ODBC 8.0(a) Driver][mysqld-8.0.40]Incorrect DATE value: ' NULL ', Program: "メインメニュー　　　　　　画面.メニュー起動.売上一覧　　　　　　　　　画面.売上表紙 表示(SQL).売上入力　　　　　　　　　画面.明細入力.履歴問い合わせ　　　　　  画面.取引履歴WORK 作成".
 <-1> 02/07/2026 17:41:45.281     [Error  ] - ソート/一時データソースを作成できません., Program: "メインメニュー　　　　　　画面.メニュー起動.売上一覧　　　　　　　　　画面.売上表紙 表示(SQL).売上入力　　　　　　　　　画面.明細入力.履歴問い合わせ　　　　　  画面.取引履歴WORK 作成".
 <-1> 02/07/2026 17:41:46.143     [Error  ] - SQLコマンドが正しくありません.データベース.: MySQL Database, Program: "メインメニュー　　　　　　画面.メニュー起動.売上一覧　　　　　　　　　画面.売上表紙 表示(SQL).売上入力　　　　　　　　　画面.明細入力.履歴問い合わせ　　　　　  画面.取引履歴WORK 作成".
 <-1> 02/07/2026 17:41:46.144     [Error  ] - [MySQL][ODBC 8.0(a) Driver][mysqld-8.0.40]Incorrect DATE value: ' NULL ', Program: "メインメニュー　　　　　　画面.メニュー起動.売上一覧　　　　　　　　　画面.売上表紙 表示(SQL).売上入力　　　　　　　　　画面.明細入力.履歴問い合わせ　　　　　  画面.取引履歴WORK 作成".
 <-1> 02/07/2026 17:41:47.347     [Error  ] - ソート/一時データソースを作成できません., Program: "メインメニュー　　　　　　画面.メニュー起動.売上一覧　　　　　　　　　画面.売上表紙 表示(SQL).売上入力　　　　　　　　　画面.明細入力.履歴問い合わせ　　　　　  画面.取引履歴WORK 作成".
 <-1> 08/07/2026 16:59:10.529     [Error  ] - [MgGui.dll] ファイル 'E:\xpa4\SHIRAKI-MYSQL\PDF\250731_AM4_お買上速報.pd' が見つかりませんでした。, Program: "メインメニュー　　　　　　画面.メニュー起動.売価入力　　　　　　　　　画面.PDF帳票CSV変換　　　　　　処理".
 <-1> 08/07/2026 16:59:10.540     [Error  ] - [MgGui.dll] 
   場所 System.Environment.GetStackTrace(Exception e, Boolean needFileInfo)
   場所 System.Environment.get_StackTrace()
   場所 com.magicsoftware.rte.CoreExecutor.WriteExceptionToLog(Int64 contextID, String msg)
   場所 com.magicsoftware.rte.com.magicsoftware.rte.dotnet.DNSnippetManager.ExecuteDotNetSnippet(String assemblyName, String methodName, IntPtr& expValsPtr, Int32 expValsCount)
   場所 com.magicsoftware.rte.RteExecutor.ExecuteDotNetSnippet(String assemblyName, String methodName, IntPtr& expValsPtr, Int32 expValsCount)
   場所 RteExecutorEndpoint.InvokeExecuteDotNetSnippet(String assemblyName, String methodName, IntPtr& expValsPtr, Int32 expValsCount)
   場所 RteExecutorBridge.ExecuteDotNetSnippet(RteExecutorBridge* , SByte* assemblyName, SByte* methodName, UnmanagedExpVal** expVals, Int32 expValsCount)
   場所 CoreExecutorEndpoint.EventsLoop()
   場所 CoreExecutorGateway.EventsLoop()
   場所 com.magicsoftware.rte.RTEmanager.ExecuteWorkThread()
   場所 System.Threading.ThreadHelper.ThreadStart_Context(Object state)
   場所 System.Threading.ExecutionContext.RunInternal(ExecutionContext executionContext, ContextCallback callback, Object state, Boolean preserveSyncCtx)
   場所 System.Threading.ExecutionContext.Run(ExecutionContext executionContext, ContextCallback callback, Object state, Boolean preserveSyncCtx)
   場所 System.Threading.ExecutionContext.Run(ExecutionContext executionContext, ContextCallback callback, Object state)
   場所 System.Threading.ThreadHelper.ThreadStart(), Program: "メインメニュー　　　　　　画面.メニュー起動.売価入力　　　　　　　　　画面.PDF帳票CSV変換　　　　　　処理".
 <-1> 08/07/2026 17:16:22.531     [Error  ] - 小分類CDを入力して下さい。, Program: "商品ﾒﾝﾃﾅﾝｽ(ﾗｲﾝ)　 　　　　画面.商品ﾒﾝﾃﾅﾝｽ(ｽｸﾘｰﾝ)　 　　　画面".
 <-1> 08/07/2026 17:16:23.262     [Error  ] - 小分類CDを入力して下さい。, Program: "商品ﾒﾝﾃﾅﾝｽ(ﾗｲﾝ)　 　　　　画面.商品ﾒﾝﾃﾅﾝｽ(ｽｸﾘｰﾝ)　 　　　画面".
 <-1> 08/07/2026 17:16:24.249     [Error  ] - 小分類CDを入力して下さい。, Program: "商品ﾒﾝﾃﾅﾝｽ(ﾗｲﾝ)　 　　　　画面.商品ﾒﾝﾃﾅﾝｽ(ｽｸﾘｰﾝ)　 　　　画面".
 <-1> 08/07/2026 17:16:24.571     [Error  ] - 小分類CDを入力して下さい。, Program: "商品ﾒﾝﾃﾅﾝｽ(ﾗｲﾝ)　 　　　　画面.商品ﾒﾝﾃﾅﾝｽ(ｽｸﾘｰﾝ)　 　　　画面".
 <-1> 08/07/2026 17:16:37.685     [Error  ] - ビューにレコードがありません., Program: "商品ﾒﾝﾃﾅﾝｽ(ﾗｲﾝ)　 　　　　画面".
 <-1> 08/07/2026 17:57:55.277     [Error  ] - インデックスが重複しています.データソース: WKNEFDH, Program: "値札発行　　　　　　　　　画面.商品M→値札発行WORK".
 <-1> 09/07/2026 13:21:12.957     [Error  ] - [MgGui.dll] ファイル 'E:\xpa4\SHIRAKI-MYSQL\PDF\250731_AM4_お買上速報.pd' が見つかりませんでした。, Program: "売価入力　　　　　　　　　画面.PDF帳票CSV変換　　　　　　処理".
 <-1> 09/07/2026 13:21:12.967     [Error  ] - [MgGui.dll] 
   場所 System.Environment.GetStackTrace(Exception e, Boolean needFileInfo)
   場所 System.Environment.get_StackTrace()
   場所 com.magicsoftware.rte.CoreExecutor.WriteExceptionToLog(Int64 contextID, String msg)
   場所 com.magicsoftware.rte.com.magicsoftware.rte.dotnet.DNSnippetManager.ExecuteDotNetSnippet(String assemblyName, String methodName, IntPtr& expValsPtr, Int32 expValsCount)
   場所 com.magicsoftware.rte.RteExecutor.ExecuteDotNetSnippet(String assemblyName, String methodName, IntPtr& expValsPtr, Int32 expValsCount)
   場所 RteExecutorEndpoint.InvokeExecuteDotNetSnippet(String assemblyName, String methodName, IntPtr& expValsPtr, Int32 expValsCount)
   場所 RteExecutorBridge.ExecuteDotNetSnippet(RteExecutorBridge* , SByte* assemblyName, SByte* methodName, UnmanagedExpVal** expVals, Int32 expValsCount)
   場所 CoreExecutorEndpoint.EventsLoop()
   場所 CoreExecutorGateway.EventsLoop()
   場所 com.magicsoftware.rte.RTEmanager.ExecuteWorkThread()
   場所 System.Threading.ThreadHelper.ThreadStart_Context(Object state)
   場所 System.Threading.ExecutionContext.RunInternal(ExecutionContext executionContext, ContextCallback callback, Object state, Boolean preserveSyncCtx)
   場所 System.Threading.ExecutionContext.Run(ExecutionContext executionContext, ContextCallback callback, Object state, Boolean preserveSyncCtx)
   場所 System.Threading.ExecutionContext.Run(ExecutionContext executionContext, ContextCallback callback, Object state)
   場所 System.Threading.ThreadHelper.ThreadStart(), Program: "売価入力　　　　　　　　　画面.PDF帳票CSV変換　　　　　　処理".
 <-1> 09/07/2026 13:21:37.712     [Error  ] - レコードは失われていました., Program: "売価入力　　　　　　　　　画面".
 <-1> 09/07/2026 13:22:26.615     [Error  ] - [MgGui.dll] ファイル 'E:\xpa4\SHIRAKI-MYSQL\PDF\250731_AM4_お買上速報.pd' が見つかりませんでした。, Program: "売価入力　　　　　　　　　画面.PDF帳票CSV変換　　　　　　処理".
 <-1> 09/07/2026 13:22:26.616     [Error  ] - [MgGui.dll] 
   場所 System.Environment.GetStackTrace(Exception e, Boolean needFileInfo)
   場所 System.Environment.get_StackTrace()
   場所 com.magicsoftware.rte.CoreExecutor.WriteExceptionToLog(Int64 contextID, String msg)
   場所 com.magicsoftware.rte.com.magicsoftware.rte.dotnet.DNSnippetManager.ExecuteDotNetSnippet(String assemblyName, String methodName, IntPtr& expValsPtr, Int32 expValsCount)
   場所 com.magicsoftware.rte.RteExecutor.ExecuteDotNetSnippet(String assemblyName, String methodName, IntPtr& expValsPtr, Int32 expValsCount)
   場所 RteExecutorEndpoint.InvokeExecuteDotNetSnippet(String assemblyName, String methodName, IntPtr& expValsPtr, Int32 expValsCount)
   場所 RteExecutorBridge.ExecuteDotNetSnippet(RteExecutorBridge* , SByte* assemblyName, SByte* methodName, UnmanagedExpVal** expVals, Int32 expValsCount)
   場所 CoreExecutorEndpoint.EventsLoop()
   場所 CoreExecutorGateway.EventsLoop()
   場所 com.magicsoftware.rte.RTEmanager.ExecuteWorkThread()
   場所 System.Threading.ThreadHelper.ThreadStart_Context(Object state)
   場所 System.Threading.ExecutionContext.RunInternal(ExecutionContext executionContext, ContextCallback callback, Object state, Boolean preserveSyncCtx)
   場所 System.Threading.ExecutionContext.Run(ExecutionContext executionContext, ContextCallback callback, Object state, Boolean preserveSyncCtx)
   場所 System.Threading.ExecutionContext.Run(ExecutionContext executionContext, ContextCallback callback, Object state)
   場所 System.Threading.ThreadHelper.ThreadStart(), Program: "売価入力　　　　　　　　　画面.PDF帳票CSV変換　　　　　　処理".
 <-1> 09/07/2026 13:24:18.211     [Error  ] - [MgGui.dll] ファイル 'E:\xpa4\SHIRAKI-MYSQL\PDF\250731_AM4_お買上速報.pd' が見つかりませんでした。, Program: "売価入力　　　　　　　　　画面.PDF帳票CSV変換　　　　　　処理".
 <-1> 09/07/2026 13:24:18.211     [Error  ] - [MgGui.dll] 
   場所 System.Environment.GetStackTrace(Exception e, Boolean needFileInfo)
   場所 System.Environment.get_StackTrace()
   場所 com.magicsoftware.rte.CoreExecutor.WriteExceptionToLog(Int64 contextID, String msg)
   場所 com.magicsoftware.rte.com.magicsoftware.rte.dotnet.DNSnippetManager.ExecuteDotNetSnippet(String assemblyName, String methodName, IntPtr& expValsPtr, Int32 expValsCount)
   場所 com.magicsoftware.rte.RteExecutor.ExecuteDotNetSnippet(String assemblyName, String methodName, IntPtr& expValsPtr, Int32 expValsCount)
   場所 RteExecutorEndpoint.InvokeExecuteDotNetSnippet(String assemblyName, String methodName, IntPtr& expValsPtr, Int32 expValsCount)
   場所 RteExecutorBridge.ExecuteDotNetSnippet(RteExecutorBridge* , SByte* assemblyName, SByte* methodName, UnmanagedExpVal** expVals, Int32 expValsCount)
   場所 CoreExecutorEndpoint.EventsLoop()
   場所 CoreExecutorGateway.EventsLoop()
   場所 com.magicsoftware.rte.RTEmanager.ExecuteWorkThread()
   場所 System.Threading.ThreadHelper.ThreadStart_Context(Object state)
   場所 System.Threading.ExecutionContext.RunInternal(ExecutionContext executionContext, ContextCallback callback, Object state, Boolean preserveSyncCtx)
   場所 System.Threading.ExecutionContext.Run(ExecutionContext executionContext, ContextCallback callback, Object state, Boolean preserveSyncCtx)
   場所 System.Threading.ExecutionContext.Run(ExecutionContext executionContext, ContextCallback callback, Object state)
   場所 System.Threading.ThreadHelper.ThreadStart(), Program: "売価入力　　　　　　　　　画面.PDF帳票CSV変換　　　　　　処理".
 <-1> 09/07/2026 13:24:52.179     [Error  ] - [MgGui.dll] ファイル 'E:\xpa4\SHIRAKI-MYSQL\PDF\250731_AM4_お買上速報.pd' が見つかりませんでした。, Program: "売価入力　　　　　　　　　画面.PDF帳票CSV変換　　　　　　処理".
 <-1> 09/07/2026 13:24:52.179     [Error  ] - [MgGui.dll] 
   場所 System.Environment.GetStackTrace(Exception e, Boolean needFileInfo)
   場所 System.Environment.get_StackTrace()
   場所 com.magicsoftware.rte.CoreExecutor.WriteExceptionToLog(Int64 contextID, String msg)
   場所 com.magicsoftware.rte.com.magicsoftware.rte.dotnet.DNSnippetManager.ExecuteDotNetSnippet(String assemblyName, String methodName, IntPtr& expValsPtr, Int32 expValsCount)
   場所 com.magicsoftware.rte.RteExecutor.ExecuteDotNetSnippet(String assemblyName, String methodName, IntPtr& expValsPtr, Int32 expValsCount)
   場所 RteExecutorEndpoint.InvokeExecuteDotNetSnippet(String assemblyName, String methodName, IntPtr& expValsPtr, Int32 expValsCount)
   場所 RteExecutorBridge.ExecuteDotNetSnippet(RteExecutorBridge* , SByte* assemblyName, SByte* methodName, UnmanagedExpVal** expVals, Int32 expValsCount)
   場所 CoreExecutorEndpoint.EventsLoop()
   場所 CoreExecutorGateway.EventsLoop()
   場所 com.magicsoftware.rte.RTEmanager.ExecuteWorkThread()
   場所 System.Threading.ThreadHelper.ThreadStart_Context(Object state)
   場所 System.Threading.ExecutionContext.RunInternal(ExecutionContext executionContext, ContextCallback callback, Object state, Boolean preserveSyncCtx)
   場所 System.Threading.ExecutionContext.Run(ExecutionContext executionContext, ContextCallback callback, Object state, Boolean preserveSyncCtx)
   場所 System.Threading.ExecutionContext.Run(ExecutionContext executionContext, ContextCallback callback, Object state)
   場所 System.Threading.ThreadHelper.ThreadStart(), Program: "売価入力　　　　　　　　　画面.PDF帳票CSV変換　　　　　　処理".
 <-1> 09/07/2026 13:28:27.408     [Error  ] - [MgGui.dll] ファイル 'E:\xpa4\SHIRAKI-MYSQL\PDF\250801_AM4_お買上速報.pd' が見つかりませんでした。, Program: "売価入力　　　　　　　　　画面.PDF帳票CSV変換　　　　　　処理".
 <-1> 09/07/2026 13:28:27.409     [Error  ] - [MgGui.dll] 
   場所 System.Environment.GetStackTrace(Exception e, Boolean needFileInfo)
   場所 System.Environment.get_StackTrace()
   場所 com.magicsoftware.rte.CoreExecutor.WriteExceptionToLog(Int64 contextID, String msg)
   場所 com.magicsoftware.rte.com.magicsoftware.rte.dotnet.DNSnippetManager.ExecuteDotNetSnippet(String assemblyName, String methodName, IntPtr& expValsPtr, Int32 expValsCount)
   場所 com.magicsoftware.rte.RteExecutor.ExecuteDotNetSnippet(String assemblyName, String methodName, IntPtr& expValsPtr, Int32 expValsCount)
   場所 RteExecutorEndpoint.InvokeExecuteDotNetSnippet(String assemblyName, String methodName, IntPtr& expValsPtr, Int32 expValsCount)
   場所 RteExecutorBridge.ExecuteDotNetSnippet(RteExecutorBridge* , SByte* assemblyName, SByte* methodName, UnmanagedExpVal** expVals, Int32 expValsCount)
   場所 CoreExecutorEndpoint.EventsLoop()
   場所 CoreExecutorGateway.EventsLoop()
   場所 com.magicsoftware.rte.RTEmanager.ExecuteWorkThread()
   場所 System.Threading.ThreadHelper.ThreadStart_Context(Object state)
   場所 System.Threading.ExecutionContext.RunInternal(ExecutionContext executionContext, ContextCallback callback, Object state, Boolean preserveSyncCtx)
   場所 System.Threading.ExecutionContext.Run(ExecutionContext executionContext, ContextCallback callback, Object state, Boolean preserveSyncCtx)
   場所 System.Threading.ExecutionContext.Run(ExecutionContext executionContext, ContextCallback callback, Object state)
   場所 System.Threading.ThreadHelper.ThreadStart(), Program: "売価入力　　　　　　　　　画面.PDF帳票CSV変換　　　　　　処理".
 <-1> 09/07/2026 14:27:32.675     [Error  ] - 更新できません.データソース: import_mapping, Program: "メインメニュー　　　　　　画面.サブメニュー起動.売上取込変換_ﾏｽﾀ　　　　　保守".
 <-1> 09/07/2026 14:38:35.166     [Error  ] - 更新できません.データソース: import_mapping, Program: "売上取込変換_ﾏｽﾀ　　　　　保守".
 <-1> 09/07/2026 14:47:46.496     [Error  ] - このレコードは他のユーザが削除/更新しました., Program: "メインメニュー　　　　　　画面.サブメニュー起動.売上取込変換_ﾏｽﾀ　　　　　保守".
 <-1> 09/07/2026 14:47:47.487     [Error  ] - レコードは失われていました., Program: "メインメニュー　　　　　　画面.サブメニュー起動.売上取込変換_ﾏｽﾀ　　　　　保守".
 <-1> 09/07/2026 15:36:05.232     [Error  ] - [MgGui.dll] ファイル 'E:\xpa4\SHIRAKI-MYSQL\PDF\250801_AM4_お買上速報.pd' が見つかりませんでした。, Program: "売価入力　　　　　　　　　画面.PDF帳票CSV変換　　　　　　処理".
 <-1> 09/07/2026 15:36:05.249     [Error  ] - [MgGui.dll] 
   場所 System.Environment.GetStackTrace(Exception e, Boolean needFileInfo)
   場所 System.Environment.get_StackTrace()
   場所 com.magicsoftware.rte.CoreExecutor.WriteExceptionToLog(Int64 contextID, String msg)
   場所 com.magicsoftware.rte.com.magicsoftware.rte.dotnet.DNSnippetManager.ExecuteDotNetSnippet(String assemblyName, String methodName, IntPtr& expValsPtr, Int32 expValsCount)
   場所 com.magicsoftware.rte.RteExecutor.ExecuteDotNetSnippet(String assemblyName, String methodName, IntPtr& expValsPtr, Int32 expValsCount)
   場所 RteExecutorEndpoint.InvokeExecuteDotNetSnippet(String assemblyName, String methodName, IntPtr& expValsPtr, Int32 expValsCount)
   場所 RteExecutorBridge.ExecuteDotNetSnippet(RteExecutorBridge* , SByte* assemblyName, SByte* methodName, UnmanagedExpVal** expVals, Int32 expValsCount)
   場所 CoreExecutorEndpoint.EventsLoop()
   場所 CoreExecutorGateway.EventsLoop()
   場所 com.magicsoftware.rte.RTEmanager.ExecuteWorkThread()
   場所 System.Threading.ThreadHelper.ThreadStart_Context(Object state)
   場所 System.Threading.ExecutionContext.RunInternal(ExecutionContext executionContext, ContextCallback callback, Object state, Boolean preserveSyncCtx)
   場所 System.Threading.ExecutionContext.Run(ExecutionContext executionContext, ContextCallback callback, Object state, Boolean preserveSyncCtx)
   場所 System.Threading.ExecutionContext.Run(ExecutionContext executionContext, ContextCallback callback, Object state)
   場所 System.Threading.ThreadHelper.ThreadStart(), Program: "売価入力　　　　　　　　　画面.PDF帳票CSV変換　　　　　　処理".
 <-1> 09/07/2026 16:46:11.045     [Error  ] - アセンブリのロードに失敗しました : "E:\xpa4\PAC-MYSQL\DLL\System.Web.Extensions.dll"
"ファイルまたはアセンブリ 'System.Web.Extensions.dll'、またはその依存関係の 1 つが読み込めませんでした。指定されたファイルが見つかりません。"
 <-1> 14/07/2026 11:30:20.167     [Error  ] - 警告:照会モードのためレコードは修正できません., Program: "得意先ﾒﾝﾃﾅﾝｽ(ﾗｲﾝ) 　　　　画面".
 <-1> 14/07/2026 11:32:35.266     [Error  ] - 警告:照会モードのためレコードは修正できません., Program: "得意先ﾒﾝﾃﾅﾝｽ(ﾗｲﾝ) 　　　　画面".
 <-1> 14/07/2026 11:39:32.044     [Error  ] - 警告:照会モードのためレコードは修正できません., Program: "得意先ﾒﾝﾃﾅﾝｽ(ﾗｲﾝ) 　　　　画面".
 <-1> 14/07/2026 11:40:47.174     [Error  ] - 警告:照会モードのためレコードは修正できません., Program: "得意先ﾒﾝﾃﾅﾝｽ(ﾗｲﾝ) 　　　　画面".
 <-1> 14/07/2026 11:40:51.011     [Error  ] - 警告:照会モードのためレコードは修正できません., Program: "得意先ﾒﾝﾃﾅﾝｽ(ﾗｲﾝ) 　　　　画面".
 <-1> 14/07/2026 13:56:47.068     [Error  ] - 警告:照会モードのためレコードは修正できません., Program: "メインメニュー　　　　　　画面.サブメニュー起動.得意先ﾒﾝﾃﾅﾝｽ(ﾗｲﾝ) 　　　　画面".
 <-1> 14/07/2026 14:48:09.507     [Error  ] - 警告:照会モードのためレコードは修正できません., Program: "メインメニュー　　　　　　画面.サブメニュー起動.商品ﾒﾝﾃﾅﾝｽ(ﾗｲﾝ)　 　　　　画面".
 <-1> 14/07/2026 16:19:35.344     [Error  ] - 警告:照会モードのためレコードは修正できません., Program: "メインメニュー　　　　　　画面.サブメニュー起動.得意先ﾒﾝﾃﾅﾝｽ(ﾗｲﾝ) 　　　　画面".
 <-1> 14/07/2026 23:57:04.100     [Error  ] - 明細入力済みのため変更できません。, Program: "売上一覧　　　　　　　　　画面.売上表紙 表示(SQL).売上入力　　　　　　　　　画面".
 <-1> 14/07/2026 23:57:07.278     [Error  ] - 明細入力済みのため変更できません。, Program: "売上一覧　　　　　　　　　画面.売上表紙 表示(SQL).売上入力　　　　　　　　　画面".
 <-1> 14/07/2026 23:57:09.460     [Error  ] - 明細入力済みのため変更できません。, Program: "売上一覧　　　　　　　　　画面.売上表紙 表示(SQL).売上入力　　　　　　　　　画面".
 <-1> 14/07/2026 23:59:52.662     [Error  ] - 明細入力済みのため変更できません。, Program: "売上一覧　　　　　　　　　画面.売上表紙 表示(SQL).売上入力　　　　　　　　　画面".
 <-1> 14/07/2026 23:59:54.390     [Error  ] - 明細入力済みのため変更できません。, Program: "売上一覧　　　　　　　　　画面.売上表紙 表示(SQL).売上入力　　　　　　　　　画面".
 <-1> 14/07/2026 23:59:56.645     [Error  ] - 明細入力済みのため変更できません。, Program: "売上一覧　　　　　　　　　画面.売上表紙 表示(SQL).売上入力　　　　　　　　　画面".
 <-1> 14/07/2026 23:59:58.028     [Error  ] - 明細入力済みのため変更できません。, Program: "売上一覧　　　　　　　　　画面.売上表紙 表示(SQL).売上入力　　　　　　　　　画面".
 <-1> 15/07/2026 00:00:11.153     [Error  ] - 明細入力済みのため変更できません。, Program: "売上一覧　　　　　　　　　画面.売上表紙 表示(SQL).売上入力　　　　　　　　　画面".
 <-1> 15/07/2026 00:00:13.189     [Error  ] - 明細入力済みのため変更できません。, Program: "売上一覧　　　　　　　　　画面.売上表紙 表示(SQL).売上入力　　　　　　　　　画面".
 <-1> 15/07/2026 09:53:07.806     [Error  ] - 範囲内のレコードがありません., Program: "照会 - F_売上明細_ﾌｧｲﾙ".
 <-1> 15/07/2026 11:30:15.073     [Error  ] - SQLコマンドが正しくありません.データベース.: MySQL Database, Program: "売上一覧　　　　　　　　　画面.売上表紙 表示(SQL)".
 <-1> 15/07/2026 11:30:15.074     [Error  ] - [MySQL][ODBC 8.0(a) Driver][mysqld-8.0.35]Incorrect DATE value: '0000-00-00', Program: "売上一覧　　　　　　　　　画面.売上表紙 表示(SQL)".
 <-1> 15/07/2026 11:30:15.608     [Error  ] - ソート/一時データソースを作成できません., Program: "売上一覧　　　　　　　　　画面.売上表紙 表示(SQL)".
 <-1> 15/07/2026 11:30:16.008     [Error  ] - SQLコマンドが正しくありません.データベース.: MySQL Database, Program: "売上一覧　　　　　　　　　画面.売上表紙 表示(SQL)".
 <-1> 15/07/2026 11:30:16.008     [Error  ] - [MySQL][ODBC 8.0(a) Driver][mysqld-8.0.35]Incorrect DATE value: '0000-00-00', Program: "売上一覧　　　　　　　　　画面.売上表紙 表示(SQL)".
 <-1> 15/07/2026 11:30:17.315     [Error  ] - ソート/一時データソースを作成できません., Program: "売上一覧　　　　　　　　　画面.売上表紙 表示(SQL)".
 <-1> 15/07/2026 13:42:23.727     [Error  ] - 警告:照会モードのためレコードは修正できません., Program: "買掛一覧　　　　　　　　　画面.買掛一覧 表示".
 <-1> 15/07/2026 13:42:27.407     [Error  ] - 警告:照会モードのためレコードは修正できません., Program: "買掛一覧　　　　　　　　　画面.買掛一覧 表示".
 <-1> 15/07/2026 13:42:30.157     [Error  ] - 警告:照会モードのためレコードは修正できません., Program: "買掛一覧　　　　　　　　　画面.買掛一覧 表示".
 <-1> 15/07/2026 13:42:32.716     [Error  ] - 警告:照会モードのためレコードは修正できません., Program: "買掛一覧　　　　　　　　　画面.買掛一覧 表示".
 <-1> 15/07/2026 13:42:35.302     [Error  ] - 警告:照会モードのためレコードは修正できません., Program: "買掛一覧　　　　　　　　　画面.買掛一覧 表示".
 <-1> 15/07/2026 13:42:38.633     [Error  ] - 警告:照会モードのためレコードは修正できません., Program: "買掛一覧　　　　　　　　　画面.買掛一覧 表示".
 <-1> 15/07/2026 13:42:40.598     [Error  ] - 警告:照会モードのためレコードは修正できません., Program: "買掛一覧　　　　　　　　　画面.買掛一覧 表示".
 <-1> 15/07/2026 13:42:43.818     [Error  ] - 警告:照会モードのためレコードは修正できません., Program: "買掛一覧　　　　　　　　　画面.買掛一覧 表示".
 <-1> 15/07/2026 14:06:15.351     [Error  ] - SQLコマンドが正しくありません.データベース.: MySQL Database, Program: "得意先　　　　　　　　　　検索".
 <-1> 15/07/2026 14:06:15.351     [Error  ] - [MySQL][ODBC 8.0(a) Driver][mysqld-8.0.35]You have an error in your SQL syntax; check the manual that corresponds to your MySQL server version for the right syntax to use near ') = ''    OR TRIM(c.name_kana) LIKE CONCAT('%', TRIM(), '%')    OR TRIM(c.name) ' at line 1, Program: "得意先　　　　　　　　　　検索".
 <-1> 15/07/2026 14:06:27.111     [Error  ] - ソート/一時データソースを作成できません., Program: "得意先　　　　　　　　　　検索".
 <-1> 15/07/2026 14:10:47.641     [Error  ] - 設定されているタスク初期モードは使用できません., Program: "得意先　　　　　　　　　　検索".
 <-1> 16/07/2026 09:07:16.361     [Error  ] - SQLコマンドが正しくありません.データベース.: MySQL Database, Program: "売掛一覧　　　　　　　　　画面.売掛計算処理(SQL)".
 <-1> 16/07/2026 09:07:16.362     [Error  ] - [MySQL][ODBC 8.0(a) Driver][mysqld-8.0.43]The user specified as a definer ('root'@'127.0.0.1') does not exist, Program: "売掛一覧　　　　　　　　　画面.売掛計算処理(SQL)".
 <-1> 17/07/2026 23:10:31.120     [Error  ] - オープンできません.データソース: system_company, Program: "共通ﾊﾟﾗﾒｰﾀ　　　　　　　　設定".
 <-1> 23/07/2026 23:32:59.443     [Error  ] - 更新できません.データソース: supplier, Program: "仕入先ﾒﾝﾃﾅﾝｽ(ﾗｲﾝ) 　　　　画面.仕入先削除".
 <-1> 23/07/2026 23:33:23.323     [Error  ] - 更新できません.データソース: supplier, Program: "仕入先ﾒﾝﾃﾅﾝｽ(ﾗｲﾝ) 　　　　画面.仕入先削除".
 <-1> 23/07/2026 23:33:28.803     [Error  ] - このレコードは他のユーザが削除/更新しました., Program: "仕入先ﾒﾝﾃﾅﾝｽ(ﾗｲﾝ) 　　　　画面".
 <-1> 23/07/2026 23:33:28.805     [Error  ] - レコードは失われていました., Program: "仕入先ﾒﾝﾃﾅﾝｽ(ﾗｲﾝ) 　　　　画面".
 <-1> 23/07/2026 23:33:34.805     [Error  ] - このレコードは他のユーザが削除/更新しました., Program: "仕入先ﾒﾝﾃﾅﾝｽ(ﾗｲﾝ) 　　　　画面".
 <-1> 23/07/2026 23:33:34.808     [Error  ] - レコードは失われていました., Program: "仕入先ﾒﾝﾃﾅﾝｽ(ﾗｲﾝ) 　　　　画面".
 <-1> 23/07/2026 23:33:39.340     [Error  ] - 更新できません.データソース: supplier, Program: "仕入先ﾒﾝﾃﾅﾝｽ(ﾗｲﾝ) 　　　　画面.仕入先削除".
 <-1> 23/07/2026 23:36:36.653     [Error  ] - このレコードは他のユーザが削除/更新しました., Program: "仕入先ﾒﾝﾃﾅﾝｽ(ﾗｲﾝ) 　　　　画面".
 <-1> 23/07/2026 23:36:36.656     [Error  ] - レコードは失われていました., Program: "仕入先ﾒﾝﾃﾅﾝｽ(ﾗｲﾝ) 　　　　画面".
 <-1> 23/07/2026 23:37:42.682     [Error  ] - このレコードは他のユーザが削除/更新しました., Program: "仕入先ﾒﾝﾃﾅﾝｽ(ﾗｲﾝ) 　　　　画面".
 <-1> 23/07/2026 23:37:42.684     [Error  ] - レコードは失われていました., Program: "仕入先ﾒﾝﾃﾅﾝｽ(ﾗｲﾝ) 　　　　画面".
 <-1> 23/07/2026 23:44:18.866     [Error  ] - このレコードは他のユーザが削除/更新しました., Program: "得意先ﾒﾝﾃﾅﾝｽ(ﾗｲﾝ) 　　　　画面".
 <-1> 23/07/2026 23:44:18.874     [Error  ] - レコードは失われていました., Program: "得意先ﾒﾝﾃﾅﾝｽ(ﾗｲﾝ) 　　　　画面".
 <-1> 24/07/2026 12:17:22.722     [Error  ] - インデックスが重複しています.データソース: WKBIKNW, Program: "売価入力　　　　　　　　　画面.ファイル転送　　　　　　　処理".
 <-1> 24/07/2026 23:38:52.142     [Error  ] - SQLコマンドが正しくありません.データベース.: MySQL Database, Program: "請求計算処理(SQL)".
 <-1> 24/07/2026 23:38:52.145     [Error  ] - [MySQL][ODBC 8.0(a) Driver][mysqld-8.0.35]Incorrect date value: '0000-00-00' for column 'p_end_date' at row 1, Program: "請求計算処理(SQL)".
 <-1> 28/07/2026 13:34:20.586     [Error  ] - SQLコマンドが正しくありません.データベース.: MySQL Database, Program: "売掛一覧　　　　　　　　　画面.売掛一覧 表示.売掛詳細計算　　　　　　　処理.合計元帳WORK 作成(SQL)".
 <-1> 28/07/2026 13:34:20.588     [Error  ] - [MySQL][ODBC 8.0(a) Driver][mysqld-8.0.43]Table 'shiraki.ordered' doesn't exist, Program: "売掛一覧　　　　　　　　　画面.売掛一覧 表示.売掛詳細計算　　　　　　　処理.合計元帳WORK 作成(SQL)".
 <-1> 03/08/2026 10:06:48.415     [Error  ] - インデックスが重複しています.データソース: WRKURML, Program: "売上一覧　　　　　　　　　画面.売上入力　　　　　　　　　画面.明細入力".
 <-1> 03/08/2026 11:36:44.552     [Error  ] - 範囲内のレコードがありません., Program: "照会 - F_売上明細_ﾌｧｲﾙ".
 <-1> 04/08/2026 11:20:23.691     [Error  ] - 範囲内のレコードがありません., Program: "照会 - F_売上明細_ﾌｧｲﾙ".
 <-1> 14/09/2026 13:19:33.393     [Error  ] - 範囲内のレコードがありません., Program: "売上入力　　　　　　　　　画面.売上伝票　　　　　　　　　検索".
 <-1> 18/09/2026 10:47:51.427     [Error  ] - オープンできません.データソース: system_company, Program: "共通ﾊﾟﾗﾒｰﾀ　　　　　　　　設定".
 <-1> 18/09/2026 10:48:29.911     [Error  ] - オープンできません.データソース: system_company, Program: "共通ﾊﾟﾗﾒｰﾀ　　　　　　　　設定".
 <-1> 18/09/2026 10:48:53.061     [Error  ] - オープンできません.データソース: report, Program: "売上入力　　　　　　　　　画面".
