商品CD    , 商品名    , 商品名カナ       , 小分類CD      , 小分類名
             ,                                                                    ,                                                                   ,      ,
     00000001, テスト001                                                          , ﾃｽﾄ                                                               ,     1, 水菜
     00000002,                                                                    ,                                                                   ,      ,
     00000005, テスト                                                             , ﾃｽﾄ                                                               ,    10, クレソン
     00000100, timestamp                                                          , ﾄｸﾊﾞｲ                                                             ,     1, 水菜
     00000101, Magic.                                                             , Aﾐｽﾞﾅ                                                             ,     1, 水菜
     00000102, Magic434                                                           , ｷﾘﾐｽﾞﾅ                                                            ,     1, 水菜
     00000103, the dll is working!2                                               , ｱｶｼﾞｸﾐｽﾞﾅ                                                         ,     1, 水菜
     00000130, shiki   5                                                          , ﾄｸﾊﾞｲﾖｳ                                                           ,     2, ほうれん草
     00000131, shiki   6                                                          , Aﾎｳﾚﾝｿｳ                                                           ,     2, ほうれん草
     00000132, shiki   7                                                          , ﾁﾁﾞﾐﾎｳﾚﾝｿｳ                                                        ,     2, ほうれん草
     00000133, a deleted!                                                         , ｻﾗﾀﾞﾎｳﾚﾝｿｳ                                                        ,     2, ほうれん草
     00000160, shiki   deleted                                                    , ﾄｸﾊﾞｲﾖｳ                                                           ,     3, 小松菜
     00000161, shiki  10                                                          , Aｺﾏﾂﾅ                                                             ,     3, 小松菜
     00000162, shiki  11                                                          , ｻﾗﾀﾞｺﾏﾂﾅ                                                          ,     3, 小松菜
     00000190, shiki  12                                                          , ﾄｸﾊﾞｲﾖｳ                                                           ,     4, 春菊
     00000191, shiki  13                                                          , ｼｭﾝｷﾞｸ                                                            ,     4, 春菊
     00000192, shiki  14                                                          , ｻﾗﾀﾞｼｭﾝｷﾞｸ                                                        ,     4, 春菊
     00000210, shiki  15                                                          , ﾄｸﾊﾞｲﾖｳ                                                           ,     5, チンゲン菜
     00000211, shiki  16                                                          , ﾁﾝｹﾞﾝｻｲ                                                           ,     5, チンゲン菜
     00000212, shiki  17                                                          , ﾐﾆﾁﾝｹﾞﾝｻｲ                                                         ,     5, チンゲン菜
     00000240, shiki  18                                                          , ﾄｸﾊﾞｲﾖｳ                                                           ,     6, レタス
     00000241, shiki  19                                                          , ﾀﾏﾚﾀｽﾚﾀｽ                                                          ,     6, レタス
     00000242, shiki  20                                                          , ｻﾆｰﾚﾀｽ                                                            ,     6, レタス
     00000243, shiki  21                                                          , ｸﾞﾘｰﾝﾘｰﾌ                                                          ,     6, レタス
     00000244, shiki  22                                                          , ﾋﾟﾝｸﾛｯｻ                                                           ,     6, レタス
     00000245, shiki  23                                                          , ﾛﾒｲﾝﾚﾀｽ                                                           ,     6, レタス
     00000246, shiki  24                                                          , ﾌﾘﾙﾚﾀｽ                                                            ,     6, レタス
     00000247, shiki  25                                                          , ｻﾝﾁｭﾚﾀｽｻﾝﾁｪﾚﾀｽ                                                    ,     6, レタス
     00000248, shiki  26                                                          , ｸﾞﾘｰﾝﾌﾗﾜｰﾚﾀｽ                                                      ,     6, レタス
     00000249, shiki  27                                                          , ﾚｯﾄﾞﾘｰﾌ                                                           ,     6, レタス
     00000270, shiki  28                                                          , ﾄｸﾊﾞｲﾖｳ                                                           ,     7, キャベツ
     00000271, shiki  29                                                          , ｶﾝﾀﾞﾏｷｬﾍﾞﾂ                                                        ,     7, キャベツ
     00000272, shiki  30                                                          , ﾜｾｷｬﾍﾞﾂ                                                           ,     7, キャベツ
     00000273, shiki  31                                                          , ﾁｭｳﾜｾｷｬﾍﾞﾂ                                                        ,     7, キャベツ
     00000274, shiki  32                                                          , ﾚｯﾄﾞｷｬﾍﾞﾂ　ｱｶｷｬﾍﾞﾂ                                                ,     7, キャベツ
     00000275, shiki  33                                                          , ﾒｷｬﾍﾞﾂ                                                            ,     7, キャベツ
     00000300, shiki  34                                                          , ﾄｸﾊﾞｲﾖｳ                                                           ,     8, 白菜
     00000301, shiki  35                                                          , ﾊｸｻｲ                                                              ,     8, 白菜
     00000330, shiki  36                                                          , ﾄｸﾊﾞｲﾖｳ                                                           ,     9, アスパラ
     00000331, shiki  37                                                          , ｱｽﾊﾟﾗ                                                             ,     9, アスパラ
     00000332, shiki  38                                                          , ﾎﾜｲﾄｱｽﾊﾟﾗ                                                         ,     9, アスパラ
     00000333, shiki  39                                                          , ﾐﾆｱｽﾊﾟﾗ                                                           ,     9, アスパラ
     00000360, shiki  40                                                          , ﾄｸﾊﾞｲﾖｳ                                                           ,    10, クレソン
     00000361, shiki  41                                                          , ｸﾚｿﾝ                                                              ,    10, クレソン
     00000362, shiki  42                                                          , ﾕｳｾﾝｸﾚｿﾝ                                                          ,    10, クレソン
     00000390, shiki  43                                                          , ﾄｸﾊﾞｲﾖｳ                                                           ,    11, セロリ
     00000391, shiki  44                                                          , ｾﾛﾘ                                                               ,    11, セロリ
     00000392, shiki  45                                                          , ｾﾛﾘﾊﾞﾗ                                                            ,    11, セロリ
     00000393, shiki  46                                                          , ﾎﾜｲﾄｾﾛﾘ                                                           ,    11, セロリ
     00000420, shiki  47                                                          , ﾄｸﾊﾞｲﾖｳ                                                           ,    12, カリフラワー
     00000421, shiki  48                                                          , ｶﾘﾌﾗﾜｰ                                                            ,    12, カリフラワー
     00000422, shiki  49                                                          , ﾛﾏﾈｽｸ                                                             ,    12, カリフラワー
     00000423, shiki  50                                                          , ｵﾚﾝｼﾞｶﾘﾌﾗﾜｰ                                                       ,    12, カリフラワー
     00000424, shiki  51                                                          , ﾑﾗｻｷｶﾘﾌﾗﾜｰ                                                        ,    12, カリフラワー
     00000450, shiki  52                                                          , ﾄｸﾊﾞｲﾖｳ                                                           ,    13, ブロッコリー
     00000451, shiki  53                                                          , Aﾌﾞﾛｯｺﾘｰ                                                          ,    13, ブロッコリー
     00000452, shiki  54                                                          , ｽﾃｨｯｸｾﾆｮｰﾙ                                                        ,    13, ブロッコリー
     00000480, shiki  55                                                          , ﾄｸﾊﾞｲﾖｳ                                                           ,    14, ニラ
     00000481, shiki  56                                                          , ﾆﾗ                                                                ,    14, ニラ
     00000482, shiki  57                                                          , ｷﾆﾗ                                                               ,    14, ニラ
     00000510, shiki  58                                                          , ﾄｸﾊﾞｲﾖｳ                                                           ,    15, ネギ
     00000511, shiki  59                                                          , ｼﾛﾈｷﾞ                                                             ,    15, ネギ
     00000512, shiki  60                                                          , ｼﾝｼﾛﾈｷﾞ                                                           ,    15, ネギ
     00000513, shiki  61                                                          , ｺﾈｷﾞ ｽﾘﾑ                                                          ,    15, ネギ
     00000514, shiki  62                                                          , ﾒﾈｷﾞ                                                              ,    15, ネギ
     00000515, shiki  63                                                          , ｸｼﾞｮｳﾈｷﾞ                                                          ,    15, ネギ
     00000516, shiki  64                                                          , ｵｵﾈｷﾞ                                                             ,    15, ネギ
     00000517, shiki  65                                                          , ﾁｭｳﾈｷﾞ                                                            ,    15, ネギ
     00000518, shiki  66                                                          , ｻﾔｶﾋﾒ                                                             ,    15, ネギ
     00000519, shiki  67                                                          , ｺｳﾄｳﾈｷﾞ                                                           ,    15, ネギ
     00000520, shiki  68                                                          , ﾋﾄﾓｼﾞ                                                             ,    15, ネギ
     00000540, shiki  69                                                          , ﾄｸﾊﾞｲﾖｳ                                                           ,    16, パセリ
     00000541, shiki  70                                                          , ﾊﾟｾﾘ                                                              ,    16, パセリ
     00000542, shiki  71                                                          , ﾊﾟｾﾘﾊﾞﾗ                                                           ,    16, パセリ
     00000600, shiki  72                                                          , ｿﾉﾀﾊﾓﾉ                                                            ,    17, その他葉物
     00000700, shiki  73                                                          , ﾄｸﾊﾞｲﾖｳ                                                           ,    18, トマト
     00000701, shiki  74                                                          , Aﾄﾏﾄ                                                              ,    18, トマト
     00000702, shiki  75                                                          , ｵﾄｸﾖｳﾄﾏﾄ                                                          ,    18, トマト
     00000703, shiki  76                                                          , ﾌﾙｰﾂﾄﾏﾄ                                                           ,    18, トマト
     00000704, shiki  77                                                          , ﾌｧﾝｺﾞｯﾎﾄﾏﾄ                                                        ,    18, トマト
     00000705, shiki  78                                                          , ﾐﾃﾞｲﾄﾏﾄ                                                           ,    18, トマト
     00000706, shiki  79                                                          , ｶﾝﾊﾟﾘﾐﾃﾞｨﾄﾏﾄ                                                      ,    18, トマト
     00000730, shiki  80                                                          , ﾄｸﾊﾞｲﾖｳ                                                           ,    19, ミニトマト
     00000731, shiki  81                                                          , Aﾐﾆﾄﾏﾄ                                                            ,    19, ミニトマト
     00000732, shiki  82                                                          , ｲｴﾛｰﾐﾆﾄﾏﾄ                                                         ,    19, ミニトマト
     00000733, shiki  83                                                          , ｸﾞﾘｰﾝﾐﾆﾄﾏﾄ                                                        ,    19, ミニトマト
     00000734, shiki  84                                                          , ﾋﾟﾝｸﾐﾆﾄﾏﾄ                                                         ,    19, ミニトマト
     00000735, shiki  85                                                          , ﾑﾗｻｷﾐﾆﾄﾏﾄ                                                         ,    19, ミニトマト
     00000736, shiki  86                                                          , ｵﾚﾝｼﾞﾐﾆﾄﾏﾄ                                                        ,    19, ミニトマト
     00000737, shiki  87                                                          , ｱｲｺﾐﾆﾄﾏﾄ                                                          ,    19, ミニトマト
     00000738, shiki  88                                                          , ﾏｲｸﾛﾐﾆﾄﾏﾄ                                                         ,    19, ミニトマト
     00000739, shiki  89                                                          , ﾎｳｽﾞｷ                                                             ,    19, ミニトマト
     00000760, shiki  90                                                          , ﾄｸﾊﾞｲﾖｳ                                                           ,    20, とうもろこし
     00000761, shiki  91                                                          , ｺﾞｰﾙﾄﾞﾗｯｼｭ                                                        ,    20, とうもろこし
     00000762, shiki  92                                                          , ﾒｸﾞﾐﾐﾗｲｺｰﾝ                                                        ,    20, とうもろこし
     00000763, shiki  93                                                          , ｲｴﾛｰｺｰﾝ                                                           ,    20, とうもろこし
     00000764, shiki  94                                                          , ﾎﾜｲﾄｺｰﾝ                                                           ,    20, とうもろこし
     00000765, shiki  95                                                          , ﾕｷﾉﾖｲｳｾｲ                                                          ,    20, とうもろこし
     00000766, shiki  96                                                          , ﾄﾞﾙﾁｪﾄﾞﾘｰﾑ                                                        ,    20, とうもろこし
     00000790, shiki  97                                                          , ﾄｸﾊﾞｲﾖｳ                                                           ,    21, 胡瓜
     00000791, shiki  98                                                          , Aｷｭｳﾘ                                                             ,    21, 胡瓜
     00000792, shiki  99                                                          , ｷｭｳﾘﾕｳﾋﾝ                                                          ,    21, 胡瓜
     00000793, shiki 100                                                          , ﾓﾛｷｭｳﾘ                                                            ,    21, 胡瓜
     00000794, shiki 101                                                          , ｷｭｳﾘﾉﾊﾅ                                                           ,    21, 胡瓜
     00000795, shiki 102                                                          , ｶｶﾞﾌﾞﾄｷｭｳﾘ                                                        ,    21, 胡瓜
     00000796, shiki 103                                                          , ｼﾛｳﾘ                                                              ,    21, 胡瓜
     00000820, shiki 104                                                          , ﾄｸﾊﾞｲﾄｳ                                                           ,    22, 南瓜
     00000821, shiki 105                                                          , ｴﾋﾞｽｶﾎﾞﾁｬ                                                         ,    22, 南瓜
     00000822, shiki 106                                                          , ｸﾘｶﾎﾞﾁｬ                                                           ,    22, 南瓜
     00000823, shiki 107                                                          , ｿｳﾒﾝｶﾎﾞﾁｬ                                                         ,    22, 南瓜
     00000824, shiki 108                                                          , ｸﾛｶﾜｶﾎﾞﾁｬ                                                         ,    22, 南瓜
     00000825, shiki 109                                                          , ﾎﾞｯﾁｬﾝｶﾎﾞﾁｬ                                                       ,    22, 南瓜
     00000826, shiki 110                                                          , ｼｶｶﾞﾀﾆﾅﾝｷﾝ                                                        ,    22, 南瓜
     00000827, shiki 111                                                          , ｶｽｶﾞﾎﾞｳﾌﾞﾗﾅﾝｷﾝ                                                    ,    22, 南瓜
     00000828, shiki 112                                                          , ﾊﾞﾀｰﾅｯﾂｶﾎﾞﾁｬ                                                      ,    22, 南瓜
     00000829, shiki 113                                                          , ｺﾘﾝｷｰﾅﾝｷﾝ                                                         ,    22, 南瓜
     00000830, shiki 114                                                          , ﾌﾟｯﾁｰﾆ                                                            ,    22, 南瓜
     00000860, shiki 115                                                          , ﾄｸﾊﾞｲﾖｳ                                                           ,    23, 冬瓜
     00000861, shiki 116                                                          , ﾄｳｶﾞﾝ                                                             ,    23, 冬瓜
     00000862, shiki 117                                                          , ﾐﾆﾄｳｶﾞﾝ                                                           ,    23, 冬瓜
     00000890, shiki 118                                                          , ﾄｳｶﾞﾝ                                                             ,    24, ズッキーニ
     00000891, shiki 119                                                          , Aｽﾞｯｷｰﾆ                                                           ,    24, ズッキーニ
     00000892, shiki 120                                                          , ｲｴﾛｰｽﾞｯｷｰﾆ                                                        ,    24, ズッキーニ
     00000893, shiki 121                                                          , ﾊﾅﾂｷｽﾞｯｷｰﾆ                                                        ,    24, ズッキーニ
     00000894, shiki 122                                                          , ﾏﾙｽﾞｯｷｰﾆ                                                          ,    24, ズッキーニ
     00000895, shiki 123                                                          , ﾕｰﾌｫｰｽﾞｯｷｰﾆ                                                       ,    24, ズッキーニ
     00000920, shiki 124                                                          , ﾄｸﾊﾞｲﾖｳ                                                           ,    25, レイシ
     00000921, shiki 125                                                          , ｴﾗﾌﾞﾚｲｼ                                                           ,    25, レイシ
     00000922, shiki 126                                                          , ｳﾘｵﾄﾒ                                                             ,    25, レイシ
     00000950, shiki 127                                                          , ﾄｸﾊﾞｲﾖｳ                                                           ,    26, 茄子
     00000951, shiki 128                                                          , ﾁｸﾖｳﾅｽ                                                            ,    26, 茄子
     00000952, shiki 129                                                          , ﾄｸﾖｳﾅｽ                                                            ,    26, 茄子
     00000953, shiki 130                                                          , ｱｶﾅｽ                                                              ,    26, 茄子
     00000954, shiki 131                                                          , ﾋｺﾞﾑﾗｻｷ　ｱｶﾅｽ                                                     ,    26, 茄子
     00000955, shiki 132                                                          , Aﾅｶﾞﾅｽ                                                            ,    26, 茄子
     00000956, shiki 133                                                          , ｼﾝﾅｶﾞﾅｽ                                                           ,    26, 茄子
     00000957, shiki 134                                                          , ﾍﾞｲﾅｽ                                                             ,    26, 茄子
     00000958, shiki 135                                                          , ｼﾛﾍﾞｲﾅｽ                                                           ,    26, 茄子
     00000959, shiki 136                                                          , ﾏﾙﾅｽ                                                              ,    26, 茄子
     00000960, shiki 137                                                          , ｶﾓﾅｽ                                                              ,    26, 茄子
     00000961, shiki 138                                                          , ﾐｽﾞﾅｽ                                                             ,    26, 茄子
     00000962, shiki 139                                                          , ｺﾅｽ                                                               ,    26, 茄子
     00000963, shiki 140                                                          , ﾊﾞｯﾃﾝﾅｽ                                                           ,    26, 茄子
     00000980, shiki 141                                                          , ﾄｸﾊﾞｲﾖｳ                                                           ,    27, ピーマン
     00000981, shiki 142                                                          , ﾋﾟｰﾏﾝ                                                             ,    27, ピーマン
     00000982, shiki 143                                                          , ｼﾝﾋﾟｰﾏﾝ                                                           ,    27, ピーマン
     00000983, shiki 144                                                          , ﾜﾝﾀﾞｰﾋﾟｰﾏﾝ                                                        ,    27, ピーマン
     00000984, shiki 145                                                          , ｱｶﾋﾟｰﾏﾝ                                                           ,    27, ピーマン
     00001010, shiki 146                                                          , ﾄｸﾊﾞｲﾖｳ                                                           ,    28, パプリカ
     00001011, shiki 147                                                          , ｼﾞｬﾝﾎﾞｱｶ ﾊﾟﾌﾟﾘｶ                                                   ,    28, パプリカ
     00001012, shiki 148                                                          , ｼﾞｬﾝﾎﾞｷ ﾊﾟﾌﾟﾘｶ                                                    ,    28, パプリカ
     00001013, shiki 149                                                          , ﾌﾙｰﾂﾊﾟﾌﾟﾘｶ                                                        ,    28, パプリカ
     00001040, shiki 150                                                          , ﾄｸﾊﾞｲﾖｳ                                                           ,    29, 青唐
     00001041, shiki 151                                                          , ｼｼﾄｳｱｵﾄｳ                                                          ,    29, 青唐
     00001042, shiki 152                                                          , ｱﾏﾅｶﾞｼｼﾄｳ                                                         ,    29, 青唐
     00001043, shiki 153                                                          , ﾌｼﾐｱﾏﾅｶﾞ                                                          ,    29, 青唐
     00001044, shiki 154                                                          , ｻﾗﾀﾞｱﾏﾅｶﾞ                                                         ,    29, 青唐
     00001045, shiki 155                                                          , ﾏﾝｶﾞﾝｼﾞｼｼﾄｳ                                                       ,    29, 青唐
     00001046, shiki 156                                                          , ﾋﾉｸﾆｱﾏﾄｳ                                                          ,    29, 青唐
     00001047, shiki 157                                                          , ｱｵﾄｳｶﾞﾗｼ                                                          ,    29, 青唐
     00001048, shiki 158                                                          , ｱｶﾄｳｶﾞﾗｼ                                                          ,    29, 青唐
     00001070, shiki 159                                                          , ﾄｸﾊﾞｲﾖｳ                                                           ,    30, 豆
     00001071, shiki 160                                                          , ｱｰﾛﾝﾏﾒ                                                            ,    30, 豆
     00001072, shiki 161                                                          , ﾋﾗｲﾝｹﾞﾝ                                                           ,    30, 豆
     00001073, shiki 162                                                          , ｼﾞｬﾝﾎﾞｲﾝｹﾞﾝ                                                       ,    30, 豆
     00001074, shiki 163                                                          , ﾓﾛｯｺｲﾝｹﾞﾝ                                                         ,    30, 豆
     00001075, shiki 164                                                          , ｷﾇｻﾔ                                                              ,    30, 豆
     00001076, shiki 165                                                          , ｽﾅｯﾌﾟｴﾝﾄﾞｳ　ｽﾅｯｸ                                                  ,    30, 豆
     00001077, shiki 166                                                          , ｿﾗﾏﾒ                                                              ,    30, 豆
     00001078, shiki 167                                                          , ｸﾞﾘｰﾝﾋﾟｰｽ                                                         ,    30, 豆
     00001079, shiki 168                                                          , ｳｽｲｴﾝﾄﾞｳ                                                          ,    30, 豆
     00001080, shiki 169                                                          , ﾅﾝｶｲﾐﾄﾞﾘ                                                          ,    30, 豆
     00001100, shiki 170                                                          , ｿﾎﾉﾀｶﾅ                                                            ,    31, その他果菜
     00001200, shiki 171                                                          , ﾄｸﾊﾞｲﾖｳ                                                           ,    32, かぶ
     00001201, shiki 172                                                          , ﾀﾞｲｶﾌﾞ                                                            ,    32, かぶ
     00001202, shiki 173                                                          , ﾁｭｳｶﾌﾞ                                                            ,    32, かぶ
     00001203, shiki 174                                                          , ｺｶﾌﾞ                                                              ,    32, かぶ
     00001204, shiki 175                                                          , ｱﾔﾒﾕｷｶﾌﾞ                                                          ,    32, かぶ
     00001205, shiki 176                                                          , ﾓﾓﾉｽｹｶﾌﾞ                                                          ,    32, かぶ
     00001206, shiki 177                                                          , ｱｶｶﾌﾞ                                                             ,    32, かぶ
     00001207, shiki 178                                                          , ｼｮｳｺﾞｳｲﾝｶﾌﾞ                                                       ,    32, かぶ
     00001230, shiki 179                                                          , ﾄｸﾊﾞｲﾖｳ                                                           ,    33, ごぼう
     00001231, shiki 180                                                          , ﾄﾞﾛﾂｷｺﾞﾎﾞｳ                                                        ,    33, ごぼう
     00001232, shiki 181                                                          , ｱﾗｲｺﾞﾎﾞｳ                                                          ,    33, ごぼう
     00001233, shiki 182                                                          , ｼﾝｱﾗｲｺﾞﾎﾞｳ                                                        ,    33, ごぼう
     00001234, shiki 183                                                          , ﾎﾘｶﾜｺﾞﾎﾞｳ                                                         ,    33, ごぼう
     00001235, shiki 184                                                          , ｵｵｳﾗｺﾞﾎﾞｳ                                                         ,    33, ごぼう
     00001236, shiki 185                                                          , ﾊｺﾞﾎﾞｳ                                                            ,    33, ごぼう
     00001260, shiki 186                                                          , ﾄｸﾊﾞｲﾖｳ                                                           ,    34, 大根
     00001261, shiki 187                                                          , Aﾀﾞｲｺﾝ                                                            ,    34, 大根
     00001262, shiki 188                                                          , ｻｸﾗｼﾞﾏﾀﾞｲｺﾝ                                                       ,    34, 大根
     00001263, shiki 189                                                          , ｼｮｳｺﾞｳｲﾝﾀﾞｲｺﾝ                                                     ,    34, 大根
     00001264, shiki 190                                                          , ｶﾗﾐﾀﾞｲｺﾝ                                                          ,    34, 大根
     00001265, shiki 191                                                          , ﾍﾞﾆｼｸﾞﾚﾀﾞｲｺﾝ                                                      ,    34, 大根
     00001266, shiki 192                                                          , ｱｶﾀﾞｲｺﾝ                                                           ,    34, 大根
     00001267, shiki 193                                                          , ｸﾛﾀﾞｲｺﾝ                                                           ,    34, 大根
     00001268, shiki 194                                                          , ｱｵｼﾝﾀﾞｲｺﾝ                                                         ,    34, 大根
     00001269, shiki 195                                                          , ｺｳｼﾝﾀﾞｲｺﾝ                                                         ,    34, 大根
     00001270, shiki 196                                                          , ﾗﾃﾞｨｯｼｭ ﾗﾚｼ                                                       ,    34, 大根
     00001271, shiki 197                                                          , ｻｼﾐﾀﾞｲｺﾝ                                                          ,    34, 大根
     00001290, shiki 198                                                          , ﾄｸﾊﾞｲﾖｳ                                                           ,    35, 人参
     00001291, shiki 199                                                          , Aﾆﾝｼﾞﾝ                                                            ,    35, 人参
     00001292, shiki 200                                                          , ｼﾝﾆﾝｼﾞﾝ                                                           ,    35, 人参
     00001293, shiki 201                                                          , ﾄｸﾖｳﾆﾝｼﾞﾝ                                                         ,    35, 人参
     00001294, shiki 202                                                          , ｷﾝﾄｷﾆﾝｼﾞﾝ                                                         ,    35, 人参
     00001295, shiki 203                                                          , ｸﾛﾆﾝｼﾞﾝ                                                           ,    35, 人参
     00001296, shiki 204                                                          , ﾑﾗｻｷﾆﾝｼﾞﾝ                                                         ,    35, 人参
     00001297, shiki 205                                                          , ｷｲﾛﾆﾝｼﾞﾝ                                                          ,    35, 人参
     00001298, shiki 206                                                          , ﾋﾒﾆﾝｼﾞﾝ                                                           ,    35, 人参
     00001320, shiki 207                                                          , ﾄｸﾊﾞｲﾖｳ                                                           ,    36, らっきょう
     00001321, shiki 208                                                          , ﾗｯｷｮ                                                              ,    36, らっきょう
     00001322, shiki 209                                                          , ｱﾗｲﾗｯｷｮ                                                           ,    36, らっきょう
     00001323, shiki 210                                                          , ｼﾏﾗｯｷｮﾗｯｷｮｳ                                                       ,    36, らっきょう
     00001324, shiki 211                                                          , ｴｼｬﾚｯﾄ                                                            ,    36, らっきょう
     00001350, shiki 212                                                          , ﾄｸﾊﾞｲﾖｳ                                                           ,    37, ビーツ
     00001351, shiki 213                                                          , ﾋﾞｰﾂ                                                              ,    37, ビーツ
     00001352, shiki 214                                                          , ｳｽﾞﾏｷﾋﾞｰﾂ                                                         ,    37, ビーツ
     00001353, shiki 215                                                          , ｵｳｺﾞﾝﾋﾞｰﾂ                                                         ,    37, ビーツ
     00001380, shiki 216                                                          , ﾄｸﾊﾞｲﾖｳ                                                           ,    38, 蓮根
     00001381, shiki 217                                                          , ﾚﾝｺﾝ                                                              ,    38, 蓮根
     00001382, shiki 218                                                          , ｼﾝﾚﾝｺﾝ                                                            ,    38, 蓮根
     00001383, shiki 219                                                          , ﾚﾝｺﾝﾉﾊ                                                            ,    38, 蓮根
     00001410, shiki 220                                                          , ﾄｸﾊﾞｲﾖｳ                                                           ,    39, わさび
     00001411, shiki 221                                                          , ｱｵｸﾁﾅﾏﾜｻﾋﾞ                                                        ,    39, わさび
     00001412, shiki 222                                                          , ﾊﾜｻﾋﾞ                                                             ,    39, わさび
     00001413, shiki 223                                                          , ﾊﾅﾜｻﾋﾞ                                                            ,    39, わさび
     00001414, shiki 224                                                          , ﾚﾎｰﾙ                                                              ,    39, わさび
     00001440, shiki 225                                                          , ﾄｸﾊﾞｲﾖｳ                                                           ,    40, 唐芋
     00001441, shiki 226                                                          , ﾍﾞﾆﾊﾙｶ                                                            ,    40, 唐芋
     00001442, shiki 227                                                          , ｼﾙｸｽｲｰﾄ                                                           ,    40, 唐芋
     00001443, shiki 228                                                          , ｼﾝｶﾗｲﾓﾍﾞﾆﾊﾙｶ                                                      ,    40, 唐芋
     00001444, shiki 229                                                          , ｼﾝｶﾗｲﾓｼﾙｸｽｲｰﾄ                                                     ,    40, 唐芋
     00001445, shiki 230                                                          , ﾅﾙﾄｷﾝﾄｷ                                                           ,    40, 唐芋
     00001446, shiki 231                                                          , ﾎｿｶﾗｲﾓﾍﾞﾆﾊﾙｶ                                                      ,    40, 唐芋
     00001447, shiki 232                                                          , ﾎｿｶﾗｲﾓｼﾙｸｽｲｰﾄ                                                     ,    40, 唐芋
     00001470, shiki 233                                                          , ﾄｸﾊﾞｲﾖｳ                                                           ,    41, 里芋
     00001471, shiki 234                                                          , ｻﾄｲﾓ                                                              ,    41, 里芋
     00001472, shiki 235                                                          , ｾﾚﾍﾞｽﾀﾞｲｷﾁ                                                        ,    41, 里芋
     00001473, shiki 236                                                          , ｷｮｳｲﾓ                                                             ,    41, 里芋
     00001474, shiki 237                                                          , ｵﾁｺｲﾓ                                                             ,    41, 里芋
     00001475, shiki 238                                                          , ｴﾋﾞｲﾓ                                                             ,    41, 里芋
     00001476, shiki 239                                                          , ﾊｽｲﾓ                                                              ,    41, 里芋
     00001477, shiki 240                                                          , ｼﾛﾈｲﾓ                                                             ,    41, 里芋
     00001478, shiki 241                                                          , ｽﾞｲｷ                                                              ,    41, 里芋
     00001500, shiki 242                                                          , ﾄｸﾊﾞｲﾖｳ                                                           ,    42, ジャガイモ
     00001501, shiki 243                                                          , Aﾒｰｸｲﾝ                                                            ,    42, ジャガイモ
     00001502, shiki 244                                                          , ｼﾝﾒｰｸｲﾝ                                                           ,    42, ジャガイモ
     00001503, shiki 245                                                          , ﾒｰｸｲﾝｼｮｳ                                                          ,    42, ジャガイモ
     00001504, shiki 246                                                          , ｼﾝﾒｰｸｲﾝｼｮｳ                                                        ,    42, ジャガイモ
     00001505, shiki 247                                                          , ﾀﾞﾝｼｬｸｲﾓ                                                          ,    42, ジャガイモ
     00001506, shiki 248                                                          , ｷﾀｱｶﾘ                                                             ,    42, ジャガイモ
     00001507, shiki 249                                                          , ｲﾝｶﾉﾒｻﾒ                                                           ,    42, ジャガイモ
     00001508, shiki 250                                                          , ﾉｰｻﾞﾝﾙﾋﾞｰ                                                         ,    42, ジャガイモ
     00001509, shiki 251                                                          , ﾃﾞｽﾄﾛｲﾔｰ                                                          ,    42, ジャガイモ
     00001530, shiki 252                                                          , ﾄｸﾊﾞｲﾖｳ                                                           ,    43, 玉ねぎ
     00001531, shiki 253                                                          , Aﾀﾏﾈｷﾞ                                                            ,    43, 玉ねぎ
     00001532, shiki 254                                                          , ｼﾝﾀﾏﾈｷﾞ                                                           ,    43, 玉ねぎ
     00001533, shiki 255                                                          , ｱｶﾀﾏﾈｷﾞ                                                           ,    43, 玉ねぎ
     00001534, shiki 256                                                          , ﾍﾟｺﾛｽ                                                             ,    43, 玉ねぎ
     00001535, shiki 257                                                          , ｴｼｬﾛｯﾄ                                                            ,    43, 玉ねぎ
     00001536, shiki 258                                                          , ﾊﾂｷﾀﾏﾈｷﾞ                                                          ,    43, 玉ねぎ
     00001537, shiki 259                                                          , ｼｵﾀﾏﾈｷﾞ                                                           ,    43, 玉ねぎ
     00001560, shiki 260                                                          , ﾄｸﾊﾞｲﾖｳ                                                           ,    44, 山芋
     00001561, shiki 261                                                          , ﾅｶﾞｲﾓ                                                             ,    44, 山芋
     00001562, shiki 262                                                          , ﾔﾏﾄｲﾓ                                                             ,    44, 山芋
     00001563, shiki 263                                                          , ｼﾞﾈﾝｼﾞｮ                                                           ,    44, 山芋
     00001564, shiki 264                                                          , ﾑｶｺﾞ                                                              ,    44, 山芋
     00001600, shiki 265                                                          , ｿﾉﾀｺﾝｻｲﾙｲ                                                         ,    45, その他根菜類
     00001700, shiki 266                                                          , ﾄｸﾊﾞｲﾖｳ                                                           ,    46, 椎茸
     00001701, shiki 267                                                          , ﾅﾏｼｲﾀｹ                                                            ,    46, 椎茸
     00001702, shiki 268                                                          , ﾄﾞﾝｺﾅﾏｼｲﾀｹ                                                        ,    46, 椎茸
     00001703, shiki 269                                                          , ｹﾞﾝﾎﾞｸﾅﾏｼｲﾀｹ                                                      ,    46, 椎茸
     00001730, shiki 270                                                          , ﾄｸﾊﾞｲﾖｳ                                                           ,    48, えのき
     00001731, shiki 271                                                          , ﾌﾞﾅｼﾒｼﾞ                                                           ,    47, しめじ
     00001732, shiki 272                                                          , ｶｯﾄｼﾒｼﾞ                                                           ,    47, しめじ
     00001733, shiki 273                                                          , ﾀﾞｲｺｸﾎﾝｼﾞﾒｼﾞ                                                      ,    47, しめじ
     00001734, shiki 274                                                          , ﾊﾀｹｼﾒｼﾞ                                                           ,    47, しめじ
     00001735, shiki 275                                                          , ｼﾛｼﾒｼﾞ                                                            ,    47, しめじ
     00001736, shiki 276                                                          , ﾄｸﾊﾞｲﾖｳ                                                           ,    47, しめじ
     00001737, shiki 277                                                          , ｴﾉｷ                                                               ,    48, えのき
     00001738, shiki 278                                                          , ﾌﾞﾗｳﾝｴﾉｷ                                                          ,    48, えのき
     00001739, shiki 279                                                          , ｶｷﾉｷﾀﾞｹ                                                           ,    48, えのき
     00001760, shiki 280                                                          , ﾄｸﾊﾞｲﾖｳ                                                           ,    49, エリンギ
     00001761, shiki 281                                                          , ｴﾘﾝｷﾞﾀｹ                                                           ,    49, エリンギ
     00001762, shiki 282                                                          , ｼﾓﾌﾘﾋﾗﾀｹ                                                          ,    49, エリンギ
     00001790, shiki 283                                                          , ﾄｸﾊﾞｲﾖｳ                                                           ,    50, 舞茸
     00001791, shiki 284                                                          , ﾏｲﾀｹ                                                              ,    50, 舞茸
     00001792, shiki 285                                                          , ｸﾛﾏｲﾀｹ                                                            ,    50, 舞茸
     00001793, shiki 286                                                          , ｼﾛﾏｲﾀｹ                                                            ,    50, 舞茸
     00001820, shiki 287                                                          , ﾄｸﾊﾞｲﾖｳ                                                           ,    51, なめこ
     00001821, shiki 288                                                          , ﾅﾏﾅﾒｺ                                                             ,    51, なめこ
     00001822, shiki 289                                                          , ｶﾌﾞﾄﾘﾅﾒｺ                                                          ,    51, なめこ
     00001850, shiki 290                                                          , ﾄｸﾊﾞｲﾖｳ                                                           ,    52, マッシュルーム
     00001851, shiki 291                                                          , ﾏｯｼｭﾙｰﾑ                                                           ,    52, マッシュルーム
     00001852, shiki 292                                                          , ﾖｳﾏﾂ                                                              ,    52, マッシュルーム
     00001853, shiki 293                                                          , ﾌﾞﾗｳﾝﾏｯｼｭ                                                         ,    52, マッシュルーム
     00001854, shiki 294                                                          , ｼﾞｬﾝﾎﾞﾏｯｼｭﾙｰﾑ                                                     ,    52, マッシュルーム
     00001880, shiki 295                                                          , ﾄｸﾊﾞｲﾖｳ                                                           ,    53, 松茸
     00001881, shiki 296                                                          , ﾏﾂﾀｹｺｸｻﾝ                                                          ,    53, 松茸
     00001882, shiki 297                                                          , ﾏﾂﾀｹﾁｭｳｺﾞｸ                                                        ,    53, 松茸
     00001883, shiki 298                                                          , ﾏﾂﾀｹﾌﾞｰﾀﾝ                                                         ,    53, 松茸
     00001884, shiki 299                                                          , ﾏﾂﾀｹｱﾒﾘｶ                                                          ,    53, 松茸
     00001885, shiki 300                                                          , ﾏﾂﾀｹｶﾅﾀﾞ                                                          ,    53, 松茸
     00001900, shiki 301                                                          , ｿﾉﾀｷﾉｺﾙｲ                                                          ,    54, その他きのこ類
     00002000, shiki 302                                                          , ﾄｸﾊﾞｲﾖｳ                                                           ,    55, 大葉
     00002001, shiki 303                                                          , ｵｵﾊﾞ                                                              ,    55, 大葉
     00002030, shiki 304                                                          , ﾄｸﾊﾞｲﾖｳ                                                           ,    56, 木の芽
     00002031, shiki 305                                                          , ｷﾉﾒﾔﾏｸﾞﾁ                                                          ,    56, 木の芽
     00002032, shiki 306                                                          , ｷﾉﾒｼﾓﾉｾｷ                                                          ,    56, 木の芽
     00002033, shiki 307                                                          , ｷﾉﾒｻｲﾀﾏ                                                           ,    56, 木の芽
     00002034, shiki 308                                                          , ｵﾆｷﾉﾒ                                                             ,    56, 木の芽
     00002035, shiki 309                                                          , ﾐｻﾞﾝｼｮ                                                            ,    56, 木の芽
     00002036, shiki 310                                                          , ﾊﾅｻﾞﾝｼｮ                                                           ,    56, 木の芽
     00002060, shiki 311                                                          , ﾄｸﾊﾞｲﾖｳ                                                           ,    57, 紅たで
     00002061, shiki 312                                                          , ﾍﾞﾆﾀﾃﾞ                                                            ,    57, 紅たで
     00002062, shiki 313                                                          , ｱｵﾀﾃﾞ                                                             ,    57, 紅たで
     00002090, shiki 314                                                          , ﾄｸﾊﾞｲﾖｳ                                                           ,    58, 菊
     00002091, shiki 315                                                          , ｼｮｸﾖｳﾀﾞｲｸｷﾞｸ                                                      ,    58, 菊
     00002092, shiki 316                                                          , ﾓｯﾃｷｸ                                                             ,    58, 菊
     00002093, shiki 317                                                          , ｺｷﾞｸ                                                              ,    58, 菊
     00002094, shiki 318                                                          , ｷｸﾊﾞ                                                              ,    58, 菊
     00002120, shiki 319                                                          , ﾄｸﾊﾞｲﾖｳ                                                           ,    59, 穂紫蘇
     00002121, shiki 320                                                          , ﾊﾅﾎｼﾞｿ                                                            ,    59, 穂紫蘇
     00002150, shiki 321                                                          , ﾄｸﾊﾞｲﾖｳ                                                           ,    60, 金魚草
     00002151, shiki 322                                                          , ｷﾝｷﾞｮｿｳ                                                           ,    60, 金魚草
     00002152, shiki 323                                                          , ｷﾝｷﾞｮｿｳｱｶ                                                         ,    60, 金魚草
     00002180, shiki 324                                                          , ﾄｸﾊﾞｲﾖｳ                                                           ,    61, かいわれ
     00002181, shiki 325                                                          , ｶｲﾜﾚ                                                              ,    61, かいわれ
     00002182, shiki 326                                                          , ﾚｯﾄﾞｷｬﾍﾞﾂｽﾌﾟﾗｳﾄ                                                   ,    61, かいわれ
     00002183, shiki 327                                                          , ﾌﾞﾛｯｺﾘｰｽﾌﾟﾗｳﾄ                                                     ,    61, かいわれ
     00002184, shiki 328                                                          , ﾏｼﾞｯｸﾚｯﾄﾞｽﾌﾟﾗｳﾄ                                                   ,    61, かいわれ
     00002185, shiki 329                                                          , ﾄｳﾐｮｳ                                                             ,    61, かいわれ
     00002210, shiki 330                                                          , ﾄｸﾊﾞｲﾖｳ                                                           ,    62, 花みょうが
     00002211, shiki 331                                                          , ﾊﾅﾐｮｳｶﾞ                                                           ,    62, 花みょうが
     00002212, shiki 332                                                          , ﾊﾅﾐｮｳｶﾞｼﾞﾓﾉ                                                       ,    62, 花みょうが
     00002213, shiki 333                                                          , ﾐｮｳｶﾞﾀﾞｹ                                                          ,    62, 花みょうが
     00002240, shiki 334                                                          , ﾄｸﾊﾞｲﾖｳ                                                           ,    63, 生姜
     00002241, shiki 335                                                          , ﾐｶﾞｷｼｮｳｶﾞ                                                         ,    63, 生姜
     00002242, shiki 336                                                          , ｼﾝｼｮｳｶﾞ                                                           ,    63, 生姜
     00002243, shiki 337                                                          , ﾔﾅｶｼｮｳｶﾞ                                                          ,    63, 生姜
     00002244, shiki 338                                                          , ﾊｼﾞｶﾐ                                                             ,    63, 生姜
     00002245, shiki 339                                                          , ﾒｼｮｳｶﾞ                                                            ,    63, 生姜
     00002250, shiki 340                                                          , ｿﾉﾀｺｳﾐﾂﾏﾓﾉ                                                        ,    64, その他香味つま物類
     00002300, shiki 341                                                          , ｿﾉﾀ                                                               ,    65, その他
     00002500, shiki 342                                                          , ﾄｸﾊﾞｲﾖｳ                                                           ,    66, 久保田農園
     00002501, shiki 343                                                          , ﾍﾟﾝﾀｽ                                                             ,    66, 久保田農園
     00002502, shiki 344                                                          , ﾍﾞﾋﾞｰｷｬﾛｯﾄ                                                        ,    66, 久保田農園
     00002503, shiki 345                                                          , ｺｰﾝｽﾌﾟﾗｳﾄ                                                         ,    66, 久保田農園
     00002504, shiki 346                                                          , ﾚｯﾄﾞﾀﾞﾝﾃﾞﾘｵﾝ                                                      ,    66, 久保田農園
     00002505, shiki 347                                                          , ｾﾙﾊﾞﾁｺ                                                            ,    66, 久保田農園
     00002506, shiki 348                                                          , ﾏｲｸﾛｱｶ                                                            ,    66, 久保田農園
     00002507, shiki 349                                                          , ﾏｲｸﾛｱｵ                                                            ,    66, 久保田農園
     00002508, shiki 350                                                          , ﾚｯﾄﾞｱﾏﾗﾝｻｱｽ                                                       ,    66, 久保田農園
     00002509, shiki 351                                                          , ﾌﾟﾁﾊﾞｼﾞﾙ                                                          ,    66, 久保田農園
     00002510, shiki 352                                                          , ﾋﾟｰﾃﾝﾄﾞﾘﾙ                                                         ,    66, 久保田農園
     00002511, shiki 353                                                          , ﾚｯﾄﾞｿﾚﾙ                                                           ,    66, 久保田農園
     00002512, shiki 354                                                          , ﾃﾞﾋﾞﾙｿﾚﾙ                                                          ,    66, 久保田農園
     00002513, shiki 355                                                          , ｸﾞﾘｰﾝﾂﾘｰ                                                          ,    66, 久保田農園
     00002514, shiki 356                                                          , ﾚｯﾄﾞﾂﾘｰ                                                           ,    66, 久保田農園
     00002515, shiki 357                                                          , ﾂﾘｰｹｰﾙｱｶ                                                          ,    66, 久保田農園
     00002516, shiki 358                                                          , ﾂﾘｰｹｰﾙｼﾛ                                                          ,    66, 久保田農園
     00002517, shiki 359                                                          , ｶﾌﾟｼｰﾇﾌｫﾝｾ                                                        ,    66, 久保田農園
     00002518, shiki 360                                                          , ﾋﾟﾉｸﾞﾘｰﾝ                                                          ,    66, 久保田農園
     00002519, shiki 361                                                          , ﾎﾞﾘｼﾞｰ                                                            ,    66, 久保田農園
     00002520, shiki 362                                                          , ﾙｯｺﾗ                                                              ,    66, 久保田農園
     00002521, shiki 363                                                          , ﾀﾗｺﾞﾝ                                                             ,    66, 久保田農園
     00002522, shiki 364                                                          , ｾｰｼﾞ                                                              ,    66, 久保田農園
     00002523, shiki 365                                                          , ﾐﾝﾄ                                                               ,    66, 久保田農園
     00002524, shiki 366                                                          , ﾊﾟｽﾚｰ                                                             ,   109, 大分久保田
     00002525, shiki 367                                                          , ﾁｬｰﾋﾞﾙ                                                            ,    66, 久保田農園
     00002526, shiki 368                                                          , ﾃﾞｨｰﾙ                                                             ,    66, 久保田農園
     00002527, shiki 369                                                          , ﾛｰｽﾞﾏﾘｰ                                                           ,    66, 久保田農園
     00002528, shiki 370                                                          , ﾀｲﾑ                                                               ,    66, 久保田農園
     00002529, shiki 371                                                          , ﾊﾞｼﾞﾙ                                                             ,   109, 大分久保田
     00002530, shiki 372                                                          , ﾊﾟｸﾁｰ                                                             ,    66, 久保田農園
     00002531, shiki 373                                                          , ﾚﾓﾝｸﾞﾗｽ                                                           ,    66, 久保田農園
     00002532, shiki 374                                                          , ﾂﾘｰｹｰﾙ                                                            ,    66, 久保田農園
     00002533, shiki 375                                                          , ﾋﾒｶﾌﾞ                                                             ,    66, 久保田農園
     00002534, shiki 376                                                          , ﾏﾒｶﾌﾞ                                                             ,    66, 久保田農園
     00002535, shiki 377                                                          , ﾏﾘｰｺﾞｰﾙﾄﾞ                                                         ,    66, 久保田農園
     00002536, shiki 378                                                          , ﾏｲｸﾛｾﾛﾘ                                                           ,    66, 久保田農園
     00002537, shiki 379                                                          , ﾏｲｸﾛｾﾛﾘ                                                           ,    66, 久保田農園
     00002538, shiki 380                                                          , ﾏｲｸﾛﾁｬｰﾋﾞﾙ                                                        ,    66, 久保田農園
     00002539, shiki 381                                                          , ﾏｲｸﾛﾊﾟｽﾚｰ                                                         ,    66, 久保田農園
     00002540, shiki 382                                                          , ﾏｲｸﾛﾌｪﾝﾈﾙ                                                         ,    66, 久保田農園
     00002541, shiki 383                                                          , ﾏｲｸﾛｱﾏﾗﾝｻｽ                                                        ,    66, 久保田農園
     00002542, shiki 384                                                          , ﾏｲｸﾛﾌﾟﾁﾋﾟﾉﾐｯｸｽ                                                    ,    66, 久保田農園
     00002543, shiki 385                                                          , ﾏｲｸﾛﾚﾓﾝﾊﾞｰﾑ                                                       ,    66, 久保田農園
     00002544, shiki 386                                                          , ﾏｲｸﾛﾋﾟﾉｸﾞﾘｰﾝ                                                      ,    66, 久保田農園
     00002545, shiki 387                                                          , ﾏｲｸﾛｼｭﾝｷﾞｸ                                                        ,    66, 久保田農園
     00002546, shiki 388                                                          , ﾌﾟﾁﾐｯｸｽ                                                           ,    66, 久保田農園
     00002547, shiki 389                                                          , ﾌﾟﾁﾚｯﾄﾞｶﾗｼﾐｽﾞﾅ                                                    ,    66, 久保田農園
     00002548, shiki 390                                                          , ﾌﾟﾁﾚｯﾄﾞｿﾚﾙ                                                        ,    66, 久保田農園
     00002549, shiki 391                                                          , ﾀﾞｲｱﾝｻｽ                                                           ,    66, 久保田農園
     00002550, shiki 392                                                          , ﾗﾌﾞﾘﾋﾞｵﾗ                                                          ,    66, 久保田農園
     00002551, shiki 393                                                          , ﾆﾗﾉﾊﾅ                                                             ,    66, 久保田農園
     00002552, shiki 394                                                          , ﾑｸﾛｼﾞﾀﾞｲｺﾝ                                                        ,    66, 久保田農園
     00002553, shiki 395                                                          , ﾍﾞﾆｸﾙﾘﾀﾞｲｺﾝ                                                       ,    66, 久保田農園
     00002554, shiki 396                                                          , ｸﾛﾀﾞｲｺﾝ                                                           ,    66, 久保田農園
     00002555, shiki 397                                                          , ﾑﾗｻｷﾀﾞｲｺﾝ                                                         ,    66, 久保田農園
     00002556, shiki 398                                                          , ﾋﾞﾒﾋﾞｰﾂｱｶ                                                         ,    66, 久保田農園
     00002557, shiki 399                                                          , ﾋﾒﾋﾞｰﾂｱｶｼﾛ                                                        ,    66, 久保田農園
     00002558, shiki 400                                                          , ｻﾎﾞｲｷｬﾍﾞﾂ                                                         ,    66, 久保田農園
     00002600, shiki 401                                                          , ｿﾉﾀｸﾎﾞﾀﾉｳｴﾝ                                                       ,    67, その他久保田農園
     00002700, shiki 402                                                          , ﾄｸﾊﾞｲﾖｳ                                                           ,    68, 稲葉農園
     00002701, shiki 403                                                          , ﾍﾞﾋﾞｰﾘｰﾌ                                                          ,    68, 稲葉農園
     00002702, shiki 404                                                          , ｻﾗﾀﾞｺﾏﾂﾅ                                                          ,    68, 稲葉農園
     00002703, shiki 405                                                          , ｻﾗﾀﾞｼｭﾝｷﾞｸ                                                        ,    68, 稲葉農園
     00002704, shiki 406                                                          , ｾﾙﾊﾞﾁｺ                                                            ,    68, 稲葉農園
     00002705, shiki 407                                                          , ｱﾏﾗﾝｻｽ                                                            ,    68, 稲葉農園
     00002706, shiki 408                                                          , ｵｾﾞｲﾕ                                                             ,    68, 稲葉農園
     00002707, shiki 409                                                          , ｿﾉﾀｲﾅﾊﾞﾉｳｴﾝ                                                       ,    69, その他稲葉農園
     00002800, shiki 410                                                          , ﾄｸﾊﾞｲﾖｳ                                                           ,    70, 佐賀グッドリーフ
     00002801, shiki 411                                                          , ﾌﾟﾚﾐｱﾑﾘｰﾌ　15                                                     ,    70, 佐賀グッドリーフ
     00002802, shiki 412                                                          , ﾌﾟﾚﾐｱﾑﾘｰﾌ　100                                                    ,    70, 佐賀グッドリーフ
     00002803, shiki 413                                                          , ｴﾃﾞｨﾌﾙﾌﾗﾜｰ                                                        ,    70, 佐賀グッドリーフ
     00002850, shiki 414                                                          , ｿﾉﾀｸﾞｯﾄﾞﾘｰﾌ                                                       ,    71, その他佐賀グッドリーフ
     00002900, shiki 415                                                          , ﾄｸﾊﾞｲﾖｳ                                                           ,    72, ハーブ＆ローズ
     00002901, shiki 416                                                          , ﾚｯﾄﾞｿﾚﾙ                                                           ,    72, ハーブ＆ローズ
     00002902, shiki 417                                                          , ﾐﾝﾄ                                                               ,    72, ハーブ＆ローズ
     00002903, shiki 418                                                          , ｺﾓﾝﾀｲﾑ                                                            ,    72, ハーブ＆ローズ
     00002904, shiki 419                                                          , ﾚﾓﾝﾀｲﾑ                                                            ,    72, ハーブ＆ローズ
     00002905, shiki 420                                                          , ﾛｰｽﾞｾﾞﾗﾆｳﾑ                                                        ,    72, ハーブ＆ローズ
     00002906, shiki 421                                                          , ﾛｰｽﾞﾏﾘｰ                                                           ,    72, ハーブ＆ローズ
     00002907, shiki 422                                                          , ﾚﾓﾝｸﾞﾗｽ                                                           ,    72, ハーブ＆ローズ
     00002908, shiki 423                                                          , ｴﾃﾞｨﾌﾙﾛｰｽﾞ                                                        ,    72, ハーブ＆ローズ
     00002909, shiki 424                                                          , ﾌﾟﾙﾋﾟｴ                                                            ,    72, ハーブ＆ローズ
     00002910, shiki 425                                                          , ﾛｰﾘｴ                                                              ,    72, ハーブ＆ローズ
     00002911, shiki 426                                                          , ｼﾌﾞﾚｯﾄ                                                            ,    72, ハーブ＆ローズ
     00002912, shiki 427                                                          , ﾉﾋﾞﾙ                                                              ,    72, ハーブ＆ローズ
     00002950, shiki 428                                                          , ｿﾉﾀﾊｰﾌﾞｱﾝﾄﾞﾛｰｽﾞ                                                   ,    73, その他ハーブ＆ローズ
     00003000, shiki 429                                                          , ﾄｸﾊﾞｲﾖｳ                                                           ,    74, S＆B
     00003001, shiki 430                                                          , ﾁｬｰﾋﾞﾙ                                                            ,    74, S＆B
     00003002, shiki 431                                                          , ﾊﾟｽﾚｰ                                                             ,    74, S＆B
     00003003, shiki 432                                                          , ﾀｲﾑ                                                               ,    74, S＆B
     00003004, shiki 433                                                          , ﾐﾝﾄ                                                               ,    74, S＆B
     00003005, shiki 434                                                          , ﾛｰｽﾞﾏﾘｰ                                                           ,    74, S＆B
     00003100, shiki 435                                                          , ｿﾉﾀｴｽｱﾝﾄﾞﾋﾞｰ                                                      ,    75, その他S＆B
     00003500, shiki 436                                                          , ﾄｸﾊﾞｲﾖｳ                                                           ,    76, 柑橘類
     00003501, shiki 437                                                          , Aﾚﾓﾝ                                                              ,    76, 柑橘類
     00003502, shiki 438                                                          , ｱｵﾚﾓﾝ                                                             ,    76, 柑橘類
     00003503, shiki 439                                                          , ｵﾚﾝｼﾞ                                                             ,    76, 柑橘類
     00003504, shiki 440                                                          , ﾈｰﾌﾞﾙ                                                             ,    76, 柑橘類
     00003505, shiki 441                                                          , ｸﾞﾚｰﾌﾟﾌﾙｰﾂﾙﾋﾞｰ                                                    ,    76, 柑橘類
     00003506, shiki 442                                                          , ｸﾞﾚｰﾌﾟﾌﾙｰﾂﾎﾜｲﾄ                                                    ,    76, 柑橘類
     00003507, shiki 443                                                          , Aﾗｲﾑ                                                              ,    76, 柑橘類
     00003508, shiki 444                                                          , ｷﾕｽﾞ                                                              ,    76, 柑橘類
     00003509, shiki 445                                                          , ｱｵﾕｽﾞ                                                             ,    76, 柑橘類
     00003510, shiki 446                                                          , ｱｵｽﾀﾞﾁ                                                            ,    76, 柑橘類
     00003511, shiki 447                                                          , ｶﾎﾞｽ                                                              ,    76, 柑橘類
     00003512, shiki 448                                                          , ｼｰｸﾜｰｻｰ                                                           ,    76, 柑橘類
     00003513, shiki 449                                                          , ﾍﾍﾞｽ                                                              ,    76, 柑橘類
     00003514, shiki 450                                                          , ｷﾝｶﾝ                                                              ,    76, 柑橘類
     00003515, shiki 451                                                          , ﾀﾏﾀﾏｷﾝｶﾝ                                                          ,    76, 柑橘類
     00003516, shiki 452                                                          , ﾊﾂｷｷﾝｶﾝ                                                           ,    76, 柑橘類
     00003517, shiki 453                                                          , ﾀﾞｲﾀﾞｲ                                                            ,    76, 柑橘類
     00003518, shiki 454                                                          , ﾐｶﾝ                                                               ,    76, 柑橘類
     00003519, shiki 455                                                          , ﾜｾﾐｶﾝ                                                             ,    76, 柑橘類
     00003520, shiki 456                                                          , ｺﾞｸﾜｾﾐｶﾝ                                                          ,    76, 柑橘類
     00003521, shiki 457                                                          , ﾊｳｽﾐｶﾝ                                                            ,    76, 柑橘類
     00003522, shiki 458                                                          , ﾅﾂﾐｶﾝ                                                             ,    76, 柑橘類
     00003523, shiki 459                                                          , ｱﾏﾅﾂﾐｶﾝ                                                           ,    76, 柑橘類
     00003524, shiki 460                                                          , ﾃﾞｺﾎﾟﾝ                                                            ,    76, 柑橘類
     00003525, shiki 461                                                          , ｼﾗﾇｲｶﾝ                                                            ,    76, 柑橘類
     00003526, shiki 462                                                          , ﾎﾟﾝｶﾝ                                                             ,    76, 柑橘類
     00003527, shiki 463                                                          , ｲﾖｶﾝ                                                              ,    76, 柑橘類
     00003528, shiki 464                                                          , ｷﾖﾐ                                                               ,    76, 柑橘類
     00003529, shiki 465                                                          , ｾﾄｶ                                                               ,    76, 柑橘類
     00003530, shiki 466                                                          , ﾊﾙﾐ                                                               ,    76, 柑橘類
     00003531, shiki 467                                                          , ﾊｯｻｸ                                                              ,    76, 柑橘類
     00003532, shiki 468                                                          , ﾊﾞﾝﾍﾟｲﾕ                                                           ,    76, 柑橘類
     00003533, shiki 469                                                          , ｶﾜﾁﾊﾞﾝｶﾝ                                                          ,    76, 柑橘類
     00003534, shiki 470                                                          , ﾌﾞﾝﾀﾝ                                                             ,    76, 柑橘類
     00003535, shiki 471                                                          , ﾋｭｳｶﾞﾅﾂ                                                           ,    76, 柑橘類
     00003536, shiki 472                                                          , ｽｲｰﾄｽﾌﾟﾘﾝｸﾞ                                                       ,    76, 柑橘類
     00003537, shiki 473                                                          , ｶﾝﾍﾟｲ                                                             ,    76, 柑橘類
     00003600, shiki 474                                                          , ｿﾉﾀｶﾝｷﾂﾙｲ                                                         ,    77, その他柑橘類
     00003700, shiki 475                                                          , ﾄｸﾊﾞｲﾖｳ                                                           ,    78, バラ類
     00003701, shiki 476                                                          , ﾘﾝｺﾞｼﾞｮﾅ                                                          ,    78, バラ類
     00003702, shiki 477                                                          , ﾘﾝｺﾞｼﾅﾉ                                                           ,    78, バラ類
     00003703, shiki 478                                                          , ﾘﾝｺﾞﾌｼﾞ                                                           ,    78, バラ類
     00003704, shiki 479                                                          , ﾘﾝｺﾞﾂｶﾞﾙ                                                          ,    78, バラ類
     00003705, shiki 480                                                          , ﾘﾝｺﾞﾍﾞﾆﾀﾞﾏ                                                        ,    78, バラ類
     00003706, shiki 481                                                          , ﾘﾝｺﾞｵｳﾘﾝ                                                          ,    78, バラ類
     00003707, shiki 482                                                          , ﾘﾝｺﾞﾄｷ                                                            ,    78, バラ類
     00003708, shiki 483                                                          , ﾘﾝｺﾞｵｳﾘﾝ                                                          ,    78, バラ類
     00003709, shiki 484                                                          , ﾅｼｺｳｽｲ                                                            ,    78, バラ類
     00003710, shiki 485                                                          , ﾅｼﾎｳｽｲ                                                            ,    78, バラ類
     00003711, shiki 486                                                          , ﾅｼﾅﾝｽｲ                                                            ,    78, バラ類
     00003712, shiki 487                                                          , ﾅｼﾆｲﾀｶ                                                            ,    78, バラ類
     00003713, shiki 488                                                          , ﾅｼｼﾝｺｳ                                                            ,    78, バラ類
     00003714, shiki 489                                                          , ﾅｼｱｷﾂﾞｷ                                                           ,    78, バラ類
     00003715, shiki 490                                                          , ﾖｳﾅｼﾗﾌﾗﾝｽ                                                         ,    78, バラ類
     00003716, shiki 491                                                          , ﾖｳﾅｼﾙﾚｸﾁｪ                                                         ,    78, バラ類
     00003717, shiki 492                                                          , ﾖｳﾅｼｵｰﾛﾗ                                                          ,    78, バラ類
     00003718, shiki 493                                                          , ﾖｳﾅｼｼﾂﾊﾞｰﾍﾞﾙ                                                      ,    78, バラ類
     00003719, shiki 494                                                          , ハクホウモモ                                                      ,    78, バラ類
     00003720, shiki 495                                                          , ﾋｶﾜﾊｸﾎｳ                                                           ,    78, バラ類
     00003721, shiki 496                                                          , ｶﾜﾅｶｼﾏﾊｸﾎｳ                                                        ,    78, バラ類
     00003722, shiki 497                                                          , ｶﾉｳｲﾜﾊｸﾎｳ                                                         ,    78, バラ類
     00003723, shiki 498                                                          , ﾅﾂｯｺﾓﾓ                                                            ,    78, バラ類
     00003724, shiki 499                                                          , ｱｶﾂｷﾓﾓ                                                            ,    78, バラ類
     00003725, shiki 500                                                          , ﾈｷﾀﾘﾝ                                                             ,    78, バラ類
     00003726, shiki 501                                                          , ﾈｸﾀﾘﾝﾌｧﾝﾀｼﾞｱ                                                      ,    78, バラ類
     00003727, shiki 502                                                          , ｽﾓﾓﾊﾆｰﾛｰｻﾞ                                                        ,    78, バラ類
     00003728, shiki 503                                                          , ｽﾓﾓｿﾙﾀﾞﾑ                                                          ,    78, バラ類
     00003729, shiki 504                                                          , ｽﾓﾓｻﾝﾀﾛｰｻﾞ                                                        ,    78, バラ類
     00003730, shiki 505                                                          , ｽﾓﾓｵｵｲｼﾜｾ                                                         ,    78, バラ類
     00003731, shiki 506                                                          , ｽﾓﾓﾌﾟﾗﾑ                                                           ,    78, バラ類
     00003732, shiki 507                                                          , ｱﾏｵｳｲﾁｺﾞ                                                          ,    78, バラ類
     00003733, shiki 508                                                          , ｱﾏｵﾄﾒｲﾁｺﾞ                                                         ,    78, バラ類
     00003734, shiki 509                                                          , ﾋﾉｼｽﾞｸｲﾁｺﾞ                                                        ,    78, バラ類
     00003735, shiki 510                                                          , ｻｶﾞﾎﾉｶｲﾁｺﾞ                                                        ,    78, バラ類
     00003736, shiki 511                                                          , ｺｳｳﾝﾉｲﾁｺﾞ                                                         ,    78, バラ類
     00003737, shiki 512                                                          , ﾕｳﾍﾞﾆｲﾁｺﾞ                                                         ,    78, バラ類
     00003738, shiki 513                                                          , ﾍﾞﾆﾎｯﾍﾟｲﾁｺﾞ                                                       ,    78, バラ類
     00003739, shiki 514                                                          , ｺｲﾐﾉﾘｲﾁｺﾞ                                                         ,    78, バラ類
     00003740, shiki 515                                                          , ﾄﾖﾉｶｲﾁｺﾞ                                                          ,    78, バラ類
     00003741, shiki 516                                                          , ｶｵﾘﾉｲﾁｺﾞ                                                          ,    78, バラ類
     00003742, shiki 517                                                          , ｱﾜﾕｷｲﾁｺﾞ                                                          ,    78, バラ類
     00003743, shiki 518                                                          , ﾊﾟｰﾙﾎﾜｲﾄ                                                          ,    78, バラ類
     00003744, shiki 519                                                          , ﾋﾞﾜ                                                               ,    78, バラ類
     00003745, shiki 520                                                          , ｱﾝｽﾞ                                                              ,    78, バラ類
     00003746, shiki 521                                                          , ﾅﾝｺｳｳﾒ                                                            ,    78, バラ類
     00003747, shiki 522                                                          , ｱｵｼﾞｸｳﾒ                                                           ,    78, バラ類
     00003748, shiki 523                                                          , ｺｳﾒ                                                               ,    78, バラ類
     00003749, shiki 524                                                          , ｻﾄｳﾆｼｷ                                                            ,    78, バラ類
     00003750, shiki 525                                                          , ﾍﾞﾆｼｭｳﾎｳ                                                          ,    78, バラ類
     00003751, shiki 526                                                          , ﾀｶｻｺﾞ                                                             ,    78, バラ類
     00003752, shiki 527                                                          , ﾍﾞﾆｻﾔｶ                                                            ,    78, バラ類
     00003753, shiki 528                                                          , ｱﾒﾘｶﾝﾁｪﾘｰ                                                         ,    78, バラ類
     00003800, shiki 529                                                          , ｿﾉﾀﾊﾞﾗﾙｲ                                                          ,    79, その他バラ類
     00003900, shiki 530                                                          , ﾄｸﾊﾞｲﾖｳ                                                           ,    80, 瓜類
     00003901, shiki 531                                                          , ﾗｵｳｽｲｶ                                                            ,    80, 瓜類
     00003902, shiki 532                                                          , ｺﾝｼﾞｷﾗｵｳｽｲｶ                                                       ,    80, 瓜類
     00003903, shiki 533                                                          , ｸﾛｺﾀﾞﾏｽｲｶ                                                         ,    80, 瓜類
     00003904, shiki 534                                                          , ﾋﾟﾉｶﾞｰﾙｽｲｶ                                                        ,    80, 瓜類
     00003905, shiki 535                                                          , ﾍﾞﾆﾏｸﾗｽｲｶ                                                         ,    80, 瓜類
     00003906, shiki 536                                                          , ﾀﾞﾝﾗﾝｽｲｶ                                                          ,    80, 瓜類
     00003907, shiki 537                                                          , ﾋｺﾞｸﾞﾘｰﾝ                                                          ,    80, 瓜類
     00003908, shiki 538                                                          , ｱｰﾙｽﾒﾛﾝ                                                           ,    80, 瓜類
     00003909, shiki 539                                                          , ﾎｰﾑﾗﾝﾒﾛﾝ                                                          ,    80, 瓜類
     00003910, shiki 540                                                          , ﾃﾞﾘｼｰﾒﾛﾝ                                                          ,    80, 瓜類
     00003911, shiki 541                                                          , ﾋﾞﾚﾝｽﾒﾛﾝ                                                          ,    80, 瓜類
     00003912, shiki 542                                                          , ｱｶﾆｸﾒﾛﾝ                                                           ,    80, 瓜類
     00003913, shiki 543                                                          , ｱﾝﾃﾞｽﾒﾛﾝ                                                          ,    80, 瓜類
     00003950, shiki 544                                                          , ｿﾉﾀｳﾘﾙｲ                                                           ,    81, その他瓜類
     00004100, shiki 545                                                          , ﾄｸﾊﾞｲﾖｳ                                                           ,    82, 熱帯フルーツ類
     00004101, shiki 546                                                          , ｱｾﾛﾗ                                                              ,    82, 熱帯フルーツ類
     00004102, shiki 547                                                          , ｱﾎﾞｶﾄﾞ                                                            ,    82, 熱帯フルーツ類
     00004103, shiki 548                                                          , ｸﾞｱﾊﾞ                                                             ,    82, 熱帯フルーツ類
     00004104, shiki 549                                                          , ｽﾀｰﾌﾙｰﾂ                                                           ,    82, 熱帯フルーツ類
     00004105, shiki 550                                                          , ﾁｪﾘﾓｱ                                                             ,    82, 熱帯フルーツ類
     00004106, shiki 551                                                          , ﾊﾟｲﾅｯﾌﾟﾙ　ｽｲｰﾃｨｵﾊﾟｲﾝ                                              ,    82, 熱帯フルーツ類
     00004107, shiki 552                                                          , ﾊﾟｯｼｮﾝﾌﾙｰﾂ                                                        ,    82, 熱帯フルーツ類
     00004108, shiki 553                                                          , ﾊﾞﾅﾅ                                                              ,    82, 熱帯フルーツ類
     00004109, shiki 554                                                          , ﾊﾟﾊﾟｲﾔ                                                            ,    82, 熱帯フルーツ類
     00004110, shiki 555                                                          , ﾄﾞﾗｺﾞﾝﾌﾙｰﾂ                                                        ,    82, 熱帯フルーツ類
     00004111, shiki 556                                                          , ﾏﾝｺﾞｰ                                                             ,    82, 熱帯フルーツ類
     00004112, shiki 557                                                          , ﾏﾝｺﾞｽﾁﾝ                                                           ,    82, 熱帯フルーツ類
     00004113, shiki 558                                                          , ﾗｲﾁ                                                               ,    82, 熱帯フルーツ類
     00004150, shiki 559                                                          , ｿﾉﾀﾈｯﾀｲﾌﾙｰﾂﾙｲ                                                     ,    83, その他熱帯フルーツ類
     00004200, shiki 560                                                          , ﾄｸﾊﾞｲﾖｳ                                                           ,    84, ブドウ類
     00004201, shiki 561                                                          , ｷｮﾎｳ                                                              ,    84, ブドウ類
     00004202, shiki 562                                                          , ﾀﾈﾅｼｷｮﾎｳ                                                          ,    84, ブドウ類
     00004203, shiki 563                                                          , ﾋﾟｵｰﾈ                                                             ,    84, ブドウ類
     00004204, shiki 564                                                          , ﾀﾈﾅｼﾋﾟｵｰﾈ                                                         ,    84, ブドウ類
     00004205, shiki 565                                                          , ﾃﾞﾗｳｪｱ                                                            ,    84, ブドウ類
     00004206, shiki 566                                                          , ﾏｽｶｯﾄﾍﾞﾘｰｴｰ                                                       ,    84, ブドウ類
     00004207, shiki 567                                                          , ｼｴﾝﾌﾞﾄﾞｳ                                                          ,    84, ブドウ類
     00004208, shiki 568                                                          , ﾌｼﾞﾐﾉﾘﾌﾞﾄﾞｳ                                                       ,    84, ブドウ類
     00004209, shiki 569                                                          , ﾅｶﾞﾉﾊﾟｰﾌﾟﾙ                                                        ,    84, ブドウ類
     00004210, shiki 570                                                          , ﾚｯﾄﾞｸﾞﾛｰﾌﾞ                                                        ,    84, ブドウ類
     00004211, shiki 571                                                          , ｼｬｲﾝﾏｽｶｯﾄ                                                         ,    84, ブドウ類
     00004212, shiki 572                                                          , ｸﾞﾘｰﾝｼｰﾄﾞﾚｽ                                                       ,    84, ブドウ類
     00004250, shiki 573                                                          , ｿﾉﾀﾌﾞﾄﾞｳﾙｲ                                                        ,    85, その他ブドウ類
     00004300, shiki 574                                                          , ﾄｸﾊﾞｲﾖｳ                                                           ,    86, ベリー類
     00004301, shiki 575                                                          , ﾗｽﾞﾍﾞﾘｰ                                                           ,    86, ベリー類
     00004302, shiki 576                                                          , ﾌﾞﾙｰﾍﾞﾘｰ                                                          ,    86, ベリー類
     00004303, shiki 577                                                          , ﾌﾞﾗｯｸﾍﾞﾘｰ                                                         ,    86, ベリー類
     00004304, shiki 578                                                          , ｸﾗﾝﾍﾞﾘｰ                                                           ,    86, ベリー類
     00004305, shiki 579                                                          , ｶｼｽ                                                               ,    86, ベリー類
     00004350, shiki 580                                                          , ｿﾉﾀﾍﾞﾘｰﾙｲ                                                         ,    87, その他ベリー類
     00004400, shiki 581                                                          , ﾄｸﾊﾞｲﾖｳ                                                           ,    89, 肉類
     00004401, shiki 582                                                          , ｷｳｲﾌﾙｰﾂ                                                           ,    88, その他果物
     00004402, shiki 583                                                          , ｺﾞｰﾙﾃﾞﾝｷｳｲ                                                        ,    88, その他果物
     00004403, shiki 584                                                          , ﾍﾞﾋﾞｰｷｳｲ                                                          ,    88, その他果物
     00004404, shiki 586                                                          , ﾐﾂﾊﾞ                                                              ,    17, その他葉物
     00004405, shiki 587                                                          , ｽｲｾﾞﾝｼﾞﾅ                                                          ,    17, その他葉物
     00004406, shiki 588                                                          , ｶﾘｰﾉｹｰﾙ                                                           ,    17, その他葉物
     00004407, shiki 589                                                          , ｼﾝﾋｺﾞﾑﾗｻｷｱｶﾅｽ                                                     ,    26, 茄子
     00004408, shiki 590                                                          , ﾍﾞﾙﾛｰｽﾞ ﾐﾆﾊﾞﾗ                                                     ,    64, その他香味つま物類
     00004409, shiki 591                                                          , ｵｶﾋｼﾞｷ                                                            ,    64, その他香味つま物類
     00004410, shiki 592                                                          , ﾌｨﾝｶﾞｰﾗｲﾑ                                                         ,    76, 柑橘類
     00004411, shiki 593                                                          , ｲﾁｼﾞｸ                                                             ,    82, 熱帯フルーツ類
     00004412, shiki 594                                                          , ﾓﾓｵｳｺﾞﾝﾄｳ                                                         ,    86, ベリー類
     00004413, shiki 595                                                          , ｽｲｶ                                                               ,    80, 瓜類
     00004414, shiki 596                                                          , ﾓﾐｼﾞ                                                              ,    65, その他
     00004415, shiki 597                                                          , Aｷｬﾍﾞﾂ                                                            ,     7, キャベツ
     00004416, shiki 598                                                          , ｱｵﾈｷﾞ                                                             ,    15, ネギ
     00004417, shiki 599                                                          , ﾄﾏﾄ(ﾊｺ)                                                           ,    18, トマト
     00004418, shiki 600                                                          , ｵｸﾗ                                                               ,    31, その他果菜
     00004419, shiki 601                                                          , ｴｺﾞﾏ                                                              ,    55, 大葉
     00004420, shiki 602                                                          , ﾆﾝﾆｸ                                                              ,    45, その他根菜類
     00004421, shiki 603                                                          , ﾆﾝﾆｸﾉﾒ                                                            ,    45, その他根菜類
     00004422, shiki 604                                                          , ﾃﾞﾝﾌｧｰﾚ                                                           ,    64, その他香味つま物類
     00004423, shiki 605                                                          , ﾆｭｰﾍﾞﾘｰA                                                          ,    84, ブドウ類
     00004424, shiki 606                                                          , ﾘﾍｲｸﾘ                                                             ,    31, その他果菜
     00004425, shiki 607                                                          , B                                                                 ,      ,
     00004426, shiki 608                                                          , Bﾐｽﾞﾅ                                                             ,     1, 水菜
     00004427, shiki 609                                                          , ｱｵｻ 100gｲﾘ                                                        ,   107, 乾物
     00004428, shiki 610                                                          , ﾁﾝｹﾞﾝｻｲﾍﾞﾂﾍﾞﾂ                                                     ,     5, チンゲン菜
     00004429, shiki 611                                                          , ﾍﾞﾆﾀﾃﾞ                                                            ,    57, 紅たで
     00004430, shiki 612                                                          , ﾒﾈｷﾞ                                                              ,    15, ネギ
     00004431, shiki 613                                                          , ｷｯｶ                                                               ,    58, 菊
     00004432, shiki 614                                                          , ﾊﾅﾎ                                                               ,    59, 穂紫蘇
     00004433, shiki 615                                                          , ｽﾌﾟﾗｳﾄﾚｯﾄﾞｷｬﾍﾞﾂ                                                   ,    64, その他香味つま物類
     00004434, shiki 616                                                          , ｽﾌﾟﾗｳﾄ                                                            ,      ,
     00004435, shiki 617                                                          , ｽﾌﾟﾗｳﾄﾌﾞﾛｯｺﾘｰ                                                     ,    64, その他香味つま物類
     00004436, shiki 618                                                          , B                                                                 ,      ,
     00004437, shiki 619                                                          , ﾘﾍｲ                                                               ,    31, その他果菜
     00004438, shiki 628                                                          , ｷﾉﾒ                                                               ,    56, 木の芽
     00004439, shiki 629                                                          , ﾏﾙﾕﾘﾈ                                                             ,    45, その他根菜類
     00004440, shiki 630                                                          , ｶｷﾕﾘﾈ                                                             ,    45, その他根菜類
     00004441, shiki 631                                                          , ﾍﾞﾋﾞｰﾘｰﾌ(ﾊﾞﾗ)                                                     ,    68, 稲葉農園
     00004442, shiki 632                                                          , ｾﾘ                                                                ,    17, その他葉物
     00004443, shiki 633                                                          , ﾂﾜﾌﾞｷ                                                             ,    65, その他
     00004444, shiki 634                                                          , ﾀｹﾉｺ                                                              ,    65, その他
     00004445, shiki 635                                                          , ﾑｷﾆﾝﾆｸ                                                            ,   100, その他
     00004446, shiki 636                                                          , ｱｵｺｺﾞﾐ                                                            ,    17, その他葉物
     00004447, shiki 637                                                          , ﾌｷﾉﾄｳ                                                             ,    17, その他葉物
     00004448, shiki 638                                                          , ﾅﾉﾊﾅ                                                              ,    17, その他葉物
     00004449, shiki 639                                                          , ﾀﾗﾉﾒ                                                              ,    17, その他葉物
     00004451, shiki 641                                                          , ﾅｶﾞｳﾄﾞ                                                            ,    65, その他
     00004452, shiki 642                                                          , ﾔﾏｳﾄﾞ                                                             ,    65, その他
     00004453, shiki 643                                                          , ｳﾙｲ                                                               ,    65, その他
     00004454, shiki 644                                                          , ﾕｷｳﾙｲ                                                             ,    65, その他
     00004455, shiki 645                                                          , ｼｵﾄﾏﾄ                                                             ,    18, トマト
     00004456, shiki 646                                                          , ｺｳﾄｳﾈｷﾞ                                                           ,    65, その他
     00004457, shiki 678                                                          , ﾜｻﾋﾞﾅ                                                             ,    65, その他
     00004458, shiki 829                                                          , ﾚﾄﾙﾄｺｰﾝ                                                           ,    20, とうもろこし
     00004459, shiki 830                                                          , ﾀﾏｺﾞ M10kgｲﾘ                                                      ,   115, 玉子（加工品）
     00004460, shiki 831                                                          , ﾀﾏｺﾞ M5kgｲﾘ(kg)                                                   ,   115, 玉子（加工品）
     00004461, shiki 832                                                          , ﾀﾏｺﾞ L10kgｲﾘ                                                      ,   115, 玉子（加工品）
     00004462, shiki 833                                                          , ﾀﾏｺﾞ L10ｺｲﾘ                                                       ,   115, 玉子（加工品）
     00004463, shiki 834                                                          , ﾀﾏｺﾞ 2L10ｺｲﾘ                                                      ,   115, 玉子（加工品）
     00004464, shiki 835                                                          , ｼﾞﾖｳﾗﾝ 6ｺｲﾘ                                                       ,   115, 玉子（加工品）
     00004465, shiki 836                                                          , ｳｽﾞﾗﾉﾀﾏｺﾞ 10ｺｲﾘ                                                   ,   115, 玉子（加工品）
     00004466, shiki 837                                                          , ﾀﾏｺﾞ MS10kgｲﾘ                                                     ,   115, 玉子（加工品）
     00004467, shiki 838                                                          , ｵﾝｾﾝﾀﾏｺﾞﾀﾏｺﾞ (ﾊﾞﾗ)ﾀﾚﾅｼ                                            ,   115, 玉子（加工品）
     00004468, shiki 839                                                          , ﾀﾏｺﾞﾏﾙｼｪ                                                          ,   115, 玉子（加工品）
     00004469, shiki 840                                                          , ﾄｯﾌﾟﾗﾝ                                                            ,   115, 玉子（加工品）
     00004470, shiki 841                                                          , ｵﾝｾﾝﾀﾏｺﾞ( 10ｺｲﾘ(ﾀﾚﾅｼ)                                             ,   115, 玉子（加工品）
     00004471, shiki 842                                                          , ｱｻﾋﾀﾏｺﾞ                                                           ,   115, 玉子（加工品）
     00004472, shiki 843                                                          , ｶﾗｲﾓ(ｶﾝﾀｸﾝ)                                                       ,    40, 唐芋
     00004473, shiki 844                                                          , ｸﾞﾘｰﾝﾌﾘﾙﾚﾀｽ                                                       ,    17, その他葉物
     00004474, shiki 846                                                          , ﾑｷﾀﾏﾈｷﾞ                                                           ,    43, 玉ねぎ
     00004475, shiki 847                                                          , ﾓﾒﾝﾄｳﾌ400gｲﾘ ﾀｼﾛ                                                  ,    98, 豆腐類
     00004476, shiki 848                                                          , ﾇﾚﾎｳｼｮｳｼｼ ｼｮｳﾌﾞ                                                   ,    65, その他
     00004477, shiki 850                                                          , ｾﾝｷﾞﾘｷｬﾍﾞﾂ                                                        ,   112, 加工野菜
     00004478, shiki 851                                                          , ﾎﾟﾃﾄｻﾗﾀﾞ                                                          ,    65, その他
     00004479, shiki 852                                                          , ｱｲｶﾞﾓｽﾃｰｷ                                                         ,    89, 肉類
     00004480, shiki 853                                                          , ﾉｻﾞﾜﾅﾄｼﾝｼｭｷﾉｺｶﾗｱｴ 800gｲﾘ                                          ,    65, その他
     00004481, shiki 854                                                          , ﾌｷﾉﾄｻﾆ 1kgｲﾘ                                                      ,    65, その他
     00004482, shiki 855                                                          , ｻｻﾊﾞｼﾞｸﾅｼ 100ﾏｲｲﾘ                                                 ,    65, その他
     00004483, shiki 856                                                          , ｼｿｱｼﾞﾀｸｱﾝ                                                         ,   118, 漬物
     00004484, shiki 857                                                          , ﾔﾝｸﾞｺｰﾝ                                                           ,    20, とうもろこし
     00004485, shiki 858                                                          , ﾋﾄﾘｼﾞﾒｽｲｶ                                                         ,    80, 瓜類
     00004486, shiki 859                                                          , ﾃｽﾄ                                                               ,    11, セロリ
     00004487, shiki 860                                                          , ﾃｽﾄ                                                               ,    10, クレソン
     00004488, shiki 861                                                          , ｱｹﾞ                                                               ,    98, 豆腐類
     00004489, shiki 862                                                          , ﾂﾌﾞﾏｽﾀｰﾄﾞ 280gｲﾘ                                                  ,   100, その他
     00004490, shiki 863                                                          , ｿﾖｶｾﾞﾖｰｸﾞﾙﾄ 380gｲﾘ                                                ,   108, 乳製品
     00004491, shiki 864                                                          , ﾌﾙｰﾂﾐｯｸｽ #2                                                       ,   100, その他
     00004492, shiki 865                                                          , ｼｮｳﾌﾞ                                                             ,   100, その他
     00004493, shiki 866                                                          , ﾆﾓﾉｾｯﾄ                                                            ,   112, 加工野菜
     00004494, shiki 867                                                          , ｱｻﾂﾞｹﾉﾓﾄ 500mlｲﾘ                                                  ,    65, その他
     00004495, shiki 868                                                          , ﾐｽﾞｲｶ 6/7ﾋﾞ                                                       ,    90, 魚介類
     00004496, shiki 869                                                          , ﾎﾞｲﾙﾑｷｴﾋﾞ 31/40 1kgｲﾘ                                             ,    90, 魚介類
     00004497, shiki 870                                                          , ｻｻﾁﾏｷﾓﾁ 25ｺｲﾘ                                                     ,    93, 甘味
     00004498, shiki 871                                                          , ｵｵﾊﾞ                                                              ,    55, 大葉
     00004499, shiki 903                                                          , ﾚﾀｽｸｲｰﾝ ﾌﾘﾙﾚﾀｽ                                                    ,     6, レタス
     00004500, shiki 957                                                          , Bｷｭｳﾘ(kg)                                                         ,    21, 胡瓜
     00004501, shiki 981                                                          , ｶﾗｲﾓ(ﾍﾞﾆﾊﾙｶ) (ﾊｺ)                                                 ,    40, 唐芋
     00004502, shiki1003                                                          , ﾜｶｵｸﾗ                                                             ,   100, その他
     00004503, shiki1056                                                          , ｶﾜﾂｷﾔﾝｸﾞｺｰﾝ                                                       ,    20, とうもろこし
     00004504, shiki1100                                                          , ﾍﾞ)ﾀﾞｲｺﾝｾﾝｷﾞﾘ                                                     ,   112, 加工野菜
     00004505, shiki1118                                                          , ｵｳｺﾞﾝﾃﾝﾌﾟﾗｺ                                                       ,   100, その他
     00004506, shiki1123                                                          , ｷｬﾝﾃﾞｨﾁｰｽﾞ 160gｲﾘ                                                 ,   108, 乳製品
     00004507, shiki1126                                                          , ﾂﾌﾞｲﾘﾏｽﾀｰﾄﾞ 845gｲﾘ                                                ,   100, その他
     00004508, shiki1127                                                          , ｶﾝｼﾞｭｸﾄﾏﾄﾉﾊﾔｼﾌﾚｰｸ 1kkgｲﾘ                                          ,   100, その他
     00004509, shiki1128                                                          , ﾄﾘｶﾞﾗｶﾞﾗｽｰﾌﾟ(ﾏﾙﾄﾘ)500g ｲﾘ                                         ,   100, その他
     00004510, shiki1129                                                          , ｽﾊﾟｹﾞﾃｨ1.6ﾐﾘ1kg                                                   ,   100, その他
     00004511, shiki1130                                                          , ﾄﾛｹﾙｼｭﾚｯﾄﾞﾁｰｽﾞﾐｯｸｽ 1kgｲﾘ                                          ,   108, 乳製品
     00004512, shiki1131                                                          , ﾉﾝﾄﾞﾘｯﾌﾟﾂﾅﾌﾚｰｸ1kgｲﾘ                                               ,    90, 魚介類
     00004513, shiki1132                                                          , ｶﾎﾞﾁｬﾍﾟｰｽﾄ 1kgｲﾘ                                                  ,   112, 加工野菜
     00004514, shiki1133                                                          , ｵﾑﾗｲｽｼｰﾄ                                                          ,   115, 玉子（加工品）
     00004515, shiki1134                                                          , ﾎｯｶｲﾄﾞｳﾊﾟﾙﾒｻﾞﾝﾁｰｽﾞ80gｲﾘ                                           ,   108, 乳製品
     00004516, shiki1135                                                          , ｽﾗｲｽﾁｰｽﾞ 20g10ﾏｲｲﾘ                                                ,   108, 乳製品
     00004517, shiki1136                                                          , ﾁｭｳｶﾒﾝ(ｶﾝｿｳ)100gｶｹﾙ5                                              ,   100, その他
     00004518, shiki1137                                                          , ｼﾗﾀﾏｺ 1kgｲﾘ                                                       ,   100, その他
     00004519, shiki1138                                                          , ﾀｲｻﾝﾋﾞｰﾌﾝ 1kgｲﾘ                                                   ,   100, その他
     00004520, shiki1139                                                          , ｼﾝﾀｹﾋﾞｰﾌﾝ 300gｲﾘ                                                  ,   100, その他
     00004521, shiki1140                                                          , ﾒｲｼﾞﾌﾞﾙｶﾞﾘｱﾖｰｸﾞﾙﾄ 400gｲﾘ                                          ,   108, 乳製品
     00004522, shiki1141                                                          , ﾗｸﾉｳﾃﾂﾄﾃﾂﾄｶﾙｼｳﾑ 1800ﾐﾘﾘｯﾄﾙ                                        ,   108, 乳製品
     00004523, shiki1142                                                          , ﾗｸﾉｳﾖｰｸﾞﾙﾄ 75gｶｹﾙ3                                                ,   108, 乳製品
     00004524, shiki1143                                                          , ｸﾞﾚｰﾌﾟ 100ﾊﾟｰｾﾝﾄ200ﾐﾘﾘｯﾄﾙ                                         ,   110, 飲料品
     00004525, shiki1144                                                          , ｱｿｵｸﾞﾆｼﾞｬｰｼﾞｰｷﾞｭｳﾆｭｳ 1000ﾐﾘﾘｯﾄﾙ                                   ,   108, 乳製品
     00004526, shiki1145                                                          , ﾊﾟｯｶﾙｺﾞｰﾙﾄﾞ 65ﾐﾘﾘｯﾄﾙｶｹﾙ7ﾎﾝ                                        ,   108, 乳製品
     00004527, shiki1146                                                          , ﾗｸﾉｳｷﾞｭｳﾆｭｳ 500ﾐﾘﾘｯﾄﾙ                                             ,   108, 乳製品
     00004528, shiki1147                                                          , ｵｲｼｲｸﾏﾓﾄｷﾞｭｳﾆｭｳ                                                   ,   108, 乳製品
     00004529, shiki1148                                                          , ﾗｸﾉｳｷﾞｭｳﾆｭｳ 200ﾐﾘﾘｯﾄﾙ                                             ,   108, 乳製品
     00004530, shiki1149                                                          , ﾁｮｳｾｲﾄｳﾆｭｳ 200ﾐﾘﾘｯﾄﾙ                                              ,   108, 乳製品
     00004531, shiki1150                                                          , ｵｲｼｲﾑﾁｮｳｾｲﾄｳﾆｭｳ 200ﾐﾘﾘｯﾄﾙ                                         ,   108, 乳製品
     00004532, shiki1151                                                          , ﾋﾅｸﾞ)ﾋﾅｸﾞﾁｸﾜ 35gｶｹﾙ3ﾎﾝ                                            ,   117, 練り製品
     00004533, shiki1152                                                          , ﾃｲｼﾎﾞｳｷﾞｭｳﾆｭｳ                                                     ,   108, 乳製品
     00004534, shiki1153                                                          , ﾗｸﾉｳﾌﾟﾘﾝ 3P                                                       ,   108, 乳製品
     00004535, shiki1154                                                          , ﾀﾏｺﾞﾄｳﾌ 100gｶｹﾙ2P                                                 ,   115, 玉子（加工品）
     00004536, shiki1155                                                          , ﾄｳﾌﾓﾃﾞｷﾏｽﾕｳｷﾄｳﾆｭｳ 900ﾐﾘﾘｯﾄﾙ                                       ,   108, 乳製品
     00004537, shiki1156                                                          , ﾄｳﾆｭｳｸﾞﾙﾄ 400g                                                    ,   108, 乳製品
     00004538, shiki1157                                                          , ﾌﾙｰﾂｾﾞﾘｰｱｵﾘﾝｺﾞ 70gｶｹﾙ3P                                           ,    93, 甘味
     00004539, shiki1158                                                          , ﾌﾙｰﾂｾﾞﾘｰｸﾞﾚｰﾌﾟ 70gｶｹﾙ3P                                           ,    93, 甘味
     00004540, shiki1159                                                          , LLｵｵｱｿｷﾞｭｳﾆｭｳ 1000ﾐﾘﾘｯﾄﾙ                                          ,   108, 乳製品
     00004541, shiki1160                                                          , ﾎｲｯﾌﾟｼｮｸﾌﾞﾂｾｲｼﾎﾞｳ40ﾊﾟｰｾﾝﾄ                                         ,   108, 乳製品
     00004542, shiki1161                                                          , ｼｯｶﾘﾃﾂﾌﾞﾝﾖｰｸﾞﾙﾄ 4P                                                ,   108, 乳製品
     00004543, shiki1162                                                          , ﾔｲﾃｵｲｼｲｷﾇｱﾂｱｹﾞ2 2ﾏｲ                                               ,    98, 豆腐類
     00004544, shiki1163                                                          , ｼﾎﾞﾘﾄｳﾌ                                                           ,    98, 豆腐類
     00004545, shiki1164                                                          , ﾄｸﾖｳﾊﾝﾍﾟﾝ 90g                                                     ,   117, 練り製品
     00004546, shiki1165                                                          , ﾒﾝｼｮｸｳﾄﾞﾝ 200g                                                    ,   100, その他
     00004547, shiki1173                                                          , ﾂﾒｺﾝﾌﾞ 1kgｲﾘ                                                      ,   100, その他
     00004548, shiki1174                                                          , ｶﾗﾂｷﾎﾞｲﾙﾊﾏｸﾞﾘ 40/60 500gｲﾘ                                        ,    90, 魚介類
     00004549, shiki1175                                                          , ﾒｲｽｲﾓﾔｼ(DB)4kgｲﾘ                                                  ,   102, もやし
     00004550, shiki1184                                                          , ｸﾛﾐﾂ 600ﾐﾘﾘｯﾄﾙ                                                    ,    93, 甘味
     00004551, shiki1185                                                          , ﾆｱﾅｺﾞ L400gｲﾘ                                                     ,    90, 魚介類
     00004552, shiki1186                                                          , ﾊｰﾌﾋﾟｰﾙﾄﾞｱｽﾊﾟﾗ M500gｲﾘ                                            ,    96, 原材料
     00004553, shiki1187                                                          , ｺﾏﾂﾅｲﾛﾄﾞﾘｱｴ 500gｲﾘ                                                ,    97, 袋物
     00004554, shiki1188                                                          , ｶｯﾄｹｰｷﾏﾝｺﾞｰ 36ｺｲﾘ                                                 ,    93, 甘味
     00004555, shiki1189                                                          , ﾄﾘﾁｸｾﾞﾝﾆ                                                          ,    96, 原材料
     00004556, shiki1190                                                          , ﾏﾙﾀｴﾋﾞｽﾘﾐ 500gｲﾘ                                                  ,    90, 魚介類
     00004557, shiki1191                                                          , ｺｵﾘｻﾄｳ 1kgｲﾘ                                                      ,    96, 原材料
     00004558, shiki1192                                                          , ｵﾛｼﾆﾝﾆｸ 280gｲﾘ                                                    ,    96, 原材料
     00004559, shiki1193                                                          , ﾄｸｼﾗｷﾞｸ 1.8ﾘｯﾄﾙｲﾘ                                                 ,   116, 醤油（酢）
     00004560, shiki1176                                                          , ﾓﾔｼ ｺﾌﾞｸﾛ200gｲﾘ                                                   ,   102, もやし
     00004561, shiki1177                                                          , ｸｯｷﾝｸﾞｿﾙﾄ 800gｲﾘ                                                  ,   100, その他
     00004562, shiki1178                                                          , ﾀﾙﾀﾙｿｰｽ 1kgｲﾘ                                                     ,   100, その他
     00004563, shiki1194                                                          , ｶｯﾄﾜｶﾒ 100gｲﾘ                                                     ,   107, 乾物
     00004564, shiki1180                                                          , ﾁｮｳｾｲﾄｳﾆｭｳ 1000ﾐﾘﾘｯﾄﾙ                                             ,   108, 乳製品
     00004565, shiki1195                                                          , ﾌﾞﾗｯｸﾍﾟｯﾊﾟｰ 15g                                                   ,   121, 調味料
     00004566, shiki1196                                                          , ﾕﾃﾞｱｽﾞｷ #2                                                        ,    93, 甘味
     00004567, shiki1197                                                          , ｼﾛｷｸﾗｹﾞ 50gｲﾘ                                                     ,   107, 乾物
     00004568, shiki1198                                                          , ｻﾗﾀﾞｱﾌﾞﾗ 1.8ﾘｯﾄﾙｲﾘ                                                ,   121, 調味料
     00004569, shiki1199                                                          , ﾋﾞﾀｶﾙｷｮｳｶﾐｿ 5kgｲﾘ                                                 ,    94, 味噌類
     00004570, shiki1200                                                          , ｶｼｭｰﾅｯﾂ(kg)                                                       ,    30, 豆
     00004571, shiki1201                                                          , ﾁｪﾘｰ #4                                                           ,    93, 甘味
     00004572, shiki1202                                                          , ｼｰﾁｷﾝﾏｲﾙﾄﾞ 70gｲﾘ                                                  ,    96, 原材料
     00004573, shiki1203                                                          , ｺｰﾝｸﾘｰﾑ #4                                                        ,    96, 原材料
     00004574, shiki1204                                                          , ﾀｶﾉﾂﾒ 30gｲﾘ                                                       ,   121, 調味料
     00004575, shiki1205                                                          , ｼｮｸｴﾝ 5kgｲﾘ                                                       ,   121, 調味料
     00004576, shiki1206                                                          , ｼﾛｱﾝ 1kgｲﾘ                                                        ,    93, 甘味
     00004577, shiki1207                                                          , ｾﾝｷﾞﾘﾀﾞｲｺﾝ(ﾁｭｳｺﾞｸ)(kg)                                            ,    96, 原材料
     00004578, shiki1208                                                          , ｵﾆｶﾗｼ 200gｲﾘ                                                      ,   121, 調味料
     00004579, shiki1209                                                          , ﾊﾞｰﾓﾝﾄｶﾚｰｱﾏｸﾁ 230gｲﾘ                                              ,    96, 原材料
     00004580, shiki1210                                                          , ｹﾁｬｯﾌﾟ 300gｲﾘ                                                     ,   121, 調味料
     00004581, shiki1211                                                          , ﾊﾁﾐﾂ 250gｲﾘ                                                       ,   121, 調味料
     00004582, shiki1212                                                          , ﾚｲﾄｳﾑｷｴﾀﾞﾏﾒ 500gｲﾘ                                                ,    96, 原材料
     00004583, shiki1213                                                          , ｱｶﾀﾞｼﾐｿ 500gｲﾘ                                                    ,    94, 味噌類
     00004584, shiki1214                                                          , ﾄｳﾊﾞﾝｼﾞｬﾝ 90gｲﾘ                                                   ,   121, 調味料
     00004585, shiki1215                                                          , ﾃﾝﾒﾝｼﾞｬﾝ 130gｲﾘ                                                   ,   121, 調味料
     00004586, shiki1234                                                          , ｸｽﾞﾓﾁ(ﾊｸﾄｳ)20g20ｺｲﾘ                                               ,    93, 甘味
     00004587, shiki1235                                                          , ﾅｽﾏﾝｼﾞｭｳ 15ｺｲﾘ                                                    ,    93, 甘味
     00004588, shiki1236                                                          , ﾄﾘｭﾌｸﾗｯｶｰ 3ﾏｲｲﾘ18ﾌｸﾛ                                              ,    93, 甘味
     00004589, shiki1237                                                          , ｲｷｼﾒﾎﾈｷﾞﾘﾊﾓ                                                       ,    90, 魚介類
     00004590, shiki1238                                                          , ﾚｲﾄｳｲｷｼﾒﾕﾋﾞｷﾊﾓ                                                    ,    90, 魚介類
     00004591, shiki1239                                                          , ﾄｸｾﾝﾔｷﾒﾓﾁ ｼｮｳ18g30ｺｲﾘ                                             ,   100, その他
     00004592, shiki1240                                                          , ｱﾗｲｲﾓ S500 gｲﾘ                                                    ,   112, 加工野菜
     00004593, shiki1241                                                          , ｱﾗｲｲﾓ M500gｲﾘ                                                     ,   112, 加工野菜
     00004594, shiki1242                                                          , ｱﾗｲｲﾓ L500gｲﾘ                                                     ,   112, 加工野菜
     00004595, shiki1243                                                          , ﾊﾘﾊﾘﾂﾞｹ 500gｲﾘ                                                    ,   118, 漬物
     00004596, shiki1244                                                          , ｷｭｳﾘｶﾗｼﾂﾞｹ                                                        ,   118, 漬物
     00004597, shiki1245                                                          , ﾗｰﾄﾞ  250gｲﾘ                                                      ,   121, 調味料
     00004599, shiki1246                                                          , ﾘｮｳﾘｼｭ 1.8ﾘｯﾄﾙｲﾘ                                                  ,   121, 調味料
     00004600, shiki1247                                                          , ｵｳﾄｳ #4                                                           ,   107, 乾物
     00004601, shiki1248                                                          , ﾒﾋｼﾞｷ(kg)                                                         ,   107, 乾物
     00004602, shiki1249                                                          , ﾄﾞﾗｲｲｰｽﾄ 50gｲﾘ                                                    ,   107, 乾物
     00004603, shiki1250                                                          , ｽｷﾑﾐﾙｸ 380gｲﾘ                                                     ,   108, 乳製品
     00004604, shiki1251                                                          , ｵﾛｼｼｮｳｶﾞ 280gｲﾘ                                                   ,   121, 調味料
     00004605, shiki1252                                                          , ﾈｵｿﾌﾄﾏｰｶﾞﾘﾝ 300gｲﾘ                                                ,   108, 乳製品
     00004606, shiki1253                                                          , ｼﾛﾀﾞｼ 1.8ﾘｯﾄﾙｲﾘ                                                   ,   121, 調味料
     00004607, shiki1254                                                          , QPﾌｶｲﾘｺﾞﾏﾄﾞﾚｯｼﾝｸﾞ 380ﾐﾘﾘｯﾄﾙｲﾘ                                     ,   121, 調味料
     00004608, shiki1255                                                          , ｼｬｷｯﾄｼｬｷｯﾄｺｰﾝｸﾘｰﾑ 180gｶﾐP                                         ,   100, その他
     00004609, shiki1256                                                          , ﾐｽﾞﾄｷｲﾗｽﾞﾉﾄﾛﾐｼﾞｮｳｽﾞ 100gｲﾘ                                        ,   100, その他
     00004610, shiki1257                                                          , ﾌﾙｰﾁｪ ｲﾁｺﾞ                                                        ,    93, 甘味
     00004611, shiki1258                                                          , ｻﾗｳﾄﾞﾝ                                                            ,   100, その他
     00004612, shiki1259                                                          , ﾅﾒﾀｹ 120gｲﾘ                                                       ,    54, その他きのこ類
     00004613, shiki1260                                                          , ｲﾘｺﾞﾏ ｼﾛ 1kgｲﾘ                                                    ,   107, 乾物
     00004614, shiki1261                                                          , ｷﾑﾁﾉﾓﾄ 620gｲﾘ                                                     ,   100, その他
     00004615, shiki1262                                                          , ﾏｯｼｭﾙｰﾑｶﾝ 185gｲﾘ                                                  ,    54, その他きのこ類
     00004616, shiki1263                                                          , ﾐｯｸｽﾁｰｽﾞ 1kgｲﾘ                                                    ,   108, 乳製品
     00004617, shiki1264                                                          , ﾓﾁｺ 1kgｲﾘ                                                         ,   100, その他
     00004618, shiki1265                                                          , ﾚｰｽﾞﾝ(kg)                                                         ,    88, その他果物
     00004619, shiki1266                                                          , ﾄﾛﾛｺﾝﾌﾞ (ｻｻﾒﾕｷ)30gｲﾘ                                              ,   107, 乾物
     00004620, shiki1267                                                          , ﾍﾞｯｾｲｼｮｳﾕ 1.8ﾘｯﾄﾙｲﾘ                                               ,   121, 調味料
     00004621, shiki1268                                                          , ｻｸﾗﾃﾞﾝﾌﾟ 18gﾘｲﾘ                                                   ,   107, 乾物
     00004622, shiki1269                                                          , ｻﾗﾀﾞｱﾌﾞﾗ 1.5ﾘｯﾄﾙｲﾘ                                                ,   121, 調味料
     00004623, shiki1270                                                          , ｱｵﾉﾘ 100gｲﾘ                                                       ,   107, 乾物
     00004624, shiki1271                                                          , ｶﾒﾘｶ ｶﾒﾘｱ 1kgｲﾘ                                                   ,   100, その他
     00004625, shiki1272                                                          , ｵｲｶﾞﾂｵﾂﾕ 1.8ﾘｯﾄﾙｲﾘ                                                ,   121, 調味料
     00004626, shiki1273                                                          , ﾈﾘｶﾗｼ 280gｲﾘ                                                      ,   121, 調味料
     00004627, shiki1274                                                          , ﾏﾖﾈｰｽﾞﾏﾖﾈｰｽﾞ 1kgｲﾘ                                                ,   121, 調味料
     00004628, shiki1275                                                          , ｺﾞﾊﾝﾉﾄﾓ 1kgｲﾘ                                                     ,   121, 調味料
     00004629, shiki1276                                                          , ｱｲﾗﾝﾄﾞﾄﾞﾚｯｼﾝｸﾞ 1ﾘｯﾄﾙｲﾘ                                            ,   121, 調味料
     00004630, shiki1277                                                          , ｶｵﾘｺﾞﾏﾄﾞﾚｯｼﾝｸﾞ 1ﾘｯﾄﾙｲﾘ                                            ,   121, 調味料
     00004631, shiki1278                                                          , ｼｮｸｴﾝ 1kgｲﾘ                                                       ,   121, 調味料
     00004632, shiki1279                                                          , ﾘﾝｺﾞｼﾞｭｰｽ 1ﾘｯﾄﾙｲﾘ                                                 ,   110, 飲料品
     00004633, shiki1280                                                          , ﾁｭｳｺﾞｸﾊﾙｻﾒ 100gｲﾘ                                                 ,   107, 乾物
     00004634, shiki1281                                                          , ﾔｷﾋﾞｰﾌﾝ                                                           ,   107, 乾物
     00004635, shiki1282                                                          , ﾏﾖﾈｰｽﾞ 450gｲﾘ                                                     ,   121, 調味料
     00004636, shiki1283                                                          , ﾍﾞｰｷﾝｸﾞﾊﾟｳﾀﾞｰ 50gｲﾘ                                               ,   107, 乾物
     00004637, shiki1284                                                          , ﾑｴﾝﾊﾞﾀｰ 450ggｲﾘ                                                   ,   121, 調味料
     00004638, shiki1285                                                          , ｼﾞｭﾝｺｺｱ 110gｲﾘ                                                    ,    93, 甘味
     00004639, shiki1286                                                          , ﾊﾞﾆﾗｴｯｾﾝｽ 288ﾐﾘﾘｯﾄﾙ                                               ,   100, その他
     00004640, shiki1292                                                          , ﾒﾝﾂﾕ 500ﾐﾘﾘｯﾄﾙｲﾘ                                                  ,   121, 調味料
     00004641, shiki1304                                                          , ｲﾛﾄﾞﾘﾎﾟｯﾌﾟﾗｲｽ100 100gｲﾘ                                           ,   100, その他
     00004642, shiki1305                                                          , ｹﾞﾝﾃｲ)ｺｸｻﾝﾖｳｼｮｸﾖｳｼｮｸｺｱﾕ BQ F 500gｲﾘ                               ,    90, 魚介類
     00004643, shiki1306                                                          , ｴﾀﾞﾏﾒｶﾞﾝﾓ 25g50ｺｲﾘ                                                ,   100, その他
     00004644, shiki1307                                                          , ｴﾋﾞｲﾓｶﾆｼﾝｼﾞｮｳ                                                     ,    91, 前菜
     00004645, shiki1308                                                          , ｴﾀﾞﾏﾒﾍﾟｰｽﾄ                                                        ,    96, 原材料
     00004646, shiki1309                                                          , ﾐﾅﾂﾞｷﾄｳﾌ(ﾁｭｳ)                                                     ,    91, 前菜
     00004647, shiki1317                                                          , ｳｽﾀｰｿｰｽ 1.8ﾘｯﾄﾙｲﾘ                                                 ,   121, 調味料
     00004648, shiki1318                                                          , ﾁｭｳｺﾞｸﾊﾙｻﾒ 500gｲﾘ                                                 ,    96, 原材料
     00004649, shiki1319                                                          , ﾊﾟﾝｺ 300gｲﾘ                                                       ,    96, 原材料
     00004650, shiki1320                                                          , ｼﾁﾐﾄｳｶﾞﾗｼ　15gｲﾘ　ﾅﾅﾐﾄｳｶﾞﾗｼ                                       ,   121, 調味料
     00004651, shiki1314                                                          , ﾊﾅｶﾂｵ 100gｲﾘ                                                      ,    96, 原材料
     00004652, shiki1315                                                          , ﾃﾞﾝｶﾞｸﾐｿ 1kgｲﾘ                                                    ,    94, 味噌類
     00004653, shiki1326                                                          , ｻｸﾗﾁｯﾌﾟ 500gｲﾘ                                                    ,    96, 原材料
     00004654, shiki1329                                                          , ｺｸｻﾝｻｸﾗﾊﾂﾞｹ (ｱｵ)50S50ﾏｲｶｹﾙ4                                       ,    96, 原材料
     00004655, shiki1330                                                          , ﾅﾏﾜｻﾋﾞ ﾌﾞﾛｰ300gｲﾘ                                                 ,   121, 調味料
     00004656, shiki1331                                                          , ｴﾋﾞｼﾞﾝｶﾞｻ 25g20ｺｲﾘ                                                ,   100, その他
     00004657, shiki1332                                                          , ﾅﾏﾜｻﾋﾞ 200gｲﾘ                                                     ,   121, 調味料
     00004658, shiki1333                                                          , ﾘｭｳﾋｺﾝﾌﾞ (ﾏﾂ)1kgｲﾘ                                                ,   100, その他
     00004659, shiki1334                                                          , ｲﾄｷﾘﾄｳｶﾞﾗｼ 100gｲﾘ                                                 ,   121, 調味料
     00004660, shiki1335                                                          , ﾅﾗﾂﾞｹ (ｼｮｳ)                                                       ,   118, 漬物
     00004661, shiki1336                                                          , ﾉｻﾞﾜﾅﾂﾞｹ                                                          ,   118, 漬物
     00004662, shiki1337                                                          , ｷﾑﾁ(kg)                                                           ,   118, 漬物
     00004663, shiki1338                                                          , ﾅﾏﾍﾞｯﾀﾗ                                                           ,   118, 漬物
     00004664, shiki1339                                                          , ｾﾝｷﾞﾘｼｮｳｶﾞ 60gｲﾘ                                                  ,   118, 漬物
     00004665, shiki1340                                                          , ｳﾏｶLﾀｸｱﾝ                                                          ,   118, 漬物
     00004666, shiki1341                                                          , ﾌｸｼﾞﾝﾂﾞｹ(ｼｮｳ)                                                     ,   118, 漬物
     00004667, shiki1342                                                          , ｷﾑﾁ 250gｲﾘ                                                        ,   118, 漬物
     00004668, shiki1343                                                          , ﾌﾞﾀｼﾞﾙｺﾝﾆｬｸ 1.2kgｲﾘ                                               ,   101, こんにゃく類
     00004669, shiki1344                                                          , ﾃﾝｶｽ 60gｲﾘ                                                        ,   100, その他
     00004670, shiki1345                                                          , ﾀﾏｺﾞ S10kｺｲﾘ                                                      ,   115, 玉子（加工品）
     00004671, shiki1346                                                          , ﾀﾏｺﾞ L5kgｲﾘ                                                       ,   115, 玉子（加工品）
     00004672, shiki1347                                                          , ﾀﾏｺﾞ M6ｺｲﾘ                                                        ,   115, 玉子（加工品）
     00004673, shiki1349                                                          , ｺｹｲﾈﾝﾘｮｳ 30gｲﾘ                                                    ,   100, その他
     00004674, shiki1350                                                          , ｵｰﾛﾗｼｰﾄ 10ｾﾝﾁ                                                     ,    99, 飾り物
     00004675, shiki1351                                                          , ﾖﾝｽﾝｼｷｼ                                                           ,    99, 飾り物
     00004676, shiki1352                                                          , ﾏﾂﾊﾞｸｼ 9ｾﾝﾁ100ﾎﾝｲﾘ                                                ,    99, 飾り物
     00004677, shiki1353                                                          , ｷｯﾁﾆｽﾀﾗｯﾌﾟ 45ｾﾝｾｲｾﾝﾁｶｹﾙ50ﾒｰﾄﾙ                                     ,   100, その他
     00004678, shiki1354                                                          , ﾏﾂﾊﾞｸｼ 6ｾﾝﾁ100ﾎﾝｲﾘ                                                ,    99, 飾り物
     00004679, shiki1355                                                          , ｶｸｺﾝﾆｬｸ                                                           ,   101, こんにゃく類
     00004680, shiki1370                                                          , ﾉﾊﾞｼｴﾋﾞ 26/30 20ﾋﾞｲﾘ                                              ,    90, 魚介類
     00004681, shiki1373                                                          , ｷｼｭｳｳﾒ                                                            ,    81, その他瓜類
     00004682, shiki1377                                                          , ｷｭｳｼｭｳﾏﾙﾏﾙﾀﾞｲｽﾞ 1.8ﾘｯﾄﾙｲﾘ                                         ,   116, 醤油（酢）
     00004683, shiki1378                                                          , ﾎｯｶｲﾄﾞｳﾁｰｽﾞﾑｼｹｰｷ(ﾐﾆ)4ｺ                                            ,   119, パン
     00004684, shiki1379                                                          , ﾗﾝﾁﾊﾟｯｸ(ｲﾁｺﾞｼﾞｬﾑｱﾝﾄﾞﾏｰｶﾞﾘﾝ)                                       ,   119, パン
     00004686, shiki1381                                                          , ﾗﾝﾁﾊﾟｯｸ(ﾃﾘﾔｷﾊﾝﾊﾞｰｸﾞﾄﾎﾟﾃﾄ)                                         ,   119, パン
     00004687, shiki1382                                                          , ｼﾝﾀﾏﾈｷﾞｽﾗｲｽ 1ﾐﾘ                                                   ,   112, 加工野菜
     00004688, shiki1383                                                          , ｱｲﾐﾝﾁ                                                             ,    89, 肉類
     00004689, shiki1384                                                          , ﾌﾞﾀﾛｰｽ                                                            ,    89, 肉類
     00004690, shiki1385                                                          , ｼｮｰﾄﾌﾟﾚｰﾄ                                                         ,    89, 肉類
     00004691, shiki1386                                                          , ﾍﾞｰｺﾝｽﾗｲｽ                                                         ,    89, 肉類
     00004692, shiki1387                                                          , ﾛｰｽﾊﾑ                                                             ,    89, 肉類
     00004693, shiki1388                                                          , ﾌﾞﾀﾊﾞﾗｽﾗｲｽ                                                        ,    89, 肉類
     00004694, shiki1389                                                          , ｷﾞｭｳｼｮｳﾁｮｳ                                                        ,    89, 肉類
     00004695, shiki1390                                                          , ﾄﾘｱﾌﾞﾗ                                                            ,    89, 肉類
     00004696, shiki1391                                                          , ﾄﾘﾓﾓﾐｺﾏｷﾘ                                                         ,    89, 肉類
     00004697, shiki1392                                                          , ｶﾗｱｹﾞﾖｳ                                                           ,    89, 肉類
     00004698, shiki1393                                                          , ｷﾞｭｳﾐﾝﾁ                                                           ,    89, 肉類
     00004699, shiki1394                                                          , ﾌﾞﾀﾐﾝﾁ                                                            ,    89, 肉類
     00004700, shiki1395                                                          , ｷﾞｭｳｼﾐﾝﾁ                                                          ,    89, 肉類
     00004701, shiki1396                                                          , ｷﾞｭｳﾊﾞﾗｽﾗｲｽ                                                       ,    89, 肉類
     00004702, shiki1397                                                          , ﾋﾞﾀﾊﾞｧﾚｰ 800gｲﾘ                                                   ,   100, その他
     00004703, shiki1398                                                          , ｶｯﾄﾜｶﾒ(kg)                                                        ,   107, 乾物
     00004704, shiki1399                                                          , ｶﾝﾀﾝｽ 500ﾐﾘﾘｯﾄﾙ                                                   ,   116, 醤油（酢）
     00004705, shiki1400                                                          , ｹﾁｬｯﾌﾟ 1kgｲﾘ                                                      ,   121, 調味料
     00004706, shiki1401                                                          , ﾀｶﾗ ﾎﾝﾐﾘﾝ                                                         ,   121, 調味料
     00004707, shiki1402                                                          , 4ﾎﾝﾀﾊﾞ                                                            ,    90, 魚介類
     00004708, shiki1405                                                          , ﾘｮｳﾘﾖｳﾏｯﾁｬ 80gｲﾘ                                                  ,   121, 調味料
     00004709, shiki1406                                                          , ﾐﾆｵﾊｷﾞ 15ｺｲﾘ                                                      ,    93, 甘味
     00004710, shiki1407                                                          , ｸﾙﾐｻﾄｳｶﾞｹ (ｺｸﾄｳｲﾘ)500gｲﾘ                                          ,    93, 甘味
     00004711, shiki1408                                                          , ﾆｼｷﾓﾛｺ 1.3kgｲﾘ                                                    ,   100, その他
     00004712, shiki1409                                                          , ｱﾜﾋﾞﾆｶﾞｲ (ｶﾗﾂｷ)12kｺｲﾘ                                             ,    90, 魚介類
     00004713, shiki1410                                                          , ｳｽﾞﾏｷﾌ                                                            ,    96, 原材料
     00004714, shiki1411                                                          , ｷﾞｭｳｽｼﾞﾆｺﾐ (ﾐｿ)1kgｲﾘ                                              ,   100, その他
     00004715, shiki1412                                                          , ｷｻﾞﾐｱﾅｺﾞ 500gｲﾘ                                                   ,    90, 魚介類
     00004716, shiki1413                                                          , ｸｽﾞﾓﾁﾏｽｶｯﾄﾌｳ 20g20ｺｲﾘ                                             ,    93, 甘味
     00004717, shiki1414                                                          , ｴﾀﾞﾏﾒｸｽﾞﾏﾝｼﾞｭｳ 18ｺｲﾘ                                              ,    93, 甘味
     00004718, shiki1415                                                          , ｼｰﾄ70ｶｯﾄｱｶﾆｸﾒﾛﾝﾒﾛﾝ 70ｺ                                            ,    93, 甘味
     00004719, shiki1416                                                          , ﾏﾙｹﾞﾘｰﾀﾌｳｺﾛｯｹ 35g20ｺｲﾘ                                            ,   100, その他
     00004720, shiki1417                                                          , ｵﾚﾝｼﾞｼﾞｭｰｽ 1ﾘｯﾄﾙｲﾘ                                                ,   110, 飲料品
     00004721, shiki1418                                                          , ﾋﾟｰﾅｯﾂﾊﾞﾀｰ ｶｯﾌﾟ                                                   ,   100, その他
     00004722, shiki1419                                                          , ｼｭｰｽﾄﾎﾟﾃﾄ                                                         ,    96, 原材料
     00004723, shiki1420                                                          , ｶｯﾄｽﾊﾟ 500gｲﾘ                                                     ,    96, 原材料
     00004724, shiki1421                                                          , ｳｽﾀｰｿｰｽ 300ﾐﾘﾘｯﾄﾙ                                                 ,   121, 調味料
     00004725, shiki1422                                                          , ｲﾅｶｳﾄﾞﾝ 200gｲﾘ                                                    ,   107, 乾物
     00004726, shiki1423                                                          , ﾐｶﾝｶﾝ #4                                                          ,    93, 甘味
     00004727, shiki1424                                                          , ﾚｲﾄｳｲﾝｹﾞﾝ 500gｲﾘ                                                  ,   112, 加工野菜
     00004728, shiki1425                                                          , ｲﾎﾞﾉｲﾄ 300gｲﾘ                                                     ,   107, 乾物
     00004729, shiki1426                                                          , ﾚｲﾄｳｴﾀﾞﾏﾒ 500gｲﾘ                                                  ,   112, 加工野菜
     00004730, shiki1427                                                          , ｱｼﾞﾉﾓﾄ 50gｲﾘ                                                      ,    96, 原材料
     00004731, shiki1428                                                          , ｸｯｷﾝｸﾞｿﾙﾄ 800gﾘｲﾘ                                                 ,   121, 調味料
     00004732, shiki1429                                                          , ｶﾚｰｺ 40gｲﾘ                                                        ,   121, 調味料
     00004733, shiki1430                                                          , ﾊﾟﾙﾒｻﾞﾝﾁｰｽﾞ 80gｲﾘ                                                 ,   108, 乳製品
     00004734, shiki1431                                                          , ﾀﾝｻﾝ 50gｲﾘ                                                        ,    96, 原材料
     00004735, shiki1432                                                          , ｸﾞﾗﾆｭｰﾄｳ 1kgｲﾘ                                                    ,   121, 調味料
     00004736, shiki1433                                                          , ｼｵｯﾍﾟ 51gｲﾘ                                                       ,    96, 原材料
     00004737, shiki1434                                                          , ﾍﾞｯｾｲｺｲｸﾁｼｮｳﾕ 1ﾘｯﾄﾙｲﾘ                                             ,   116, 醤油（酢）
     00004738, shiki1435                                                          , ｷﾘﾓﾁ 400gｲﾘ                                                       ,   100, その他
     00004739, shiki1436                                                          , ｸﾘｰﾑﾁｰｽﾞ 200gｲﾘ                                                   ,   108, 乳製品
     00004740, shiki1437                                                          , ｺｰﾝｽﾀｰﾁ 170gｲﾘ                                                    ,    96, 原材料
     00004741, shiki1438                                                          , ﾊﾁﾐﾂｳﾒ 1kgｲﾘ                                                      ,   118, 漬物
     00004742, shiki1439                                                          , ﾐﾘﾝ 1.8ﾘｯﾄﾙｲﾘ                                                     ,   121, 調味料
     00004743, shiki1440                                                          , ﾌﾙｰﾂｿﾙﾍﾞﾊﾟｲﾝﾐｯｸｽ2ﾘｯﾄﾙ                                             ,   110, 飲料品
     00004744, shiki1441                                                          , ﾈﾘｶﾗｼ 43gｲﾘ                                                       ,   121, 調味料
     00004745, shiki1442                                                          , ﾊｯﾁｮｳﾐｿ 300gｲﾘ                                                    ,    94, 味噌類
     00004746, shiki1443                                                          , ｵﾛｼﾆﾝﾆｸ 43gｲﾘ                                                     ,   121, 調味料
     00004747, shiki1444                                                          , ｷｸﾗｹﾞｽﾗｲｽ(kg)                                                     ,   107, 乾物
     00004748, shiki1445                                                          , ｸﾛｺﾅ 300gｲﾘ                                                       ,    96, 原材料
     00004749, shiki1446                                                          , ｵﾛｼｼｮｳｶﾞ 40gｲﾘ                                                    ,   121, 調味料
     00004750, shiki1447                                                          , ｶﾚｰｺ 37gｲﾘ                                                        ,   121, 調味料
     00004751, shiki1448                                                          , ﾌﾝﾄｳ 180gｲﾘ                                                       ,   121, 調味料
     00004752, shiki1449                                                          , ｼﾅﾓﾝ 14gｲﾘ                                                        ,   121, 調味料
     00004753, shiki1450                                                          , ｱｵｼﾞｿﾄﾞﾚｯｼﾝｸﾞ 1ﾘｯﾄﾙｲﾘ                                             ,   121, 調味料
     00004754, shiki1451                                                          , ﾜｷﾞﾘﾄｳｶﾞﾗｼ 100gｲﾘ                                                 ,   121, 調味料
     00004755, shiki1452                                                          , ｲﾘｺﾞﾏｸﾛ 100gｲﾘ                                                    ,   121, 調味料
     00004756, shiki1453                                                          , ｴｲﾋﾚ 500gｲﾘ                                                       ,    96, 原材料
     00004757, shiki1454                                                          , ｲｯｼｮｸ ｺﾞﾊﾝﾉﾄﾓ 40ｺｲﾘ                                               ,    96, 原材料
     00004758, shiki1455                                                          , ﾎﾝｼﾞｮｳｿﾞｳ 1.8ﾘｯﾄﾙｲﾘ                                               ,   116, 醤油（酢）
     00004759, shiki1456                                                          , ﾄﾝｶﾂｿｰｽ 500gｲﾘ                                                    ,   121, 調味料
     00004760, shiki1457                                                          , ﾄﾏﾄﾋﾟｭｰﾚﾊﾟｳﾁ 200ﾐﾘﾘｯﾄﾙ                                            ,    96, 原材料
     00004761, shiki1458                                                          , ﾃﾏﾘﾌｶﾝｿｳ ﾃﾏﾘﾌ 300gｲﾘ                                              ,   107, 乾物
     00004762, shiki1459                                                          , ｻﾗｼ 34ｾﾝﾁｶｹﾙ10m                                                   ,   100, その他
     00004763, shiki1460                                                          , ｶﾞﾝｺﾀﾜｼ                                                           ,   100, その他
     00004764, shiki1461                                                          , ﾃｯﾎﾟｳｸｼ 7ｾﾝﾁ100ﾎﾝｲﾘ                                               ,    99, 飾り物
     00004765, shiki1462                                                          , ｳｽｸﾁｼｮｳﾕ 500ﾐﾘﾘｯﾄﾙ                                                ,   116, 醤油（酢）
     00004766, shiki1463                                                          , ﾏｯｼｭﾙｰﾑｽﾗｲｽ 90gｲﾘ                                                 ,   112, 加工野菜
     00004767, shiki1464                                                          , ﾄﾛｹﾙｽﾗｲｽﾁｰｽﾞ 7ﾏｲｲﾘ                                                ,   108, 乳製品
     00004768, shiki1465                                                          , ﾀﾙﾀﾙｿｰｽ 260gｲﾘ                                                    ,   121, 調味料
     00004769, shiki1466                                                          , ﾊﾟﾝｺ 200gｲﾘ                                                       ,    96, 原材料
     00004770, shiki1467                                                          , ｱｵﾉﾘ 4gｲﾘ                                                         ,   100, その他
     00004771, shiki1468                                                          , ｷﾚﾃﾙﾁｰｽﾞ                                                          ,   108, 乳製品
     00004772, shiki1469                                                          , ﾌﾗｲﾄﾞｵﾆｵﾝ 200gｲﾘ                                                  ,   107, 乾物
     00004773, shiki1470                                                          , ｼｬｹﾌﾚｰｸ 170gｲﾘ                                                    ,    90, 魚介類
     00004774, shiki1471                                                          , ｺﾝﾃﾞﾝｽﾐﾙｸ ﾚﾝﾆｭｳ480gｲﾘ                                             ,   108, 乳製品
     00004775, shiki1476                                                          , ｻﾜﾗﾔｷｼﾓｾﾊﾞﾗ 2ﾏｲｲﾘ ﾔｸ500gｲﾘ                                        ,    90, 魚介類
     00004776, shiki1477                                                          , ｷﾞｭｳﾔﾊﾀ 5ﾎﾝｲﾘ                                                     ,   100, その他
     00004777, shiki1478                                                          , ｲﾌﾞﾘｶﾞｯｺｸﾘｰﾑﾁｰｽﾞ 200gｲﾘ                                           ,   108, 乳製品
     00004778, shiki1479                                                          , ｳﾏﾀﾞｷﾋｼﾞｷﾆ 1kgｲﾘ                                                  ,   100, その他
     00004779, shiki1480                                                          , ｶﾌﾞﾗﾉﾏﾘﾈ(ｻｰﾓﾝ)1kgｲﾘ                                               ,    90, 魚介類
     00004780, shiki1481                                                          , ﾃﾝｽｲ)ｳﾒﾁﾘﾒﾝ 500gｲﾘ                                                ,   100, その他
     00004781, shiki1482                                                          , ｱｼﾞﾋｬｯｶｺｸｻﾝﾄﾘﾅﾏﾂﾐﾚ 1kgｲﾘ                                          ,    89, 肉類
     00004782, shiki1483                                                          , ｷｼｭｳｼｿｳﾒｼｵ 280gｲﾘ                                                 ,   121, 調味料
     00004783, shiki1484                                                          , ｱｵｳﾒｶﾝﾛﾆ ｼｮｳ 2Pﾋﾞﾝ                                                ,    93, 甘味
     00004784, shiki1485                                                          , ｵｸﾗｺﾞﾏｱｴ 1kgｲﾘ                                                    ,   100, その他
     00004785, shiki1486                                                          , ｵﾛｼｼｮｳｶﾞ 1kgｲﾘ                                                    ,   121, 調味料
     00004786, shiki1487                                                          , ﾏﾖﾈｰｽﾞ 350gｲﾘ                                                     ,   121, 調味料
     00004787, shiki1492                                                          , ｴｿﾞｱﾜﾋﾞｶﾂﾆ ﾔｸ255g15ｺ                                              ,    90, 魚介類
     00004788, shiki1493                                                          , ｵﾛｼﾆﾝﾆｸ 1kgｲﾘ                                                     ,   121, 調味料
     00004789, shiki1494                                                          , ﾕｶﾘ 20gｲﾘ                                                         ,   100, その他
     00004790, shiki1495                                                          , ﾎﾝﾀﾞｼ 120gｲﾘ                                                      ,   100, その他
     00004791, shiki1496                                                          , ｷﾞｮﾆｸｿｰｾｰｼﾞ 5ﾎﾝﾀﾊﾞ                                                ,    90, 魚介類
     00004792, shiki1497                                                          , ｼｰﾁｷﾝｼｰﾁｷﾝﾏｲﾙﾄﾞｿｻﾞｲｿﾉﾏﾏ 70gｲﾘ                                     ,    90, 魚介類
     00004793, shiki1498                                                          , ﾅﾂﾒｸﾞ 15gｲﾘ                                                       ,   121, 調味料
     00004794, shiki1499                                                          , ｽﾊﾟｹﾞﾃｨ 1.8ﾐﾘ300gｲﾘ                                               ,   107, 乾物
     00004795, shiki1500                                                          , ﾐｽﾞｱﾒ 300gｲﾘ                                                      ,   100, その他
     00004796, shiki1501                                                          , ﾊﾟﾝｺ 1kgｲﾘ                                                        ,   107, 乾物
     00004797, shiki1502                                                          , ｽｼｽ 500ﾐﾘﾘｯﾄﾙ                                                     ,   121, 調味料
     00004798, shiki1503                                                          , ｲﾁﾐ ｼｮｳ                                                           ,   121, 調味料
     00004799, shiki1504                                                          , ｷﾑﾁﾉﾓﾄ 450gｲﾘ                                                     ,   121, 調味料
     00004800, shiki1505                                                          , 70gｲﾘ                                                             ,    90, 魚介類
     00004801, shiki1506                                                          , ｽﾊﾟｹﾞﾃｨ 1kgｲﾘ                                                     ,   107, 乾物
     00004802, shiki1507                                                          , ﾈﾘｳﾒ 300gｲﾘ                                                       ,   100, その他
     00004803, shiki1508                                                          , ﾈﾘｳﾒ 430gｲﾘ                                                       ,   100, その他
     00004804, shiki1509                                                          , ｵｼﾑｷﾞ 800gｲﾘ                                                      ,   107, 乾物
     00004805, shiki1510                                                          , ﾀｶﾉﾂﾒ(kg)                                                         ,   100, その他
     00004806, shiki1511                                                          , ｶﾚｰｺ 400gｲﾘ                                                       ,   121, 調味料
     00004807, shiki1512                                                          , ｳｽﾞﾗﾉﾀﾏｺﾞ #7                                                      ,    96, 原材料
     00004808, shiki1513                                                          , ﾊﾔﾕﾃﾞﾏｶﾛﾆ 240gｲﾘ                                                  ,   107, 乾物
     00004809, shiki1514                                                          , ﾌﾟﾙｰﾝ 130gｲﾘ                                                      ,    88, その他果物
     00004810, shiki1515                                                          , ｺﾁｼﾞｬﾝ 130gｲﾘ                                                     ,   121, 調味料
     00004811, shiki1516                                                          , ｼｬｷｯﾄｺｰﾝ 120gﾘ                                                    ,   112, 加工野菜
     00004812, shiki1517                                                          , ﾈｽｺｰﾋｰ 40gｲﾘ                                                      ,   100, その他
     00004813, shiki1518                                                          , ﾋﾞｰﾌｼﾁｭｰ                                                          ,   100, その他
     00004814, shiki1519                                                          , ｶﾂｵP 5P                                                           ,   100, その他
     00004815, shiki1520                                                          , ﾄﾘｶﾞﾗｽｰﾌﾟ 1kgｲﾘ                                                   ,    96, 原材料
     00004816, shiki1535                                                          , ｱﾂﾔｷﾁｰｽﾞﾀﾏｺﾞ                                                      ,   115, 玉子（加工品）
     00004817, shiki1536                                                          , ｸﾘﾉﾊ 100ﾏｲｲﾘ                                                      ,    99, 飾り物
     00004818, shiki1537                                                          , ｺﾒｺｳｼﾞ                                                            ,   121, 調味料
     00004819, shiki1539                                                          , ｶﾆｻﾂﾏｱｹﾞ 50ｺｲﾘ                                                    ,   100, その他
     00004820, shiki1542                                                          , ﾀｲﾜﾀ 170gｲﾘ                                                       ,   100, その他
     00004821, shiki1545                                                          , ﾅﾏｸﾘｰﾑ 200ﾐﾘﾘｯﾄﾙ                                                  ,   108, 乳製品
     00004822, shiki1547                                                          , ｻｸﾗﾌ /ﾁｭｳ                                                         ,   100, その他
     00004823, shiki1548                                                          , ｷｻﾞﾐｷﾝｼﾀﾏｺﾞ 500gｲﾘ                                                ,   115, 玉子（加工品）
     00004824, shiki1549                                                          , ｱﾏｽﾞｼｮｳｶﾞ(ｱﾏｸﾁ)1kgｲﾘ ｽｼｶﾞﾘｼﾛ                                      ,   100, その他
     00004825, shiki1550                                                          , ｸﾞﾝｶﾝﾉﾘ 6ｶｯﾄｶｯﾄ100ﾏｲｲﾘ                                            ,   100, その他
     00004826, shiki1551                                                          , ｶﾞﾘ ﾐﾆﾊﾟｯｸ200ｺｲﾘ                                                  ,   100, その他
     00004827, shiki1552                                                          , ﾔｷﾉﾘ ｾﾞﾝｹｲ                                                        ,   100, その他
     00004828, shiki1553                                                          , ﾊﾘﾉﾘ 100gｲﾘ                                                       ,   100, その他
     00004829, shiki1554                                                          , ﾚｲﾄｳﾀﾞｼﾏｷ ﾀﾞｲ                                                     ,   115, 玉子（加工品）
     00004830, shiki1555                                                          , ﾔｷﾉﾘ ｾﾞﾝｹｲ                                                        ,   100, その他
     00004831, shiki1556                                                          , ﾔｷﾉﾘﾁｬｯｸﾌｸﾛ                                                       ,   100, その他
     00004832, shiki1557                                                          , ｶﾝｿｳｻﾞｲ                                                           ,   100, その他
     00004833, shiki1558                                                          , ｷｻﾞﾐﾉﾘ 100gｲﾘ                                                     ,   100, その他
     00004834, shiki1559                                                          , ﾀﾞｼﾏｷ ｼｮｳ ﾛｰﾙ                                                     ,   112, 加工野菜
     00004835, shiki1560                                                          , ﾔｷﾉﾘ ﾊﾝｷﾘ                                                         ,   100, その他
     00004836, shiki1561                                                          , ﾕｳｷﾀｹﾉｺﾐｽﾞﾆﾎｰﾙ1ﾎﾝ200gｲﾘ                                           ,   112, 加工野菜
     00004837, shiki1562                                                          , ﾚﾝｺﾝﾐｽﾞﾆﾎｰﾙ2ﾎnﾎﾝ240gggｲﾘ                                          ,   112, 加工野菜
     00004838, shiki1563                                                          , ﾋｶﾘ 1.8ﾘｯﾄﾙｲﾘ                                                     ,   116, 醤油（酢）
     00004839, shiki1564                                                          , ﾎｯｶｲﾄﾞｳﾊﾟｳﾁﾕﾃﾞｱｽﾞｷ 400 gｲﾘ                                        ,   112, 加工野菜
     00004840, shiki1565                                                          , ﾚｰｽﾞﾝ 90gｲﾘ                                                       ,   112, 加工野菜
     00004841, shiki1566                                                          , ﾂﾌﾞｱﾝ ｺｸﾅｲｾｲｿﾞｳ 1kgｲﾘ                                             ,   112, 加工野菜
     00004842, shiki1567                                                          , ｺｼｱﾝ ｺｸﾅｲｾｲｿﾞｳ 1kgｲﾘ                                              ,   112, 加工野菜
     00004843, shiki1568                                                          , ｺｸｻﾝﾀﾞｲｽﾞﾐｽﾞﾆ 140gｲﾘ                                              ,   112, 加工野菜
     00004844, shiki1569                                                          , ｳｽｸﾁｼｮｳﾕ ﾋｶﾘ 1.8ﾘｯﾄﾙﾘｲﾘ                                           ,   116, 醤油（酢）
     00004845, shiki1570                                                          , ﾚｲﾄｳｺｰﾝ　                                                         ,   112, 加工野菜
     00004846, shiki1571                                                          , ﾚｲﾄｳﾌﾞﾛｯｺﾘｰ 500gｲﾘ                                                ,   112, 加工野菜
     00004848, shiki1573                                                          , ｺｸﾓﾂｽ 1.8ﾘｯﾄﾙｲﾘ                                                   ,   121, 調味料
     00004849, shiki1574                                                          , VPｼﾞｮｳｿﾞｳﾐﾘﾝ 1.8ﾘｯﾄﾙｲﾘ                                            ,   121, 調味料
     00004850, shiki1575                                                          , ｺｸｻﾝﾚｲﾄｳｺｸｻﾝｺﾏﾂﾅｶｯﾄ 1kgｲﾘ                                         ,   112, 加工野菜
     00004851, shiki1576                                                          , ﾀｶﾁﾎﾕｳｴﾝ ﾊﾞﾀｰ 200gｲﾘ                                              ,   108, 乳製品
     00004852, Where am I now? 8                                                  , ｹｰｷﾖｳﾏｰｶﾞﾘﾝ200gｲﾘ                                                 ,   108, 乳製品
     00004853, shiki1578                                                          , ｱｼﾞﾎﾟﾝ 360ﾐﾘﾘｯﾄﾙ                                                  ,   121, 調味料
     00004854, shiki1579                                                          , ｺﾒｹﾝｺｳｺﾒｱﾌﾞﾗ 600gｲﾘ                                               ,   121, 調味料
     00004855, shiki1580                                                          , ｺｸｻﾝｶｯﾄﾎｳﾚﾝｿｳ 1kgｲﾘ                                               ,   112, 加工野菜
     00004856, shiki1581                                                          , ﾎﾝｶｸﾁｭｳｶｵｵﾂﾌﾞﾆｸｼｭｳﾏｲ40g10ｺｲﾘ                                      ,   100, その他
     00004857, shiki1582                                                          , ﾘｮｸﾄｳﾊﾙｻﾒ 100gｲﾘ                                                  ,   107, 乾物
     00004858, shiki1583                                                          , ﾐｶﾝ #2                                                            ,   112, 加工野菜
     00004859, shiki1584                                                          , ｱｵﾉﾘ 4gｲﾘ                                                         ,   100, その他
     00004860, shiki1585                                                          , ﾀｹﾉｺｾﾝｷﾞﾘﾐｽﾞﾆ 1kgｲﾘ                                               ,   112, 加工野菜
     00004861, shiki1586                                                          , ｹﾞﾝﾏｲﾁｬﾃｨｰﾊﾟｯｸ5gｶｹﾙ100P                                           ,   100, その他
     00004862, shiki1587                                                          , ｶｯﾄﾄﾏﾄ 1#                                                         ,   112, 加工野菜
     00004863, shiki1588                                                          , ｵｺﾉﾐｿｰｽ 300gｲﾘ                                                    ,   100, その他
     00004864, shiki1589                                                          , ｸｯｷﾝｸﾞﾜｲﾝ ﾜｲﾝｱｶ 1.8ﾘｯﾄﾙｲﾘ                                         ,   121, 調味料
     00004865, shiki1590                                                          , ｳｽｸﾁｷﾞﾝｼﾞｮｳｼｮｳﾕ 1.8ﾘｯﾄﾙ                                           ,   116, 醤油（酢）
     00004866, shiki1591                                                          , ｳﾏｸﾁｼｮｳﾕ 1.8ﾘｯﾄﾙｲﾘ                                                ,   116, 醤油（酢）
     00004867, shiki1592                                                          , ｱｼﾞﾎﾟﾝ 500ﾐﾘﾘｯﾄﾙ                                                  ,   116, 醤油（酢）
     00004868, shiki1593                                                          , ｺｸﾏﾛｷｰﾏｶﾚｰ ｱﾏｸﾁ148g                                               ,   121, 調味料
     00004869, shiki1594                                                          , ｶﾆｶﾏﾌﾚｰｸ 500gｲﾘ                                                   ,    90, 魚介類
     00004870, shiki1595                                                          , ｽﾃｰｷｼｮｳﾕﾆﾝﾆｸﾌｳﾐ 1205g                                             ,   116, 醤油（酢）
     00004871, shiki1596                                                          , ﾄﾛｹﾙﾁｰｽﾞ 130gｲﾘ                                                   ,   108, 乳製品
     00004872, shiki1597                                                          , ﾌﾗｲﾄﾞｸﾙﾄﾝ 200gｲﾘ                                                  ,   100, その他
     00004873, shiki1598                                                          , ｷｻﾞﾐｵｸﾗ 500gｲﾘ                                                    ,   112, 加工野菜
     00004874, shiki1599                                                          , ﾁｭｳｺﾞｸｻﾝﾐｶﾞｷｱｽﾞｷ 250gｲﾘ                                           ,   112, 加工野菜
     00004876, shiki1600                                                          , ｻｻｶﾞｷｺﾞﾎﾞｳ 100gｲﾘ                                                 ,   100, その他
     00004877, shiki1601                                                          , ｷｬﾍﾞﾂｶｸｷﾘ                                                         ,   112, 加工野菜
     00004878, shiki1602                                                          , ｷﾆﾅﾙﾔｻｲｱｶｳﾄﾞｳﾌﾞﾄﾞｳﾄﾏﾄ125                                          ,   110, 飲料品
     00004879, shiki1603                                                          , ﾎｯｶｲﾄﾞｳﾌﾚｯｼｭｸﾘｰﾑ35                                                ,   108, 乳製品
     00004880, shiki1604                                                          , ｱﾝﾊﾟﾝｶﾝｼﾞｭｸﾘﾝｺﾞ 125ﾐﾘﾘｯﾄﾙｶｹﾙ3                                     ,   110, 飲料品
     00004881, shiki1605                                                          , ｼﾞｮｱ1ﾆﾁCAｽﾄﾛﾍﾞﾘｰ 125ﾐﾘﾘｯﾄﾙ                                        ,   110, 飲料品
     00004882, shiki1606                                                          , ｻﾜﾔｶﾖｰｸﾞﾙﾄ 3P                                                     ,   108, 乳製品
     00004883, shiki1607                                                          , ｽﾐﾔｷｺｰﾋｰｾﾞﾘｰ 3P                                                   ,    93, 甘味
     00004884, shiki1608                                                          , ｱｯﾌﾟﾙ100ﾊﾟｰｾﾝﾄ200ﾐﾘﾘｯﾄﾙ                                           ,   110, 飲料品
     00004885, shiki1609                                                          , ｴﾋﾞﾌﾗｲ(ﾊﾞﾅﾒｲ)LM260g10ﾋﾞｲﾘ                                         ,    90, 魚介類
     00004886, shiki1610                                                          , ﾌﾚﾝﾁﾄﾞﾚｯｼﾝｸﾞ ｱｶ 1ﾘｯﾄﾙ                                             ,   121, 調味料
     00004887, shiki1611                                                          , ﾚｽﾄﾗﾝﾕｰｽﾋﾞｰﾌｶﾚｰ ﾁｭｳｶﾗ3kgｲﾘ                                        ,   100, その他
     00004888, shiki1612                                                          , ﾊﾟﾙﾒｻﾞﾝﾁｰｽﾞﾊﾟｳﾀﾞｰ 500gｲﾘ                                          ,   108, 乳製品
     00004889, shiki1613                                                          , ｱｵﾘﾝｺﾞｾﾞﾘｰﾉﾓﾄ 600gｲﾘ                                              ,   100, その他
     00004890, shiki1614                                                          , ﾊﾙﾏｷﾉｶﾜ 50ﾏｲｲﾘ                                                    ,   100, その他
     00004891, shiki1615                                                          , ﾌｷﾐｽﾞﾆﾛﾝｸﾞ (ﾑﾁｬｸｼｮｸ)1kgｲﾘ                                         ,   112, 加工野菜
     00004892, shiki1616                                                          , ｶｸｷﾘﾎﾟﾃﾄｻﾗﾀﾞ 1kgｲﾘ                                                ,   112, 加工野菜
     00004893, shiki1617                                                          , ｲｿﾉﾕｷ(ｽｼﾏｷｺﾝﾌﾞ)10ﾏｲ                                               ,   100, その他
     00004894, shiki1618                                                          , ｸﾞﾘｰﾝﾋﾟｰｽﾍﾟｰｽﾄ 1kgｲﾘ                                              ,   112, 加工野菜
     00004895, shiki1619                                                          , ﾔｻｲﾀｷｱﾜｾ(ﾁｸｾﾞﾝﾆ)1kgｲﾘ                                             ,   112, 加工野菜
     00004896, shiki1620                                                          , ｱﾏﾗﾝｻｽ 4ｷｭｰﾌﾞ                                                     ,    69, その他稲葉農園
     00004897, shiki1621                                                          , ﾌｫｰｽﾄﾙﾊﾞｰﾌﾞ                                                       ,    72, ハーブ＆ローズ
     00004898, shiki1622                                                          , ｴﾃﾞｨﾌﾙﾌﾗﾜｰｾｯﾄ(ﾀﾞｲ)                                                ,    72, ハーブ＆ローズ
     00004899, shiki1623                                                          , ｵｸｻﾘｽ(ﾑﾗｻｷ)                                                       ,    72, ハーブ＆ローズ
     00004900, shiki1624                                                          , ｽｲｰﾄｱﾘｯｻﾑ                                                         ,    72, ハーブ＆ローズ
     00004901, shiki1632                                                          , ｱｲｶﾞﾓﾑﾈｼﾛﾐｿﾌｳ 1kg(5ﾎﾝｲﾘ)                                          ,    89, 肉類
     00004902, shiki1633                                                          , ﾎﾝｶﾗｽﾐJ 75g                                                       ,    90, 魚介類
     00004903, shiki1634                                                          , ﾚﾝｺﾝﾉﾕｽﾞﾏﾘﾈ 1kgｲﾘ                                                 ,   100, その他
     00004904, shiki1635                                                          , ｺﾉﾊﾅﾝｷﾝ 50ｺｲﾘ                                                     ,   112, 加工野菜
     00004905, shiki1636                                                          , ﾜｶｸｻﾃﾏﾘｻｰﾓﾝ 40ｺ                                                   ,    90, 魚介類
     00004906, shiki1637                                                          , ｷﾞﾝﾅﾝｶﾝ 7/4ｱｵﾊﾅｲﾁ                                                 ,   112, 加工野菜
     00004907, shiki1638                                                          , ｱﾙﾐﾎｲﾙ 30ｶｹﾙ50                                                    ,   100, その他
     00004908, shiki1639                                                          , ﾋﾟﾝﾁｮｽﾖｳｼﾞ 1000ﾎﾝｲﾘ                                               ,   100, その他
     00004909, shiki1640                                                          , PCｼﾘｺﾝｺﾞﾑﾍﾞﾗ                                                      ,   100, その他
     00004910, shiki1641                                                          , ﾆﾄﾘﾙｸﾞﾛｰﾌﾞ  M                                                     ,   100, その他
     00004911, shiki1642                                                          , ﾆﾄﾘﾙｸﾞﾛｰﾌﾞ S                                                      ,   100, その他
     00004912, shiki1643                                                          , ｾﾊﾉｰﾙ 78 4ﾘｯﾄﾙ                                                    ,   100, その他
     00004913, shiki1644                                                          , ｻﾗﾝﾗｯﾌﾟ 30ｾﾝﾁ                                                     ,   100, その他
     00004914, shiki1645                                                          , ﾄﾘﾓﾓ ｶｯﾄ(ｾｲｹｲ)                                                    ,    89, 肉類
     00004915, shiki1646                                                          , ﾌﾞﾀｶﾀﾛｰｽｼｮｳｶﾞﾔｷ                                                   ,    89, 肉類
     00004917, shiki1655                                                          , ﾄﾘﾓﾓﾐｶﾜﾅｼｺﾏｷﾘ                                                     ,    89, 肉類
     00004918, shiki1656                                                          , ｳｲﾝﾅｰ                                                             ,    89, 肉類
     00004919, shiki1659                                                          , VPｼﾞｮｳｿﾞｳﾘｮｳﾘｼｭ 1.8ﾘｯﾄﾙ                                           ,   121, 調味料
     00004920, shiki1660                                                          , ｽﾊﾞﾙｷｷﾓﾓ                                                          ,    88, その他果物
     00004921, shiki1661                                                          , ｶﾝｿｳｼﾛｲﾝｹﾞﾝ (ﾄﾛｸｽﾝ)kg                                             ,   107, 乾物
     00004922, shiki1662                                                          , ﾊﾞﾚｲｼｮ                                                            ,    45, その他根菜類
     00004923, shiki1663                                                          , ｱｶﾀﾏｺﾞ L10ｺｲﾘ                                                     ,   115, 玉子（加工品）
     00004924, shiki1664                                                          , ｸｽﾞｷﾘ 500gｲﾘ                                                      ,   107, 乾物
     00004925, shiki1665                                                          , ｼｮｸﾌﾞﾂｾｲﾅﾏｸﾘｰﾑ 1ﾘｯﾄﾙｲﾘ                                            ,   108, 乳製品
     00004926, shiki1666                                                          , ﾚｲﾄｳｺｰﾝﾍﾟｰｽﾄ 1kgｲﾘ                                                ,   112, 加工野菜
     00004927, shiki1667                                                          , ﾃﾘﾔｷﾎﾀﾃ 1kgｲﾘ                                                     ,    90, 魚介類
     00004928, shiki1668                                                          , ﾐｿﾔｷﾁｷﾝ 25ﾏｲ                                                      ,    89, 肉類
     00004929, shiki1669                                                          , ｶｲｾﾝﾂﾒ 8ｺｲﾘ                                                       ,    90, 魚介類
     00004930, shiki1670                                                          , ｼｮｸｾﾞﾝｼｮﾉﾓﾄ ｱｵｳﾒ                                                  ,   110, 飲料品
     00004931, shiki1671                                                          , ｼﾞｮｳｾﾝｼﾛﾐｿ 2kgｲﾘ　ｲｼﾉﾐｿ                                           ,    94, 味噌類
     00004932, shiki1672                                                          , ﾂﾌﾞｼﾞｮｳｾﾝｼﾛﾐｿ 2kgｲﾘ　ﾂﾌﾞﾐｿ　ｲｼﾉ                                   ,    94, 味噌類
     00004933, shiki1675                                                          , ﾃﾝｹｽﾞﾙﾓﾘﾂｹﾊｼ 28ｾﾝﾁ                                                ,   100, その他
     00004934, shiki1676                                                          , ﾏﾂ)ﾆﾝｼﾞﾝﾐｼﾞﾝ                                                      ,   112, 加工野菜
     00004935, shiki1679                                                          , ﾌｪﾝﾈﾙ                                                             ,    17, その他葉物
     00004936, shiki1680                                                          , ﾌﾗﾜｰｺ　1kgｲﾘ                                                      ,   100, その他
     00004937, shiki1681                                                          , ｼﾛﾀﾞｰﾂ                                                            ,   100, その他
     00004938, shiki1682                                                          , ｱﾕﾀﾃﾞ                                                             ,   100, その他
     00004939, shiki1683                                                          , ﾊﾅﾏﾙｷｭｳﾘ                                                          ,    21, 胡瓜
     00004940, shiki1684                                                          , ﾊﾅﾂｷｷｭｳﾘ                                                          ,    21, 胡瓜
     00004941, shiki1699                                                          , ｻﾗﾀﾞﾊﾞｰﾈｯﾄ(ﾊﾟﾝﾌﾟﾙﾈﾙ)                                              ,    72, ハーブ＆ローズ
     00004942, shiki1700                                                          , ﾌﾞﾛﾝｽﾞﾌｪﾝﾈﾙ                                                       ,    72, ハーブ＆ローズ
     00004943, shiki1701                                                          , ﾔﾛｳ(ｾｲﾖｳﾉｺｷﾞﾘｿｳ)                                                  ,    72, ハーブ＆ローズ
     00004944, shiki1702                                                          , ﾚﾓﾝﾊﾞｰﾑ                                                           ,    72, ハーブ＆ローズ
     00004945, shiki1703                                                          , ﾓﾛｯｺﾐﾝﾄ(ｽﾍﾟｱﾐﾝﾄ)                                                  ,    72, ハーブ＆ローズ
     00004946, shiki1704                                                          , ｵｾﾞｲﾕｻﾝｷﾞｰﾆｭ(ﾚｯﾄﾞｿﾚﾙ)                                             ,    72, ハーブ＆ローズ
     00004947, shiki1705                                                          , ﾜｲﾙﾄﾞﾙｯｺﾗ(ｾﾙﾊﾞﾁｺ)                                                 ,    72, ハーブ＆ローズ
     00004948, shiki1706                                                          , ﾘﾍﾞｯｼｭ                                                            ,    72, ハーブ＆ローズ
     00004949, shiki1707                                                          , ｷﾉﾒ                                                               ,    72, ハーブ＆ローズ
     00004950, shiki1708                                                          , ﾃﾞｨﾙ                                                              ,    72, ハーブ＆ローズ
     00004951, shiki1709                                                          , ﾊﾟｾﾘ                                                              ,    72, ハーブ＆ローズ
     00004952, shiki1710                                                          , ﾅｽﾀﾁｳﾑ ﾊﾅ                                                         ,    72, ハーブ＆ローズ
     00004953, shiki1711                                                          , ｴﾙﾀﾞｰﾌﾗﾜｰ                                                         ,    72, ハーブ＆ローズ
     00004954, shiki1712                                                          , ｴﾃﾞｨﾌﾙﾛｰｽﾞｾｯﾄ                                                     ,    72, ハーブ＆ローズ
     00004955, shiki1713                                                          , ｵﾚｶﾞﾉ                                                             ,    72, ハーブ＆ローズ
     00004956, shiki1714                                                          , ﾒｷｼｶﾝﾀﾗｺﾞﾝ                                                        ,    72, ハーブ＆ローズ
     00004957, shiki1715                                                          , ﾚﾓﾝﾏﾘｰｺﾞｰﾙﾄﾞ                                                      ,    72, ハーブ＆ローズ
     00004958, shiki1716                                                          , ﾊﾞﾗ(ｶﾝｿｳ･ﾊﾅﾋﾞﾗ)                                                   ,    72, ハーブ＆ローズ
     00004959, shiki1717                                                          , ﾍﾞﾙﾍﾞﾝﾇ                                                           ,    72, ハーブ＆ローズ
     00004960, shiki1718                                                          , ｲﾁｼﾞｸﾉﾊ                                                           ,    72, ハーブ＆ローズ
     00004961, shiki1719                                                          , ﾋﾞｵﾗ                                                              ,    72, ハーブ＆ローズ
     00004962, shiki1720                                                          , ｸｽﾞｺ 500gｲﾘ                                                       ,   100, その他
     00004963, shiki1721                                                          , ｲﾀｾﾞﾗﾁﾝ ﾐﾄﾞﾘ                                                      ,   100, その他
     00004964, shiki1722                                                          , ﾕﾃﾞｱｽﾞｷ 400gｲﾘ                                                    ,   100, その他
     00004965, shiki1723                                                          , 140gｲﾘ                                                            ,   112, 加工野菜
     00004966, shiki1724                                                          , ﾀﾝｻﾝ 400gﾘｲﾘ                                                      ,   100, その他
     00004967, shiki1725                                                          , ﾐｮｳﾊﾞﾝ 500gｲﾘ                                                     ,   100, その他
     00004968, shiki1726                                                          , ﾊﾞｼﾞﾙ                                                             ,   100, その他
     00004969, shiki1727                                                          , ﾊﾟｾﾘｶﾝｿｳ                                                          ,   100, その他
     00004970, shiki1728                                                          , ﾋﾔｼﾁｭｳｶ                                                           ,   100, その他
     00004971, shiki1729                                                          , ｶﾀｸﾘｺ 300gｲﾘ                                                      ,   100, その他
     00004972, shiki1730                                                          , ﾃﾝｶｽ 100gｲﾘ                                                       ,   100, その他
     00004973, shiki1731                                                          , ｲﾛｺ ｱｶ 5.5gｲﾘ                                                     ,   100, その他
     00004974, shiki1732                                                          , ﾎﾟｯｶﾚﾓﾝ 450ﾐﾘﾘｯﾄﾙ                                                 ,   121, 調味料
     00004975, shiki1733                                                          , ﾈﾘﾜｻﾋﾞ 43gｲﾘ                                                      ,   100, その他
     00004976, shiki1734                                                          , ﾊﾟﾝｺ 2kgｲﾘ                                                        ,   100, その他
     00004977, shiki1735                                                          , ﾘｮｳﾘｼｭ 1ﾘｯﾄﾙ                                                      ,   121, 調味料
     00004978, shiki1736                                                          , ｻﾝｼｮｳｺ　10gｲﾘ                                                     ,   121, 調味料
     00004979, shiki1737                                                          , ｷｸﾗｹﾞ(ﾎｰﾙ)50gｲﾘ                                                   ,   107, 乾物
     00004980, shiki1738                                                          , ﾐｽﾞｱﾒ 1kgｲﾘ                                                       ,   100, その他
     00004981, shiki1739                                                          , ﾔﾝｸﾞｺｰﾝｶﾝ #3                                                      ,   112, 加工野菜
     00004982, shiki1740                                                          , ｼﾞｮｳｼﾝｺ 1 250gｲﾘ                                                  ,   100, その他
     00004983, shiki1741                                                          , ｼｮﾝｼｮﾝ 500gｲﾘ                                                     ,   100, その他
     00004984, shiki1742                                                          , ｼﾛｷｸ 1.8ﾘｯﾄﾙ                                                      ,   121, 調味料
     00004985, shiki1743                                                          , ｶﾙﾋﾟｽ ｷｮﾎｳ 470ﾐﾘﾘｯﾄﾙ                                              ,   110, 飲料品
     00004986, shiki1746                                                          , ｲﾄｷﾘﾄｳｶﾞﾗｼ 100gｲﾘ                                                 ,   100, その他
     00004987, shiki1747                                                          , ｲﾛｺ ｷ 5.5g                                                        ,   100, その他
     00004988, shiki1748                                                          , ﾑｴﾝﾊﾞﾀｰ 200gｲﾘ                                                    ,   108, 乳製品
     00004989, shiki1749                                                          , ｳｽｸﾁｼｮｳﾕ 1.8ﾘｯﾄﾙ                                                  ,   116, 醤油（酢）
     00004990, shiki1750                                                          , ｼｵｺｼｮｳ ﾌｸﾛｲﾘ                                                      ,   121, 調味料
     00004991, shiki1751                                                          , ﾄﾝｶﾂｿｰｽ 1.8ﾘｯﾄﾙ                                                   ,   121, 調味料
     00004992, shiki1752                                                          , ﾈﾘｺﾞﾏ ｸﾛ 300gｲﾘ                                                   ,   121, 調味料
     00004993, shiki1753                                                          , ﾂﾕﾒｲｼﾞﾝ 1ﾘｯﾄﾙ                                                     ,   121, 調味料
     00004994, shiki1754                                                          , ﾘﾎﾞﾝﾌｧﾝﾌｧｯﾚ 200gｲﾘ                                                ,   107, 乾物
     00004995, shiki1755                                                          , ﾀﾞﾝｺﾞｺ 200gｲﾘ                                                     ,   100, その他
     00004996, shiki1756                                                          , ｷﾅｺ ｺｸｻﾝｷﾅｺ 200gｲﾘ                                                ,   100, その他
     00004997, shiki1757                                                          , ｸﾛｺﾅ 150gｲﾘ                                                       ,   100, その他
     00004998, shiki1758                                                          , ｻﾗｽﾊﾟ 200gｲﾘ                                                      ,   107, 乾物
     00004999, shiki1759                                                          , ｲｯｷｭｳﾑｷﾞﾁｬ                                                        ,   100, その他
     00005000, shiki1760                                                          , ｺｲｸﾁｼｮｳﾕ 1.8ﾘｯﾄﾙﾍﾞｯｾｲ                                             ,   116, 醤油（酢）
     00005001, shiki1761                                                          , ﾎｳｼｮﾊﾟｲﾋﾞｰﾌｼﾁｭｰ 5ｺｲﾘ                                              ,   100, その他
     00005002, shiki1762                                                          , ｻﾂﾏｲﾓﾚﾓﾝﾆ 1kgﾘｲﾘ ﾄﾚｰ                                              ,   112, 加工野菜
     00005003, shiki1763                                                          , ﾔｷﾅｽ 50g565ﾎﾝ                                                     ,   112, 加工野菜
     00005004, shiki1764                                                          , ﾁｭｳｶﾒﾝ 250gｲﾘ                                                     ,   100, その他
     00005005, shiki1765                                                          , ｼﾗﾊﾅﾏﾒ ﾆﾏﾒ 1kgｲﾘ                                                  ,    93, 甘味
     00005006, shiki1766                                                          , ｶﾀｸﾘｺ 1kgｲﾘ                                                       ,   100, その他
     00005007, shiki1767                                                          , ﾛｳﾕｵｳ                                                             ,   116, 醤油（酢）
     00005008, shiki1768                                                          , ｱｼﾞﾉﾓﾄ 1kgｲﾘ                                                      ,   121, 調味料
     00005009, shiki1769                                                          , ﾎﾟｯｶﾚﾓﾝ 70ｼｮｳ                                                     ,   121, 調味料
     00005010, shiki1770                                                          , ﾊｸﾄｳｶﾝ #4                                                         ,   112, 加工野菜
     00005011, shiki1771                                                          , ｼﾞｭﾝﾊﾁﾐﾂ 1kgｲﾘ                                                    ,   100, その他
     00005012, shiki1772                                                          , ｼｬﾝﾀﾝ 50gｲﾘ                                                       ,   121, 調味料
     00005013, shiki1773                                                          , ｷﾞﾝﾅﾝﾐｽﾞﾆ #7                                                      ,   112, 加工野菜
     00005014, shiki1774                                                          , ﾊｶﾀﾉｼｵ 1kgﾘ                                                       ,   121, 調味料
     00005015, shiki1775                                                          , ﾏﾖﾄﾞﾚ 315ﾐﾘﾘｯﾄﾙ                                                   ,   121, 調味料
     00005016, shiki1776                                                          , ｸﾛｺﾅ 1kgｲﾘ                                                        ,   100, その他
     00005017, shiki1777                                                          , ｼﾞｮｳｼﾝｺ 1kgｲﾘ                                                     ,   100, その他
     00005018, shiki1781                                                          , ﾀﾏｺﾞｿｳﾒﾝ                                                          ,   107, 乾物
     00005019, shiki1782                                                          , ﾏﾂﾉﾐ ﾅﾏ 200gｲﾘ                                                    ,   107, 乾物
     00005020, shiki1783                                                          , ﾖﾝｽﾝｳﾝﾘｭｳｼｷｼ(ｱｻｶﾞｵ)100ﾏｲｲﾘ                                        ,    99, 飾り物
     00005021, shiki1784                                                          , ｳﾝﾘｭｳｼｷｶﾐﾖﾝｽﾝ (ｱｵﾓﾐｼﾞ)100ﾏｲｲﾘ                                     ,    99, 飾り物
     00005022, shiki1787                                                          , ﾌﾝｶﾜﾝｻﾝｺﾂﾌﾞﾎﾀﾃﾏﾂﾏｴﾂﾞｹ 800gｲﾘ                                      ,   100, その他
     00005023, shiki1786                                                          , ｼｷﾉｶﾐｻﾞﾗ(ﾅﾝﾃﾝ)200ﾏｲｲﾘ                                             ,    99, 飾り物
     00005024, shiki1788                                                          , ﾄｳﾓﾛｺｼﾏﾝｼﾞｭｳ 15ｺｲﾘ                                                ,   100, その他
     00005025, shiki1789                                                          , ｷｼﾀﾞ ｱｼﾞﾂｷﾎﾟﾝｽﾞ ｳﾏﾎﾟﾝ 1.8ﾘｯﾄﾙ                                     ,   116, 醤油（酢）
     00005026, shiki1790                                                          , ｷｼﾀﾞ ｻﾞ･ﾄﾏﾄﾌｳﾐ 1ﾘｯﾄﾙ                                              ,   116, 醤油（酢）
     00005027, shiki1791                                                          , ｱｻﾂﾞｹﾉﾓﾄ  36gｲﾘ                                                   ,   100, その他
     00005028, shiki1792                                                          , ﾒﾝﾂﾕ 1ﾘｯﾄﾙ                                                        ,   116, 醤油（酢）
     00005029, shiki1793                                                          , ｸｺﾉﾐ 20gｲﾘ                                                        ,   107, 乾物
     00005030, shiki1794                                                          , ｶｯﾃｰｼﾞﾁｰｽﾞ ｻﾗﾀﾞﾖｳ                                                 ,   108, 乳製品
     00005031, shiki1795                                                          , ﾁｮｳｾﾝﾂﾞｹﾉﾓﾄ                                                       ,   100, その他
     00005032, shiki1796                                                          , ｺﾅｾﾞﾗﾁﾝ 30gｲﾘ                                                     ,   100, その他
     00005033, shiki1797                                                          , ｺｲｸﾁｼｮｳﾕ 1.8ﾘｯﾄﾙ                                                  ,   116, 醤油（酢）
     00005034, shiki1804                                                          , ﾀｹﾌｫｰｸ                                                            ,   100, その他
     00005035, shiki1805                                                          , ﾌｰﾄﾞ P-200                                                        ,   100, その他
     00005036, shiki1806                                                          , ﾃﾝｼ ﾑｼﾞ                                                           ,    99, 飾り物
     00005037, shiki1807                                                          , ｱｻｶﾞｵ                                                             ,   100, その他
     00005038, shiki1808                                                          , ｸﾛﾓｼﾞ 100ﾎﾝｲﾘ                                                     ,   100, その他
     00005039, shiki1809                                                          , ﾜｺﾞﾑ #16100gｲﾘ                                                    ,   100, その他
     00005040, shiki1810                                                          , ﾃｯﾎﾟｳｸｼ 8ｾﾝﾁ 100ﾎﾝｲﾘ                                              ,    99, 飾り物
     00005041, shiki1811                                                          , ｵﾚﾝｼﾞｼﾞｭｰｽ 200ﾐﾘﾘｯﾄﾙ                                              ,   110, 飲料品
     00005042, shiki1812                                                          , ｸﾞﾚｰﾌﾟｼﾞｭｰｽ 900ﾐﾘﾘｯﾄﾙ                                             ,   110, 飲料品
     00005043, shiki1813                                                          , ﾐｶﾝｶﾝ M#1                                                         ,    93, 甘味
     00005044, shiki1814                                                          , ｽﾃｨｯｸｼｭｶﾞｰ 3g100ﾎﾝｲﾘ                                              ,   100, その他
     00005045, shiki1815                                                          , ｱｰﾄｺｰﾋｰﾌﾚｯｼｭ 4.5ﾐﾘﾘｯﾄﾙ50ｺ                                         ,   100, その他
     00005046, shiki1816                                                          , ｶﾞﾑｼﾛｯﾌﾟ 11g20ｺ                                                   ,   100, その他
     00005047, shiki1817                                                          , ｼﾁﾘｱﾚﾓﾝ(ｶｼﾞｭｳ100ﾊﾟｰｾﾝﾄ)720ﾐﾘﾘｯﾄﾙ                                  ,   110, 飲料品
     00005048, shiki1818                                                          , ｻﾂﾏｱｹﾞｽﾗｲｽ( 500gｲﾘ                                                ,   100, その他
     00005049, shiki1819                                                          , ｱﾏﾐｱｯｻﾘﾐｶﾝ 1.5kgｲﾘ                                                ,    93, 甘味
     00005050, shiki1820                                                          , ﾊﾟｲｼｰﾄ 160g                                                       ,   100, その他
     00005051, shiki1821                                                          , ﾉﾘﾂｸﾀﾞﾆ                                                           ,   100, その他
     00005052, shiki1822                                                          , ｳｽｲﾀ                                                              ,   100, その他
     00005053, shiki1824                                                          , ﾀｹｸｼ 18ｾﾝﾁ 1kgｲﾘ                                                  ,    99, 飾り物
     00005054, shiki1825                                                          , ﾎﾝﾐﾘﾝ 1.8ﾘｯﾄﾙｲﾘ                                                   ,   121, 調味料
     00005055, shiki1826                                                          , ﾀﾏﾘｼｮｳﾕ ﾄｸﾀﾞｲ                                                     ,   121, 調味料
     00005056, shiki1827                                                          , ｸﾚｼｱﾊﾝﾄﾞﾀｵﾙｽﾘﾑEXｿﾌﾄ                                               ,   100, その他
     00005057, shiki1828                                                          , ｸｯｷﾝｸﾞｼｰﾄ                                                         ,   100, その他
     00005058, shiki1829                                                          , ｶﾞｰｾﾞ 30ｾﾝﾁ10ﾒｰﾄﾙ                                                 ,   100, その他
     00005059, shiki1833                                                          , ｴﾋﾞﾉｳﾏﾆ L20ﾋﾞｲﾘ                                                   ,    90, 魚介類
     00005060, shiki1834                                                          , ﾋﾄｸﾁﾔｷﾕﾊﾞ 12ｺｲﾘ                                                   ,   100, その他
     00005061, shiki1835                                                          , ﾋﾒﾀﾞｲｷﾘﾐ 15g40ｷﾘ                                                  ,    90, 魚介類
     00005062, shiki1836                                                          , ﾅﾒﾗｶｸﾘｰﾑﾁｰｽﾞﾌﾞﾘｭﾚ                                                 ,    93, 甘味
     00005063, shiki1841                                                          , ﾔﾏﾜｻﾋﾞ                                                            ,    39, わさび
     00005064, shiki1842                                                          , ｸｽﾞｺ 500gｲﾘ                                                       ,   100, その他
     00005065, shiki1845                                                          , ｵｰﾛﾗｶｽﾀｰﾄﾞ 15ｺｲｺｲﾘ                                                ,    93, 甘味
     00005066, shiki1846                                                          , ﾔｷﾄｳﾓﾛｺｼﾃﾘｰﾇ                                                      ,   100, その他
     00005067, shiki1848                                                          , ﾌﾙｰﾂｿｰｽ ｽﾄﾛﾍﾞﾘｰ 500gｲﾘ                                            ,   112, 加工野菜
     00005068, shiki1851                                                          , ﾊﾞｯﾃﾗｺﾝﾌﾞ 100ﾏｲ                                                   ,   100, その他
     00005069, shiki1853                                                          , ﾌﾞﾀﾆｸﾄﾄﾘﾆｸﾉﾌﾟﾁﾃﾘｰﾇ                                                ,    89, 肉類
     00005071, shiki1854                                                          , ｻｶｲﾐﾅﾄｻﾝﾍﾞﾆｽﾞﾜｲｶﾆｲﾘﾂﾐﾚ 50ｺｲﾘ                                      ,   100, その他
     00005072, shiki1855                                                          , ﾊﾅｶﾗｽﾐﾊﾟｳﾀﾞｰ 50g                                                  ,   100, その他
     00005073, shiki1856                                                          , ｴﾀﾞﾏﾒｲｸｾﾞﾝｹﾞﾝﾏｲｱｹﾞ 36ｺﾔｸ22g36ｺｲﾘ                                  ,   100, その他
     00005074, shiki1857                                                          , ｳｷｺ 1kgｲﾘ                                                         ,   100, その他
     00005075, shiki1858                                                          , ｻﾝｼｮｳｺ(ｼﾞｮｳ)17gｲﾘ　ｺﾅｻﾝｼｮｳ                                        ,   100, その他
     00005076, shiki1860                                                          , 1kgｱｶﾈｯﾄﾀﾏｺﾞ                                                      ,   115, 玉子（加工品）
     00005077, shiki1861                                                          , ｷﾇｱﾂｱｹﾞ                                                           ,    98, 豆腐類
     00005078, shiki1862                                                          , ﾔﾏ)ﾄｳﾆｭｳ                                                          ,    98, 豆腐類
     00005079, shiki1863                                                          , ｽﾍﾟｼｬﾙﾊﾟﾘｼﾞｬﾝ                                                     ,   119, パン
     00005080, shiki1864                                                          , ｼｮｺﾗｽﾍﾟｼｬﾙ                                                        ,   119, パン
     00005081, shiki1865                                                          , ﾙｳﾞｧﾝﾊﾞﾀｰﾛｰﾙ(6)ﾏｰｶﾞﾘﾝｲﾘ                                           ,   119, パン
     00005082, shiki1870                                                          , ﾀﾞｲﾀﾞｲｽ 1.8ﾘｯﾄﾙｲﾘ                                                 ,   116, 醤油（酢）
     00005083, shiki1871                                                          , ｱｰﾓﾝﾄﾞｽﾔｷ 460gｲﾘ                                                  ,   100, その他
     00005084, shiki1872                                                          , ｶｲｾﾝﾚﾝｺﾝﾊｻﾐｱｹﾞ 1kg                                                ,   100, その他
     00005085, shiki1878                                                          , ｷｭｳﾘﾇｶﾂﾞｹ                                                         ,   118, 漬物
     00005086, shiki1880                                                          , ﾂﾙﾑﾗｻｷ                                                            ,   100, その他
     00005087, shiki1881                                                          , ｳｽｱｵｷﾞﾝﾅﾝ                                                         ,   112, 加工野菜
     00005088, shiki1882                                                          , ﾗﾝﾁﾊﾟｯｸ(ｷｰﾏｶﾚｰ)                                                   ,   119, パン
     00005089, shiki1883                                                          , ﾗﾝﾁﾊﾟｯｸ (ﾊﾑｶﾂﾛｽｸﾗﾝﾌﾞﾙｴｯｸﾞ)                                        ,   119, パン
     00005090, shiki1884                                                          , ﾗﾝﾁﾊﾟｯｸ(ｺｰﾝｲﾘｺﾛｯｹﾄ                                                ,   119, パン
     00005091, shiki1885                                                          , ｺｯﾍﾟﾊﾟﾝ(ﾋﾟｰﾅｯﾂｸﾘｰﾑ)                                               ,   119, パン
     00005092, shiki1886                                                          , ﾍﾞﾆｽﾞﾜｲｶﾆﾌﾚｰｸ RW55                                                ,    90, 魚介類
     00005093, shiki1887                                                          , ﾁｬﾏﾒﾌｳｴﾀﾞﾏﾒ                                                       ,    30, 豆
     00005094, shiki1890                                                          , ｱｼﾞﾉﾂﾎﾞﾐ 300gｲﾘ　ﾁｬﾁｬ                                             ,   100, その他
     00005095, shiki1892                                                          , ｲﾛﾄﾞﾘ  ﾏｻｺﾞｱﾗﾚ 300gｲﾘ                                             ,   100, その他
     00005096, shiki1893                                                          , ｻｲｺﾛｺﾝﾆｬｸ 1ｾﾝﾁ1kgｲﾘ                                               ,   101, こんにゃく類
     00005097, shiki1894                                                          , ｺｳﾒ(ﾊﾟｯｸ)                                                         ,   118, 漬物
     00005098, shiki1895                                                          , ｷｻﾞﾐﾀｶﾅ 1                                                         ,   118, 漬物
     00005099, shiki1896                                                          , ｳﾒｽﾀｸｱﾝ                                                           ,   118, 漬物
     00005100, shiki1897                                                          , ﾀﾏｺﾞ S10kgｲﾘ                                                      ,   115, 玉子（加工品）
     00005101, shiki1898                                                          , ｺﾞﾐﾌﾞｸﾛ 45ﾘｯﾄﾙｲﾘ                                                  ,   100, その他
     00005102, shiki1899                                                          , ﾏﾂﾊﾞｸｼ 5ｾﾝﾁ 100ﾎﾝｲﾘ                                               ,    99, 飾り物
     00005103, shiki1900                                                          , ﾄｰﾁﾎﾞﾝﾍﾞ                                                          ,   100, その他
     00005104, shiki1901                                                          , ｷｯﾁﾝｱﾜﾊｲﾀｰﾂｹｶｴ                                                    ,   100, その他
     00005105, shiki1902                                                          , STﾀﾜｼ                                                             ,   100, その他
     00005106, shiki1903                                                          , ｳﾁﾉｲﾀﾏｴｻﾝ L385ｶｹﾙ240ｶｹﾙ150ﾏｲ                                      ,   100, その他
     00005107, shiki1904                                                          , ｸﾆｷｸｱﾏｻﾞｹ 985ﾐﾘﾘｯﾄﾙ                                               ,   110, 飲料品
     00005108, shiki1905                                                          , ﾚｲﾄｳﾌﾞﾛｯｺﾘｰ 500gｲﾘ                                                ,   112, 加工野菜
     00005109, shiki1906                                                          , ﾕｽﾞｶｼﾞｭｳ 300ﾐﾘﾘｯﾄﾙ                                                ,   110, 飲料品
     00005110, shiki1907                                                          , ﾃﾝﾒﾝｼﾞｬﾝ 1kgｲﾘ                                                    ,   121, 調味料
     00005111, shiki1908                                                          , ﾗｲﾄﾏﾖﾈｰｽﾞ 1kgｲﾘ                                                   ,   121, 調味料
     00005112, shiki1909                                                          , ﾕﾃﾞｱｽﾞｷ 200gｲﾘ                                                    ,    30, 豆
     00005113, shiki1910                                                          , ﾓﾁﾑｷﾞ 200gｲﾘ                                                      ,   114, 米
     00005114, shiki1911                                                          , ﾐﾘﾝ 1ﾘｯﾄﾙ                                                         ,   121, 調味料
     00005115, shiki1912                                                          , ｺｳﾔﾄｳﾌ                                                            ,   107, 乾物
     00005116, shiki1913                                                          , ﾎｼｼｲﾀｹ(ﾁｭｳｺﾞｸ)100gｲﾘ                                              ,   107, 乾物
     00005117, shiki1914                                                          , ﾅﾒﾀｹ 400gｲﾘ                                                       ,   100, その他
     00005118, shiki1915                                                          , ﾊﾞｰﾓﾝﾄｶﾚｰ 1kgｲﾘ                                                   ,   100, その他
     00005119, shiki1916                                                          , ﾌﾟﾛｾｽﾁｰｽﾞ 200g                                                    ,   108, 乳製品
     00005120, shiki1917                                                          , ｵｲｽﾀｰｿｰｽ 725ﾐﾘﾘｯﾄﾙ                                                ,   121, 調味料
     00005121, shiki1918                                                          , ｱﾏﾆｱﾌﾞﾗ                                                           ,   121, 調味料
     00005122, shiki1919                                                          , ｲﾘｺﾞﾏ ｼﾛ 100gｲﾘ                                                   ,   121, 調味料
     00005123, shiki1920                                                          , ｸﾘｱｶﾞｰ                                                            ,   100, その他
     00005124, shiki1921                                                          , ｼｿｳﾒ 40gｲﾘ                                                        ,   100, その他
     00005125, shiki1922                                                          , ｺｰﾝｸﾘｰﾑ 900ﾐﾘﾘｯﾄﾙ                                                 ,   100, その他
     00005126, shiki1923                                                          , ｽﾊﾟｹﾞﾃｨｰ(ﾊﾞﾗ)                                                     ,   107, 乾物
     00005127, shiki1924                                                          , ｱｰﾓﾝﾄﾞｴｯｾﾝｽ 30ﾐﾘﾘｯﾄﾙ                                              ,   100, その他
     00005128, shiki1925                                                          , ﾃﾘﾔｷﾉﾀﾚ 235g                                                      ,   100, その他
     00005129, shiki1926                                                          , ｺｸﾓﾂｽ 1.8ﾘｯﾄﾙ                                                     ,   116, 醤油（酢）
     00005130, shiki1927                                                          , ﾉﾘﾀﾏ 28g                                                          ,   100, その他
     00005131, shiki1928                                                          , ｱｰﾓﾝﾄﾞﾌﾟｰﾄﾞﾙ 1kg(ﾊﾞﾗ)                                             ,   100, その他
     00005132, shiki1929                                                          , ｶﾞﾑｼﾛｯﾌﾟ 13gｶｹﾙ50                                                 ,   100, その他
     00005133, shiki1930                                                          , ｼｬﾌﾞｼｬﾌﾞﾓﾁﾓﾁ 500gｲﾘ                                               ,   100, その他
     00005134, shiki1931                                                          , ｸｽﾞｺ 150g                                                         ,   100, その他
     00005135, shiki1932                                                          , ｺﾞﾏｼｵ ｸﾛ 1kgﾘ                                                     ,   100, その他
     00005136, shiki1933                                                          , ｶﾎﾞｽｶｼﾞｭｳ 145gｲﾘ                                                  ,   100, その他
     00005137, shiki1934                                                          , ｽﾘｺﾞﾏ ｼﾛ 1kgｲﾘ                                                    ,   100, その他
     00005138, shiki1935                                                          , ｺﾒｱﾌﾞﾗ 1.8ﾘｯﾄﾙ                                                    ,   116, 醤油（酢）
     00005139, shiki1936                                                          , ｱﾏｸｻﾉｼｵ 1kgｲﾘ                                                     ,   121, 調味料
     00005140, shiki1937                                                          , ｼﾞｭﾝｾｲｺﾞﾏｱﾌﾞﾗ 1.8ﾘｯﾄﾙ                                             ,   121, 調味料
     00005141, shiki1938                                                          , ｱｼﾞﾎﾟﾝ 1.8ﾘｯﾄﾙ                                                    ,   121, 調味料
     00005142, shiki1939                                                          , ﾊﾅｶﾂｵ 70gｲﾘ                                                       ,   107, 乾物
     00005143, shiki1940                                                          , ﾏｶﾛﾆ(kg)                                                          ,   107, 乾物
     00005144, shiki1941                                                          , ｸﾗﾌﾄｷﾚﾃﾙﾁｰｽﾞ 134g                                                 ,   108, 乳製品
     00005145, shiki1942                                                          , ｺﾞﾏｼｵ 50gｲﾘ                                                       ,   100, その他
     00005146, shiki1943                                                          , ｸﾛｻﾄｳ ｺｹｲ 300gｲﾘ                                                  ,   100, その他
     00005147, shiki1950                                                          , ﾎﾟｯﾌﾟｺｰﾝ                                                          ,   100, その他
     00005148, shiki1944                                                          , ｲﾂｷｿﾊﾞ                                                            ,   107, 乾物
     00005149, shiki1946                                                          , ﾚﾝｺﾝﾊｻﾐｱｹﾞ(ｴﾀﾞﾏﾒ)15ｺ                                              ,   100, その他
     00005150, shiki1947                                                          , ｲﾅﾆﾜｳﾄﾞﾝ 180g                                                     ,   107, 乾物
     00005151, shiki1948                                                          , ｺﾞﾎﾞｳﾄｷｸﾗｹﾞﾉﾋﾟﾘｶﾗﾆ                                                ,   100, その他
     00005152, shiki1949                                                          , ﾑｼｶﾓﾛｰｽ 1.5kg                                                     ,   100, その他
     00005153, shiki1951                                                          , ｱｵｳﾒﾅｶﾞｼ                                                          ,    93, 甘味
     00005154, shiki1952                                                          , ｹﾞﾝﾏｲｽ 900ﾐﾘﾘｯﾄﾙ                                                  ,   116, 醤油（酢）
     00005155, shiki1953                                                          , ﾄﾘﾑﾈｶﾜﾅｼｿｷﾞｷﾞﾘ                                                    ,    89, 肉類
     00005156, shiki1954                                                          , ﾒｲｽｲﾓﾔｼ(DB)8kgｲﾘ                                                  ,   102, もやし
     00005157, shiki1955                                                          , ｱｾﾛﾗﾋﾞﾀﾐﾝC 900ﾐﾘﾘｯﾄﾙ                                              ,   110, 飲料品
     00005158, shiki1958                                                          , ｳｽﾀｰｿｰｽ 1.8ﾘｯﾄﾙ                                                   ,   121, 調味料
     00005159, shiki1959                                                          , ﾚﾉﾝﾒﾛﾝ                                                            ,    88, その他果物
     00005160, shiki1961                                                          , ｼﾞｭﾝｻｲﾄｸﾖｳﾐｯｸｽ ｺｹｲ1kgｲﾘ                                           ,   100, その他
     00005161, shiki1962                                                          , ﾚｲﾄｳｲﾁｼﾞｸ M1kgｲﾘ                                                  ,    88, その他果物
     00005162, shiki1963                                                          , ﾄｳｶﾞﾝｶｽﾐ(ｱﾐｳﾁ)50ｺｲﾘ                                               ,   112, 加工野菜
     00005163, shiki1964                                                          , ﾅﾏﾌｳｺﾞｸｼﾞｮｳｼﾞｭﾝｻｲ ｺｹｲ400g                                         ,   100, その他
     00005164, shiki1965                                                          , ﾐﾆｵｸﾗ                                                             ,   100, その他
     00005165, shiki1967                                                          , ﾃﾞﾘｼｬｽﾊﾝﾊﾞｰｸﾞ 60gｶｹﾙ25ｺ                                           ,    89, 肉類
     00005166, shiki1968                                                          , ｱｼﾞﾌﾗｲ 60gｶｹﾙ50ｺ                                                  ,    90, 魚介類
     00005167, shiki1969                                                          , ｼﾛﾐﾌﾗｲ 60gｶｹﾙ50ｺ                                                  ,    90, 魚介類
     00005168, shiki1971                                                          , ﾀﾞｼｺﾝﾌﾞ 300gｲﾘ                                                    ,   107, 乾物
     00005169, shiki1972                                                          , ﾀﾞｲｽﾁｰｽﾞ(S) 1kgｲﾘ                                                 ,   108, 乳製品
     00005170, shiki1973                                                          , ﾚﾓﾝｾﾞﾘｰﾉﾓﾄ 600gｲﾘ                                                 ,    93, 甘味
     00005171, shiki1974                                                          , ﾐｯｸｽﾅｯﾂ 900gｲﾘ                                                    ,   107, 乾物
     00005172, shiki1975                                                          , ﾋﾟｰﾁｼﾞｭｰｽ ﾎﾃﾚｽ 1ﾘｯﾄﾙ                                              ,   110, 飲料品
     00005173, shiki1976                                                          , ﾌﾗｲﾄﾞｵﾆｵﾝ 200gｲﾘ                                                  ,   107, 乾物
     00005174, shiki1977                                                          , ﾅﾒｼ 250gｲﾘ                                                        ,   107, 乾物
     00005175, shiki1978                                                          , ﾆｸｼｭｳﾏｲ 30gｶｹﾙ20ｺ                                                 ,    89, 肉類
     00005176, shiki1979                                                          , ｱｼﾞﾂｷｼｲﾀｹ ﾎｰﾙM #1                                                 ,   100, その他
     00005177, shiki1980                                                          , ﾌﾘｶｹ(ﾀﾏｺﾞ) 500giﾘ                                                 ,   100, その他
     00005178, shiki1981                                                          , ｱｼﾞﾂｷﾌｷ 1kgｲﾘ                                                     ,   100, その他
     00005179, shiki1982                                                          , ｵﾚﾝｼﾞｾﾞﾘｰﾉﾓﾄ 600gｲﾘ                                               ,   100, その他
     00005180, shiki1983                                                          , ｶﾀﾇｷﾁｰｽﾞ 15gｶｹﾙ40ｺ                                                ,   108, 乳製品
     00005181, shiki1984                                                          , ﾊｯﾁｬﾝﾀｺﾀｺﾔｷ 20gｶｹﾙ50ｺ                                             ,   100, その他
     00005182, shiki1985                                                          , ﾔｻｲﾐｯｸｽﾁｯﾌﾟｽ 200gｲﾘ                                               ,   107, 乾物
     00005183, shiki1986                                                          , ｱﾜｾｽﾘﾐｿ                                                           ,    94, 味噌類
     00005184, shiki1988                                                          , ｶﾗｲﾓ(ﾍﾞﾆﾊﾙｶ) (kg                                                  ,    40, 唐芋
     00005185, shiki1989                                                          , ｳﾁｺｲﾗﾅｲｱｹﾞｼﾞｮｳｽﾞﾃﾝﾌﾟﾗｺ 1kgｲﾘ                                      ,   100, その他
     00005186, shiki1990                                                          , ｱｶｻﾞｹﾘｮｳﾘﾖｳ 1.8ﾘｯﾄﾙ                                               ,   121, 調味料
     00005187, shiki1991                                                          , ﾚｲﾄｳｽﾊﾟｹﾞﾃｨ 200gｲﾘ                                                ,   120, 麺
     00005188, shiki1992                                                          , ﾐｯｸｽﾍﾞｼﾞﾀﾌﾞﾙ 1kgﾘｲﾘ                                               ,   112, 加工野菜
     00005189, shiki1993                                                          , ｵﾐｽﾞﾃﾞｶｲﾄｳｷﾞﾝﾚｲﾁｭｳｶﾒﾝ 200gｲﾘ                                      ,   120, 麺
     00005190, shiki1994                                                          , ﾓﾘﾅｶﾞﾉﾔｻｼｲｺﾒｺｳｼﾞｱﾏｻﾞｹ 1000ﾐﾘﾘｯﾄﾙ                                  ,   110, 飲料品
     00005191, shiki1995                                                          , ﾀｺﾔｷｿｰｽ 300gﾘｲﾘ                                                   ,   121, 調味料
     00005192, shiki1996                                                          , ﾓﾛﾍｲﾔ                                                             ,    17, その他葉物
     00005193, shiki1997                                                          , ｻﾝｼｮｸﾌﾟﾁﾀﾞﾝｺﾞ 15ﾎﾝｲﾘ                                              ,    93, 甘味
     00005194, shiki1998                                                          , ﾌﾟｯﾁﾝﾌﾟﾘﾝ 3ｺP                                                     ,    93, 甘味
     00005195, shiki1999                                                          , Bigﾌﾟｯﾁﾝﾌﾟﾘﾝ 160g                                                 ,    93, 甘味
     00005196, shiki2000                                                          , ﾔｷﾄｳﾌ 250g                                                        ,    98, 豆腐類
     00005197, shiki2001                                                          , ﾅﾏｷｸﾗｹﾞ                                                           ,    54, その他きのこ類
     00005198, shiki2002                                                          , ｾﾝｻﾞｷｶﾏﾎﾞｺ                                                        ,   117, 練り製品
     00005199, shiki2003                                                          , ﾗｯｷｮｳ                                                             ,    36, らっきょう
     00005200, shiki2004                                                          , ﾀｲﾑ                                                               ,   100, その他
     00005201, shiki2006                                                          , ﾗｯｷｮｳｽ 1.8ﾘｯﾄﾙ                                                    ,   116, 醤油（酢）
     00005202, shiki2007                                                          , ｼｭｿﾞｳﾉﾎﾝﾐﾘﾝ 1.8ﾘｯﾄﾙ                                               ,   121, 調味料
     00005203, shiki2008                                                          , ｱｼﾞﾎﾟﾝ 1ﾘｯﾄﾙ                                                      ,   121, 調味料
     00005204, shiki2009                                                          , ｼｬﾄｰﾆﾝｼﾞﾝ 500gｲﾘ                                                  ,   112, 加工野菜
     00005205, shiki2010                                                          , ﾎｳﾚﾝｿｳｲﾘｼﾗｱｴ 500gｲﾘ                                               ,   100, その他
     00005206, shiki2011                                                          , ｷﾝﾋﾟﾗｺﾞﾎﾞｳ 1kgｲﾘ                                                  ,   112, 加工野菜
     00005207, shiki2012                                                          , ﾋｼﾞｷﾉﾆﾓﾉ 1kgﾘｲﾘ                                                   ,   100, その他
     00005208, shiki2013                                                          , ｼｸﾗﾒﾝ(ｷｼﾒﾝ)250gｶｹﾙ5                                               ,   120, 麺
     00005209, shiki2014                                                          , ﾒﾛﾝｾﾞﾘｰﾉﾓﾄ 600gｲﾘ                                                 ,   100, その他
     00005210, shiki2015                                                          , ﾌﾞﾀﾛｰｽｸｼｶﾂ 30gｶｹﾙ100                                              ,    89, 肉類
     00005211, shiki2016                                                          , ｳｽｺﾛﾓﾃﾂﾞｸﾘｶﾗｱｹﾞ(ﾓﾓ)1kgｲﾘ                                          ,    89, 肉類
     00005212, shiki2017                                                          , IQFｱｶﾏﾙｶﾏﾎﾞｺ 2.5300gｲﾘ                                            ,   117, 練り製品
     00005213, shiki2018                                                          , ｸﾙﾄﾝ(ﾉﾝﾌﾗｲﾀｲﾌﾟ)100gｲﾘ                                             ,   100, その他
     00005214, shiki2019                                                          , ｸｰﾙｾﾞﾘｰﾉﾓﾄ 600gｲﾘ                                                 ,   100, その他
     00005215, shiki2020                                                          , ｶﾎﾞﾁｬﾗﾝｷﾞﾘ 1500g                                                  ,   112, 加工野菜
     00005216, shiki2022                                                          , ﾌﾞﾗｯｸｼﾞｬｯｸ ｽｲｶ                                                    ,    88, その他果物
     00005217, shiki2023                                                          , ｱｵｳﾒ                                                              ,   118, 漬物
     00005218, shiki2024                                                          , ﾍﾞｰｺﾝｽﾗｲｽ 5ﾐﾘｾﾝｷﾞﾘ                                                ,    89, 肉類
     00005219, shiki2025                                                          , ﾌﾞﾀｶﾀｺﾏｷﾘ                                                         ,    89, 肉類
     00005220, shiki2027                                                          , ﾚｻﾞﾝｱﾙﾒｯﾄ 3ﾎﾝｲﾘ                                                   ,    93, 甘味
     00005221, shiki2028                                                          , ﾌﾗﾝﾎﾞﾜｰｽﾞ                                                         ,    88, その他果物
     00005222, shiki2029                                                          , ｼｵｺｼｮｳ 1kgｲﾘ                                                      ,   121, 調味料
     00005223, shiki2030                                                          , ｽｲﾄﾝｺ 900gｲﾘ                                                      ,   100, その他
     00005224, shiki2031                                                          , ﾏﾛﾆｰ 500100gｲﾘ                                                    ,   107, 乾物
     00005225, shiki2032                                                          , ﾏｰﾏﾚｰﾄﾞｼﾞｬﾑ ｶｯﾌﾟ                                                  ,    93, 甘味
     00005226, shiki2033                                                          , ｼｵﾕﾃﾞｴﾀﾞﾏﾒ 500gｲﾘ                                                 ,    30, 豆
     00005227, shiki2034                                                          , ｱｶｳｵｻｲｷｮｳﾔｷ 15g20ｷﾘ                                               ,    90, 魚介類
     00005228, shiki2035                                                          , ｽﾊﾟｲｼｰﾏｽﾀｰﾄﾞ 500g                                                 ,   121, 調味料
     00005229, shiki2036                                                          , ｺｼｮｳ 300gｲﾘ                                                       ,   121, 調味料
     00005230, shiki2037                                                          , ｵﾘｰﾌﾞｵｲﾙ(ﾋﾟｭｱ)200ﾐﾘﾘｯﾄﾙ                                           ,   121, 調味料
     00005231, shiki2038                                                          , ﾂﾌﾞﾏｽﾀｰﾄﾞ 90g                                                     ,   121, 調味料
     00005232, shiki2039                                                          , ｼﾝｺﾒｺ 300gｲﾘ                                                      ,   107, 乾物
     00005233, shiki2040                                                          , ｻﾗﾀﾞﾏｶﾛﾆ 150g                                                     ,   107, 乾物
     00005234, shiki2041                                                          , ﾓﾁﾓﾁﾑｷﾞ 400gｲﾘ                                                    ,   107, 乾物
     00005235, shiki2042                                                          , ｲﾘｺ                                                               ,    90, 魚介類
     00005236, shiki2043                                                          , ｼｵｺｼｮｳ 500gｲﾘ                                                     ,   121, 調味料
     00005237, shiki2044                                                          , ﾌﾗﾜｰｺ　1kgｲﾘ                                                      ,   100, その他
     00005238, shiki2045                                                          , ｺﾞﾏｱﾌﾞﾗ 130ﾐﾘﾘｯﾄﾙ                                                 ,   116, 醤油（酢）
     00005239, shiki2046                                                          , ﾕｳｴﾝﾊﾞﾀｰ 100gｲﾘ                                                   ,   121, 調味料
     00005240, shiki2047                                                          , ｼｵｺｼｮｳ 225gｲﾘ                                                     ,   121, 調味料
     00005241, shiki2048                                                          , ｺﾝﾌﾞﾀﾞｼ 1kgｲﾘ                                                     ,   121, 調味料
     00005242, shiki2049                                                          , ｷｸﾗｹﾞ ﾎｰﾙ(kg)                                                     ,   107, 乾物
     00005243, shiki2050                                                          , ﾊﾔﾕﾃﾞﾏｶﾛﾆ 160gｲﾘ                                                  ,   107, 乾物
     00005244, shiki2051                                                          , ｲﾅｱｶﾞｰ 500gｲﾘ                                                     ,   107, 乾物
     00005245, shiki2052                                                          , ﾜﾌｳﾄﾞﾚｯｼﾝｸﾞ 1ﾘｯﾄﾙ                                                 ,   121, 調味料
     00005246, shiki2053                                                          , ｷｸﾗｹﾞｽﾗｲｽ 100gｲﾘ                                                  ,   107, 乾物
     00005247, shiki2054                                                          , ｳﾒｿｳﾒﾝ                                                            ,   107, 乾物
     00005248, shiki2055                                                          , ﾎﾝﾀﾞｼ 1kgｲﾘ                                                       ,   121, 調味料
     00005249, shiki2056                                                          , ｺｸﾓﾂｽ 800ﾐﾘﾘｯﾄﾙ                                                   ,   116, 醤油（酢）
     00005250, shiki2057                                                          , ｶｯﾄﾄﾏﾄ #4                                                         ,   112, 加工野菜
     00005251, shiki2058                                                          , ｸﾛｺﾅ 500gｲﾘ                                                       ,   100, その他
     00005252, shiki2059                                                          , ﾋﾟｻﾞｿｰｽ 200gｲﾘ                                                    ,   100, その他
     00005253, shiki2060                                                          , ｼｭｰｽﾄﾘﾝｸﾞﾎﾟﾃﾄ 1kgｲﾘ                                               ,   112, 加工野菜
     00005254, shiki2061                                                          , ﾓﾁｷﾋﾞ 500gｲﾘ                                                      ,   107, 乾物
     00005255, shiki2062                                                          , ﾕｽﾞﾐｿ ﾁｭｰﾌﾞ                                                       ,    94, 味噌類
     00005256, shiki2063                                                          , ﾀﾍﾞﾙﾗｰﾕ                                                           ,   121, 調味料
     00005257, shiki2064                                                          , ﾊｶﾀﾉｼｵ ﾔｷｼｵ 1kgｲﾘ                                                 ,   121, 調味料
     00005258, shiki2065                                                          , ｳｷｺ 1kgｲﾘ                                                         ,   100, その他
     00005259, shiki2066                                                          , ｷﾘｼﾏﾉﾐｽﾞ 2ﾘｯﾄﾙ                                                    ,   110, 飲料品
     00005260, shiki2070                                                          , ﾌﾞﾗｯｸｷｬﾋﾞｱ 50gｲﾘ                                                  ,    90, 魚介類
     00005261, shiki2072                                                          , ｺﾞﾏﾄｳﾌ(ｴﾀﾞﾏﾒ)                                                     ,    98, 豆腐類
     00005262, shiki2073                                                          , ﾃﾏｷｵﾆｷﾞﾘ(ｷｼｭｳｻﾝﾅﾝｺｳｳﾒﾈﾘｳﾒ)                                        ,   114, 米
     00005263, shiki2074                                                          , ﾃﾏｷｵﾆｷﾞﾘ(ｼｬｹ)                                                     ,   114, 米
     00005264, shiki2075                                                          , ﾃﾏｷｵﾆｷﾞﾘ(ﾂﾅ)                                                      ,   114, 米
     00005265, shiki2076                                                          , ﾃﾏｷｵﾆｷﾞﾘ(ｺﾝﾌﾞ)                                                    ,   114, 米
     00005266, shiki2077                                                          , ﾃﾏｷｵﾆｷﾞﾘ(ﾌﾞﾀﾔｷﾆｸﾌｳ)                                               ,   114, 米
     00005267, shiki2078                                                          , ｶﾀｱｹﾞﾘﾝｸﾞﾄﾞｰﾅﾂ(8)                                                 ,   119, パン
     00005268, shiki2079                                                          , ﾃﾏｷｵﾆｷﾞﾘ(ｺﾝﾌﾞﾏﾖﾈｰｽﾞ)                                              ,   114, 米
     00005269, shiki2080                                                          , ﾃﾏｷｵﾆｷﾞﾘ(ｵｶｶ)                                                     ,   114, 米
     00005270, shiki2081                                                          , ｱｶﾓﾐｼﾞﾎﾞｳﾌ(ﾀﾞｲ)3ﾎﾝｲﾘ                                              ,   100, その他
     00005271, shiki2082                                                          , ｶｲｾﾝﾘｮｳｼﾂﾐﾚﾌｸﾞ 50ｺ                                                ,    90, 魚介類
     00005272, shiki2083                                                          , ﾀｺﾃﾘﾔｷ ｼｮｳ 30ｺ                                                    ,    90, 魚介類
     00005273, shiki2084                                                          , ｲﾝｹﾞﾝ M500gｲﾘ                                                     ,   112, 加工野菜
     00005274, shiki2085                                                          , ﾒﾝﾂﾕ(2ﾊﾞｲ)1.8ﾘｯﾄﾙ                                                 ,   116, 醤油（酢）
     00005275, shiki2086                                                          , ｻｳｻﾞﾝｱｲﾗﾝﾄﾞﾄﾞﾚｯｼﾝｸﾞ 1ﾘｯﾄﾙ                                         ,   121, 調味料
     00005276, shiki2087                                                          , ｸﾞﾚｰﾌﾟｾﾞﾘｰﾉﾓﾄ 600gｲﾘ                                              ,   100, その他
     00005277, shiki2088                                                          , ﾄﾛｹﾙｽﾗｲｽﾁｰｽﾞ 14ﾏｲ                                                 ,   108, 乳製品
     00005278, shiki2089                                                          , ﾋﾅｸﾞﾁｸﾜ 3ﾎﾝｲﾘ                                                     ,    90, 魚介類
     00005279, shiki2090                                                          , ｲﾄｺﾝﾆｬｸ 5ｾﾝﾁ1kgｲﾘ                                                 ,   101, こんにゃく類
     00005280, shiki2092                                                          , ﾀｹｸｼ 15ｾﾝﾁ 100ﾎﾝｲﾘ                                                ,     1, 水菜
     00005281, shiki2093                                                          , ﾊﾞﾗﾝ ｵｵﾊﾞ                                                         ,    99, 飾り物
     00005282, shiki2097                                                          , ﾎﾞｲﾙﾄｳﾓﾛｺｼ                                                        ,    20, とうもろこし
     00005283, shiki2105                                                          , ｾﾞﾌﾞﾗﾅｽ                                                           ,    26, 茄子
     00005284, shiki2106                                                          , ﾌﾟﾚﾐｱﾑﾊｸﾎｳﾓﾓ                                                      ,    88, その他果物
     00005285, shiki2107                                                          , ｷｭｳﾘ(ﾌｸﾛ)                                                         ,    21, 胡瓜
     00005286, shiki2108                                                          , ｻﾜｰｸﾘｰﾑ 90gｲﾘ                                                     ,   108, 乳製品
     00005287, shiki2109                                                          , ﾏｽｶﾙﾎﾟｰﾈ                                                          ,   108, 乳製品
     00005288, shiki2110                                                          , ｶﾌﾞﾗﾉﾏﾘﾈ(ｸﾝｾｲﾄﾘ)1kgｲﾘ                                             ,    89, 肉類
     00005289, shiki2111                                                          , ｷｼﾀﾞﾎﾝﾀﾞｲﾀﾞｲｼﾎﾞﾘｽ                                                 ,   116, 醤油（酢）
     00005290, shiki2112                                                          , ﾍﾞﾆｽﾞﾜｲﾎﾞｳｸｽﾞﾚ 1kgｲﾘ                                              ,    90, 魚介類
     00005291, shiki2113                                                          , ﾚﾝｺﾝﾐｽﾞﾆ ﾎｰﾙM 1kgｲﾘ(5ﾎﾝ)ｲﾘ                                        ,   112, 加工野菜
     00005292, shiki2114                                                          , ﾚﾝｺﾝｳﾗｺﾞｼ 1kgｲﾘ                                                   ,   112, 加工野菜
     00005293, shiki2115                                                          , ｿﾗﾏﾒﾍﾟｰｽﾄ 1kgｲﾘ                                                   ,   112, 加工野菜
     00005294, shiki2117                                                          , ｶﾝｿｳ)ｷﾝﾄｷﾏﾒ                                                       ,    30, 豆
     00005295, shiki2118                                                          , ｼｰﾁｷﾝﾏｲﾙﾄﾞ 140gｲﾘ                                                 ,    90, 魚介類
     00005296, shiki2119                                                          , ﾌｸﾀﾛｳｶﾗｼﾒﾝﾀｲｺ 500gｲﾘ                                              ,    90, 魚介類
     00005297, shiki2128                                                          , ﾁｬﾏﾒｴﾀﾞﾏﾒ                                                         ,    30, 豆
     00005298, shiki2131                                                          , ﾃﾞﾐｸﾞﾗｽｿｰｽ #7                                                     ,   107, 乾物
     00005299, shiki2132                                                          , ｼﾛﾅｽ                                                              ,    26, 茄子
     00005300, shiki2143                                                          , ﾐﾆﾄﾏﾄ(ﾊｺ)                                                         ,    19, ミニトマト
     00005301, shiki2144                                                          , ﾃﾝｷｮｸﾖｼﾉｸｽﾞ 2kgｲﾘ                                                 ,   100, その他
     00005302, shiki2146                                                          , ｶｼﾞﾉﾊ                                                             ,   100, その他
     00005303, shiki2147                                                          , ｼｲﾀｹｽﾗｲｽ 100gｲﾘ                                                   ,   107, 乾物
     00005304, shiki2148                                                          , ｼｵﾜｶﾒ 300gｲﾘ                                                      ,   111, 海藻類
     00005305, shiki2149                                                          , ﾜｷﾞﾘﾄｳｶﾞﾗｼ 10gｲﾘ                                                  ,   107, 乾物
     00005306, shiki2150                                                          , ｷｬﾗﾒﾙｿｰｽ 665gｲﾘ                                                   ,    93, 甘味
     00005307, shiki2151                                                          , ｼﾗﾀﾏｺ 250gｲﾘ                                                      ,   107, 乾物
     00005308, shiki2152                                                          , ｲﾘｺﾞﾏ ｸﾛ 1kgｲﾘ                                                    ,   107, 乾物
     00005309, shiki2161                                                          , ｶﾞｽﾎﾞﾝﾍﾞ                                                          ,   100, その他
     00005310, shiki2162                                                          , ﾌｼﾞｽｰﾊﾟｰﾆﾄﾘﾙ ｸﾛS                                                  ,   100, その他
     00005311, shiki2163                                                          , ﾓｸﾀﾝ 10kg                                                         ,   100, その他
     00005312, shiki2179                                                          , ｼｿｿｳﾒﾝ 110gｲﾘ                                                     ,   120, 麺
     00005313, shiki2180                                                          , ﾁｬｿｳﾒﾝ 110gｲﾘ                                                     ,   120, 麺
     00005314, shiki2181                                                          , ﾀﾏｺﾞｿｳﾒﾝ 110ggｲﾘ                                                  ,   120, 麺
     00005315, shiki2182                                                          , ﾔﾜﾗｶｱｶﾐｶｯﾄｽﾃｰｷﾎﾟｰｸ 1kg                                            ,    89, 肉類
     00005316, shiki2183                                                          , ﾌﾞﾄﾞｳﾏﾒ L 2Pﾋﾞﾝ                                                   ,    93, 甘味
     00005317, shiki2184                                                          , ｳﾒ                                                                ,   118, 漬物
     00005318, shiki2186                                                          , ｼﾏﾑﾗｻｷﾅｽ                                                          ,    26, 茄子
     00005319, shiki2195                                                          , ｺﾀﾞﾏｽｲｶ                                                           ,    88, その他果物
     00005320, shiki2196                                                          , ｹﾁｬｯﾌﾟ 1kgｲﾘ                                                      ,   100, その他
     00005321, shiki2200                                                          , ｼﾝ ｶﾗｾﾝｼﾞｭW ﾃﾝﾁｬｸ                                                 ,   100, その他
     00005322, shiki2201                                                          , ﾌﾜﾄﾛﾅｽ                                                            ,    26, 茄子
     00005323, shiki2207                                                          , ﾄｸｾﾝ ﾀﾞｲﾀﾞｲｽ 1.8ﾘｯﾄﾙ　ﾎﾟﾝｽﾞ                                       ,   116, 醤油（酢）
     00005324, shiki2208                                                          , ﾎﾟﾝｽﾞ 1.8ﾘｯﾄﾙ　ﾅﾐ                                                 ,   116, 醤油（酢）
     00005325, shiki2211                                                          , ﾔｷｴﾋﾞｲﾓｸｼ 40ｸｼｲﾘ                                                  ,   112, 加工野菜
     00005326, shiki2212                                                          , ﾄｳﾓﾛｺｼﾃﾝ                                                          ,   112, 加工野菜
     00005327, shiki2213                                                          , ﾊﾞﾙｻﾐｺ ｺﾞｰﾙﾄﾞｸﾞﾚｰｽﾞ 150ﾐﾘﾘｯﾄﾙ                                     ,   100, その他
     00005328, shiki2216                                                          , ｼﾋﾞｶﾗﾏｰﾗｰｴﾝﾄﾞｳ豆                                                  ,    30, 豆
     00005329, shiki2214                                                          , ｶﾏｼｺﾐﾆｱﾅｺﾞｷﾘｵﾄｼ 500gｲﾘ                                            ,    90, 魚介類
     00005330, shiki2215                                                          , 3ｼｭﾉｵﾂﾏﾐ ｴﾝﾄﾞｳﾏﾒ                                                  ,    30, 豆
     00005331, shiki2217                                                          , ﾋｭｳｶﾞﾅﾂｿｰｽｱﾝﾄﾞﾄﾞﾚｯｼﾝｸﾞ 1000ﾐﾘﾘｯﾄﾙ                                 ,   100, その他
     00005332, shiki2218                                                          , ﾕｽﾞﾐｿﾅｽ 1kgｲﾘ                                                     ,   100, その他
     00005333, shiki2219                                                          , ｼｿﾏｷﾀﾞｲｺﾝ 260gｲﾘ                                                  ,   100, その他
     00005334, shiki2220                                                          , ｶﾞﾝｴﾝﾌﾟﾚｰﾄ                                                        ,   100, その他
     00005335, shiki2221                                                          , ﾊﾂｶﾀﾞｲｺﾝ(ﾐﾔｻﾞｷｻﾝ)ｳﾒｽﾂﾞｹ 1kgｲrｲﾘ                                   ,   118, 漬物
     00005336, shiki2222                                                          , ﾄｸｾﾝﾊﾟｯｸ 80g                                                      ,   100, その他
     00005337, shiki2234                                                          , ﾊﾓ 20ﾏｲｲﾘ ﾎﾈｷﾘﾊﾓﾃﾝﾌﾟﾗﾖｳ                                           ,    90, 魚介類
     00005338, shiki2235                                                          , ﾀﾞｲﾅｺﾞﾝ 1                                                         ,   107, 乾物
     00005339, shiki2237                                                          , ｵﾚﾝｼﾞ(ﾊｺ)                                                         ,    76, 柑橘類
     00005340, shiki2238                                                          , ﾁｸﾖｳﾅｽ(ﾎﾝ)                                                        ,    26, 茄子
     00005341, shiki2239                                                          , ﾁｸﾖｳﾅｽ(ﾊｺ)                                                        ,    26, 茄子
     00005342, shiki2240                                                          , ｱﾅｺﾞﾔﾊﾀﾏｷ 10ﾎﾝｲﾘ                                                  ,    89, 肉類
     00005343, shiki2241                                                          , ﾌｶﾋﾚｻﾝﾘｸﾂﾞｹ 300gｲﾘ                                                ,    90, 魚介類
     00005344, shiki2242                                                          , ﾎｸﾞｼﾑｼﾄﾞﾘ 500gｲﾘ                                                  ,    89, 肉類
     00005345, shiki2250                                                          , ﾊﾞﾆﾗｵｲﾙ 28ﾐﾘﾘｯﾄﾙ                                                  ,   121, 調味料
     00005346, shiki2251                                                          , ｱﾝｷﾓｹｰｼﾝｸﾞﾚﾄﾙﾄ 200gｲﾘ                                             ,    89, 肉類
     00005347, shiki2255                                                          , ｱﾀﾘｺﾞﾏ 300gｲﾘ                                                     ,   100, その他
     00005348, shiki2258                                                          , OPPｼｰﾄ 20ｶｹﾙ20 1000ﾏｲ                                             ,    99, 飾り物
     00005349, shiki2264                                                          , ｾｷﾊﾝﾉﾓﾄ 200gｲﾘ                                                    ,    30, 豆
     00005350, shiki2265                                                          , ﾊｲｶﾗｺｰﾝ                                                           ,    20, とうもろこし
     00005351, shiki2267                                                          , Ohﾋﾞｯｸﾘﾓﾃﾅｼｻﾄｲﾓｻｲｷｮｳﾐｿ 1kgｲﾘ                                      ,   100, その他
     00005352, shiki2268                                                          , ﾏｲﾀｹｵﾂﾏﾐﾃﾝ 25ｺ                                                    ,   100, その他
     00005353, shiki2269                                                          , ｶﾆｱﾜﾕｷﾏﾝｼﾞｭｳ 9ｺｲﾘ                                                 ,   100, その他
     00005354, shiki2270                                                          , ﾕｽﾞﾀﾞｲｺﾝ 180gｲﾘ                                                   ,   118, 漬物
     00005355, shiki2271                                                          , ﾊｽﾉﾊ                                                              ,    99, 飾り物
     00005356, shiki2272                                                          , ｱﾜﾋﾞﾀｹ                                                            ,    54, その他きのこ類
     00005357, shiki2273                                                          , ﾄｷｲﾛﾋﾗﾀｹ                                                          ,    54, その他きのこ類
     00005358, shiki2277                                                          , ﾌﾙﾀｶﾅﾂｹ                                                           ,   118, 漬物
     00005359, shiki2279                                                          , ｼﾗﾀｷｿｳﾒﾝ 50gﾀﾊﾞ                                                   ,   120, 麺
     00005360, shiki2280                                                          , ﾏﾝｺﾞﾁｬﾝｸ 500gｲﾘ                                                   ,   112, 加工野菜
     00005361, shiki2281                                                          , ﾙｳﾞｧﾝ ｸﾗｼｶﾙｸﾗｯｶｰ (ｼｵﾅｼ)54ﾏｲ                                       ,   100, その他
     00005362, shiki2282                                                          , ｵﾂｷﾉﾊﾞｼｴﾋﾞ L20ﾋﾞ                                                  ,    90, 魚介類
     00005363, shiki2283                                                          , ﾌﾞﾀﾅﾝｺﾂﾉﾄﾛﾄﾛﾆ 500gｲﾘ                                              ,   100, その他
     00005364, shiki2284                                                          , ﾉﾊﾞｼｴﾋﾞ 20ﾋﾞｲﾘ                                                    ,    90, 魚介類
     00005365, shiki2299                                                          , ﾄｳﾓﾛｺｼﾏﾝｼﾞｭｳ 15ｺｲﾘ                                                ,   100, その他
     00005366, shiki2321                                                          , ﾊｸｻｲﾂﾞｹ 250ggｲﾘ                                                   ,   118, 漬物
     00005367, shiki2322                                                          , ﾖﾝｽﾝｳﾝﾘｭｳ ｺｽﾓｽ100ﾏｲ                                               ,    99, 飾り物
     00005368, shiki2323                                                          , ﾖﾝｽﾝｳﾝﾘｭｳｼｷｼ ｷﾞﾝﾅﾝ 100ﾏｲｲﾘ                                        ,    99, 飾り物
     00005369, shiki2324                                                          , ﾊﾅ ﾖﾝｽﾝｼｷｻｲ ｱｵﾓﾐｼﾞ 100ﾏｲ                                          ,    99, 飾り物
     00005370, shiki2325                                                          , ﾊﾅ ﾖﾝｽﾝｼｷｻｲﾔﾏﾌﾞﾄﾞｳ 100ﾏｲ                                          ,    99, 飾り物
     00005371, shiki2326                                                          , ﾊﾅ ﾖﾝｽﾝｼｷｻｲ ｶｷ 100ﾏｲ                                              ,    99, 飾り物
     00005372, shiki2327                                                          , ﾔｷﾅｽ 50g5ﾎﾝｲﾘ                                                     ,   112, 加工野菜
     00005373, shiki2331                                                          , ﾚｯﾄﾞｶﾗﾝﾄ                                                          ,    88, その他果物
     00005374, shiki2335                                                          , ﾎﾜｲﾄﾍﾟｯﾊﾟｰ                                                        ,   121, 調味料
     00005375, shiki2336                                                          , ｱｲｶﾞﾓ                                                             ,    89, 肉類
     00005376, shiki2338                                                          , ｷｮｳﾉﾄｳﾆｭｳﾒﾝ 400gｲﾘ                                                ,   120, 麺
     00005377, shiki2339                                                          , ﾋｿﾎﾐｿ 750gｲﾘ ﾓﾛﾐ                                                  ,    94, 味噌類
     00005378, shiki2340                                                          , ﾜｶﾄﾘｸﾞﾘｰﾝﾃﾘｰﾇ                                                     ,    89, 肉類
     00005379, shiki2342                                                          , ﾗﾝﾁﾊﾟｯｸ(ﾒﾝﾁｶﾂﾄﾎﾟﾃﾄｻﾗﾀﾞ)                                           ,   119, パン
     00005380, shiki2343                                                          , ﾗﾝﾁﾊﾟｯｸ(ﾁｮｺﾚt-ﾄﾚｰﾄ)ｲﾀﾁｮｺｲﾘ                                        ,   119, パン
     00005381, shiki2344                                                          , ｱｼﾞﾂｷﾛｰﾙ (5)                                                      ,   119, パン
     00005382, shiki2345                                                          , ﾗﾝﾁﾊﾟｯｸ(ﾀｺｽﾐｰﾄ)                                                   ,   119, パン
     00005383, shiki2347                                                          , ﾗﾝﾁﾊﾟｯｸ(ﾌｸｵｶｹﾝｻﾝｱﾏｵｳｲﾁｵgｲﾁｺﾞｼﾞｬﾑｱﾝﾄﾞﾎｲｯﾌ                          ,   119, パン
     00005384, shiki2351                                                          , ﾊﾅﾆﾗ                                                              ,    14, ニラ
     00005385, shiki2352                                                          , ｸﾛﾏﾒ                                                              ,    30, 豆
     00005386, shiki2356                                                          , ｽｼｶﾞﾘ 60gｲﾘ                                                       ,   118, 漬物
     00005387, shiki2359                                                          , ｱﾙﾌﾟｽﾋﾞｼﾞﾝﾓﾓ                                                      ,    88, その他果物
     00005388, shiki2362                                                          , ﾏﾝｺﾞｰﾊﾟﾗﾀﾞｲｽ 65ｶｯﾄ                                                ,    88, その他果物
     00005389, shiki2363                                                          , ｶﾗｾﾝｼﾞｭ(W)140g                                                    ,    92, 珍味
     00005390, shiki2364                                                          , ﾆﾎﾝｿﾊﾞ ﾕﾃﾞﾁﾖｳ 400g                                                ,   120, 麺
     00005391, shiki2365                                                          , ｵﾌｸﾛｱｶﾐｿ 1kgｲﾘ                                                    ,    94, 味噌類
     00005392, shiki2366                                                          , ｼﾏﾊﾞﾗｿｳﾒﾝ 300g (ﾅｶﾞｻｷﾉｲﾄ)300gｲﾘ                                   ,   120, 麺
     00005393, shiki2367                                                          , ｼﾛｻﾞﾗﾄｳ 1kg                                                       ,   121, 調味料
     00005394, shiki2368                                                          , ｶﾝﾋﾟｮｳ (ﾁｭｳｺﾞｸ)                                                   ,   107, 乾物
     00005395, shiki2376                                                          , ﾎﾝｶﾗｽﾐJ 110gｲﾘ                                                    ,    92, 珍味
     00005396, shiki2377                                                          , ﾚｲﾄｳﾔﾏﾄｲﾓ ﾎﾝﾄﾛﾛ                                                   ,   112, 加工野菜
     00005397, shiki2378                                                          , ｲﾁｼﾞｸｻｹｶｽｸﾘｰﾑﾁｰｽﾞ                                                 ,   100, その他
     00005398, shiki2379                                                          , ｱｼﾞﾂｷｶﾚｰﾊﾟｳﾀﾞｰ ﾊﾞｰﾓﾝﾄ 56g                                         ,   121, 調味料
     00005399, shiki2380                                                          , ｾｲｾｲｴﾝ                                                            ,   121, 調味料
     00005400, shiki2381                                                          , EX ｵﾘｰﾌﾞｵｲﾙ 2000ﾐﾘﾘｯﾄﾙ                                            ,   121, 調味料
     00005401, shiki2382                                                          , ｽｼﾀﾛｳ 1.5ｺﾞｳﾌﾞﾝ                                                   ,     1, 水菜
     00005402, shiki2383                                                          , ﾎｰﾙｺｰﾝ #4                                                         ,   112, 加工野菜
     00005403, shiki2384                                                          , ﾛﾌﾞｽﾀｰ 50/80 12                                                   ,    90, 魚介類
     00005404, shiki2385                                                          , ｼﾞｭﾝｾｲｺﾞﾏｱﾌﾞﾗ 200ﾐﾘﾘｯﾄﾙ                                           ,   121, 調味料
     00005405, shiki2387                                                          , ｼﾛﾀﾞｼ 500ﾐﾘﾘｯﾄﾙ                                                   ,   121, 調味料
     00005406, shiki2386                                                          , ﾑｾﾝﾏｲ 1.2kgｲﾘ                                                     ,   114, 米
     00005407, shiki2388                                                          , ｲﾁﾐﾄｳｶﾞﾗｼ 300gｲﾘ                                                  ,   121, 調味料
     00005408, shiki2389                                                          , ﾒﾝﾂﾕ(ｽﾄﾚｰﾄ)600ﾐﾘﾘｯﾄﾙ                                              ,   100, その他
     00005409, shiki2390                                                          , ｱﾏﾐｱｯｻﾘ ﾐｶﾝ 180g                                                  ,    93, 甘味
     00005410, shiki2391                                                          , ｱﾏﾐｱｯｻﾘ ﾊﾟｲﾝ 180g                                                 ,    93, 甘味
     00005411, shiki2392                                                          , ｱﾏﾐｱｯｻﾘ ｵｳﾄｳ 180g                                                 ,    93, 甘味
     00005412, shiki2393                                                          , ﾋﾞｰﾌﾝ 300g                                                        ,   107, 乾物
     00005413, shiki2394                                                          , ｹｰｷｼﾛｯﾌﾟ                                                          ,    93, 甘味
     00005414, shiki2395                                                          , ﾚｲﾄｳｺｸｻﾝﾎｳﾚﾝｿｳ 1kg                                                ,   112, 加工野菜
     00005415, shiki2396                                                          , ｶﾂｵ 6P                                                            ,   107, 乾物
     00005416, shiki2398                                                          , ｺﾅｶﾂｵ 100gｲﾘ                                                      ,   121, 調味料
     00005417, shiki2399                                                          , ﾈｽｺｰﾋｰ 115g                                                       ,   110, 飲料品
     00005418, shiki2400                                                          , ｸｺﾉﾐ 1kg                                                          ,   100, その他
     00005419, shiki2401                                                          , ｵｵﾀﾞﾚ                                                             ,    90, 魚介類
     00005420, shiki2402                                                          , ﾎｼｼｲﾀｹ(ｺｸｻﾝ)                                                      ,   107, 乾物
     00005421, shiki2403                                                          , ﾎｼﾑｷｴﾋﾞ                                                           ,   107, 乾物
     00005422, shiki2404                                                          , ﾈﾘｶﾗｼ(ｲｯｼｮｸ) 200ｼｮｸ                                               ,   100, その他
     00005423, shiki2412                                                          , ｽﾐﾋﾞﾔｷﾁｷﾝﾚｯｸﾞ 5ﾎﾝ                                                 ,    89, 肉類
     00005424, shiki2413                                                          , ｷｮｳｻｸﾗﾐｿ 2kgﾊｺ (ｱｶ)                                               ,    94, 味噌類
     00005425, shiki2415                                                          , ｲﾀﾘｱﾝﾅｽ                                                           ,    26, 茄子
     00005426, shiki2417                                                          , ﾂﾌﾞｱﾝ 1kgｲﾘ                                                       ,    93, 甘味
     00005427, shiki2419                                                          , ﾏﾛﾆｰ 500g                                                         ,   107, 乾物
     00005428, shiki2420                                                          , ｺﾅﾜｻﾋﾞ 500gｲﾘ                                                     ,   121, 調味料
     00005429, shiki2421                                                          , ﾕｽﾞｺｼｮｳ ｼｮｳ                                                       ,   121, 調味料
     00005430, shiki2426                                                          , ﾀﾋﾟｵｶｺﾅ 1kgｲﾘ                                                     ,   100, その他
     00005431, shiki2427                                                          , ｱﾘﾏｻﾝｼｮｳ 200gｲﾘ                                                   ,    92, 珍味
     00005432, shiki2430                                                          , ｾﾞﾗﾁﾝﾘｰﾌ(ｺﾝ)300gｲﾘ                                                ,   107, 乾物
     00005433, shiki2432                                                          , ﾏﾛﾔｶｸﾘM 500g(38/50)                                               ,   112, 加工野菜
     00005434, shiki2433                                                          , ﾏﾛﾔｶｸﾘ(ｼﾌﾞｶﾜ)M(33/41)                                             ,   112, 加工野菜
     00005435, shiki2435                                                          , ﾁﾁﾞﾐｺ 1kgｲﾘ                                                       ,   100, その他
     00005436, shiki2436                                                          , ﾄﾘｺﾞﾎﾞｳｺﾞﾊﾝﾏｾﾞｺﾐ 3ｺﾞｳﾖｳ                                           ,   100, その他
     00005437, shiki2437                                                          , ﾗｰﾕ 31ﾐﾘﾘｯﾄﾙ                                                      ,   121, 調味料
     00005438, shiki2438                                                          , ｺｼｱﾝ 1kgｲﾘ                                                        ,    93, 甘味
     00005439, shiki2439                                                          , ｵｺﾉﾐｿｰｽ 500g                                                      ,   121, 調味料
     00005440, shiki2440                                                          , ﾅﾝｶﾝｿｳﾒﾝ 3ﾀﾊﾞ150g                                                 ,   120, 麺
     00005441, shiki2441                                                          , ﾅﾂｽﾞｷﾝ                                                            ,   100, その他
     00005442, shiki2442                                                          , ﾅﾝﾃﾝｸｼ 9ｱｶ 9ｾﾝﾁ10ﾎﾝｲﾘL                                            ,    99, 飾り物
     00005443, shiki2443                                                          , OPｸﾘｱｼｰﾄ･ｺｳｷﾝﾀｲﾌﾟﾑｼﾞ5ｽﾝ500ﾏｲｲﾘ                                    ,    99, 飾り物
     00005444, shiki2444                                                          , ｻﾂﾏｱｹﾞ                                                            ,   117, 練り製品
     00005445, shiki2445                                                          , ﾄﾘﾓﾓﾐｶﾜﾅｼﾐﾝﾁ                                                      ,    89, 肉類
     00005446, shiki2446                                                          , ｼﾝｶﾗﾂｷｷﾞﾝﾅﾝ                                                       ,   100, その他
     00005447, shiki2447                                                          , ｸﾛﾓｼﾞ 60ﾐﾘ                                                        ,    99, 飾り物
     00005448, shiki2448                                                          , ｶﾐﾉｴﾋﾞﾕｳﾄｳ 30/40 1kgｲﾘ                                            ,     1, 水菜
     00005449, shiki2449                                                          , ﾋｽｲﾑｷｷﾞﾝﾅﾝ 500gｲﾘ                                                 ,   112, 加工野菜
     00005450, shiki2450                                                          , ﾊﾅ･ｺｰﾝﾄｳﾌ(ﾁｭｳ) ｺﾞﾏﾄﾞｳﾌ                                            ,    98, 豆腐類
     00005451, shiki2451                                                          , ﾒｲｽｲﾓﾔｼ ﾈﾄﾘ                                                       ,   102, もやし
     00005452, shiki2452                                                          , ﾆﾝｼﾞﾝﾀﾝｻﾞｸ                                                        ,   112, 加工野菜
     00005453, shiki2454                                                          , ｼﾗｶﾞﾈｷﾞ 90g                                                       ,   112, 加工野菜
     00005454, shiki2457                                                          , ﾔｷｿﾊﾞｿｰｽ 300g                                                     ,   121, 調味料
     00005455, shiki2458                                                          , ｺﾞﾓｸﾏﾒ                                                            ,    97, 袋物
     00005456, shiki2459                                                          , ﾍﾙｼｰﾌｧｰﾑｺﾝｿﾒ 500g                                                 ,   121, 調味料
     00005457, shiki2460                                                          , ｲﾀﾘｱﾝﾄﾞﾚｯｼﾝｸﾞ 1ﾘｯﾄﾙ                                               ,   121, 調味料
     00005458, shiki2461                                                          , ｽﾄﾛﾍﾞﾘｰｾﾞﾘｰﾉﾓﾄ 600g                                               ,    93, 甘味
     00005459, shiki2462                                                          , ﾊﾟﾝｺ 1kgｲﾘ                                                        ,   121, 調味料
     00005460, shiki2463                                                          , ﾅﾏﾊﾟﾝｺ(6ﾐﾘ)1kgｲﾘ                                                  ,   121, 調味料
     00005461, shiki2465                                                          , ｱﾝﾊﾟﾝﾏﾝﾌﾞﾄﾞｳﾘﾝｺﾞ 125ﾐﾘﾘｯﾄﾙｶｹﾙ3                                    ,   110, 飲料品
     00005462, shiki2466                                                          , ｷｵｳﾗﾝ                                                             ,   115, 玉子（加工品）
     00005463, shiki2467                                                          , ｳｲﾝﾅｰ 500gｲﾘ                                                      ,    89, 肉類
     00005464, shiki2468                                                          , ﾄﾘﾓﾓｶﾜﾅｼﾐﾝﾁ                                                       ,    89, 肉類
     00005465, shiki2473                                                          , ﾕﾘﾈﾋﾄｸﾁﾁｬｷﾝ 50ｺｲﾘ                                                 ,    96, 原材料
     00005466, shiki2476                                                          , ﾆｼｷｱｷﾓﾐｼﾞ 48ｺｲﾘ                                                   ,    91, 前菜
     00005467, shiki2477                                                          , ｱﾕｶﾝﾛﾆ 500gｲﾘﾔｸ18ｶﾗ20ﾋﾞ                                           ,    91, 前菜
     00005468, shiki2481                                                          , ﾀﾏﾈｷﾞﾏﾂ)ﾀﾏﾈｷﾞｽﾗｲｽ 1ﾐﾘ                                             ,   112, 加工野菜
     00005469, shiki2483                                                          , ｶｲｿｳｻﾗﾀﾞ                                                          ,   107, 乾物
     00005470, shiki2484                                                          , ﾘﾝｺﾞｼﾞｬﾑ 250gｲﾘ                                                   ,    93, 甘味
     00005471, shiki2485                                                          , ﾋﾟｻﾞｿｰｽ 460gｲﾘ                                                    ,   121, 調味料
     00005472, shiki2486                                                          , ｶﾝﾋﾟｮｳ 50gｲﾘ                                                      ,   107, 乾物
     00005473, shiki2487                                                          , ﾜﾀﾞｼｻﾞﾝﾏｲ                                                         ,   121, 調味料
     00005474, shiki2489                                                          , ｼｷｼﾏﾉﾐｽﾞ 2ﾘｯﾄﾙ                                                    ,   110, 飲料品
     00005475, shiki2490                                                          , ｼﾞｬﾜｶﾚｰ                                                           ,   121, 調味料
     00005476, shiki2491                                                          , ﾐｯｸｽﾁｰｽﾞ 90gｲﾘ                                                    ,   108, 乳製品
     00005477, shiki2492                                                          , ｽｷﾑﾐﾙｸ 140gｲﾘ                                                     ,   108, 乳製品
     00005478, shiki2504                                                          , ﾋｽｲﾑｷｷﾞﾝﾅﾝ 500gｲﾘ                                                 ,   100, その他
     00005479, shiki2505                                                          , ｷﾞｭｳﾆｭｳ 1ﾘｯﾄﾙ                                                     ,   108, 乳製品
     00005480, shiki2514                                                          , ﾀｹｸｼ                                                              ,    99, 飾り物
     00005481, shiki2515                                                          , ﾀｲﾕﾃﾝｼ 19ｶｹﾙ21 500ﾏｲ                                              ,    99, 飾り物
     00005482, shiki2516                                                          , ｼｿｱｼﾞ ﾀｸｱﾝ L                                                      ,   118, 漬物
     00005483, shiki2518                                                          , ﾎﾝﾂｸﾘｷﾑﾁ                                                          ,   118, 漬物
     00005484, shiki2522                                                          , ﾆﾝｼﾞﾝｲﾁｮｳｷﾘ                                                       ,   112, 加工野菜
     00005485, shiki2523                                                          , ﾀﾞｲｺﾝｲﾁｮｳｷﾘ                                                       ,   112, 加工野菜
     00005486, shiki2533                                                          , ｷｸﾗｹﾞｽﾗｲｽ 100gｲﾘ                                                  ,   107, 乾物
     00005487, shiki2534                                                          , ﾔｷﾆｸﾉﾀﾚ 1.55ﾘｯﾄﾙ(ﾁｭｳｶﾗ)                                           ,   121, 調味料
     00005488, shiki2552                                                          , ｱｷﾏﾂﾊﾞ 30ﾎﾝ                                                       ,    91, 前菜
     00005489, shiki2553                                                          , ﾐﾉﾘｸﾘ ｺﾞｸｼｮｳ ｷ 15ｺｲﾘ                                              ,    91, 前菜
     00005490, shiki2554                                                          , ｲﾛﾄﾞﾘﾄｳﾌ(ﾓﾐｼﾞ)50ｺｲﾘ                                               ,    91, 前菜
     00005491, shiki2555                                                          , ﾋｮｳﾀﾝｼﾛｼﾊﾞﾂﾞｹﾌｳﾐ 500gｲﾘ                                           ,   100, その他
     00005492, shiki2556                                                          , ﾊﾅﾓﾁ ﾃﾏﾘ(ｼｮｳ)15ｺｲﾘ                                                ,    91, 前菜
     00005493, shiki2561                                                          , ｽﾀﾞﾁ(ｷ)                                                           ,    76, 柑橘類
     00005494, shiki2567                                                          , ﾋｮｳﾀﾝｱｶｼﾊﾞﾂﾞｹﾌｳﾐ 500gｲﾘ                                           ,   118, 漬物
     00005495, shiki2569                                                          , ｵｵｱｿﾖｰｸﾞﾙﾄ 400g                                                   ,   108, 乳製品
     00005496, shiki2570                                                          , ｾｲﾆｭｳﾃｲｼﾎﾞｳﾆｭｳ 200ﾐﾘﾘｯﾄﾙ                                          ,   108, 乳製品
     00005497, shiki2572                                                          , ｱｿｵｸﾞﾆｼﾞｬｰｼﾞｰ ｷﾞｭｳﾆｭｳ 500ﾐﾘﾘｯﾄﾙ                                   ,   108, 乳製品
     00005498, shiki2573                                                          , ﾄﾞﾝｺﾅﾏｼｲ M(ﾁｭｳｺﾞｸ)500gｲﾘ                                          ,   107, 乾物
     00005499, shiki2574                                                          , ﾊﾞｲｾﾝｺﾞﾏﾄﾞﾚｯｼﾝｸﾞ 1ﾘｯﾄﾙ                                            ,   121, 調味料
     00005500, shiki2575                                                          , ｽﾄﾚｰﾄｶｯﾄﾎﾟﾃﾄ(ｵｳｼｭｳｻﾝ)1kg                                          ,   112, 加工野菜
     00005501, shiki2592                                                          , ﾉｰﾌﾞﾙﾒﾛﾝ                                                          ,    88, その他果物
     00005502, shiki2593                                                          , ｼｿｺﾝﾌﾞ                                                            ,   118, 漬物
     00005503, shiki2595                                                          , ｱｼﾞﾉﾊﾅ                                                            ,   118, 漬物
     00005504, shiki2600                                                          , ｶﾆﾔｶﾞﾂｸｯﾀｶﾆｸﾘｰﾑｺﾛｯｹ 20ｺ                                           ,   100, その他
     00005505, shiki2601                                                          , ｾﾄｳﾁｶｲｻﾝﾉﾘﾃﾝﾄﾘｭﾌﾌｳﾐ 500gｲﾘ                                        ,   100, その他
     00005506, shiki2603                                                          , ﾚｲﾄｳﾀｺ                                                            ,    90, 魚介類
     00005507, shiki2605                                                          , ﾆﾝｼﾞﾝ(ﾊｺ)                                                         ,    35, 人参
     00005508, shiki2606                                                          , Bﾚﾝｺﾝ                                                             ,    38, 蓮根
     00005509, shiki2607                                                          , ｵｸﾗ(ﾎﾝ)                                                           ,   100, その他
     00005510, shiki2609                                                          , ｴﾋﾞﾚﾝｺﾝﾏﾝｼﾞｭｳ 15ｺｲﾘ                                               ,   100, その他
     00005511, shiki2610                                                          , ｿﾌﾄﾏﾘﾈｽﾗｲｽ ﾔｸ150ﾏｲ1kgｲﾘ                                           ,   112, 加工野菜
     00005512, shiki2611                                                          , ﾌﾘｰｽﾞﾄﾞﾗｲﾎﾝﾔｷﾅｽ 20g                                               ,   112, 加工野菜
     00005513, shiki2612                                                          , ｶｷﾐｿｺﾞﾎﾞｳ 1kgｲﾘ                                                   ,   100, その他
     00005514, shiki2613                                                          , ﾔﾏｶﾞﾀｹﾝｻﾝｻｸﾗﾝﾎﾞｾﾞﾘｰ                                               ,   112, 加工野菜
     00005515, shiki2614                                                          , ﾃﾊﾞｻｷﾒﾝﾀｲ 550g10ﾎﾝｲﾘ                                              ,    89, 肉類
     00005516, shiki2615                                                          , ﾁｷﾝﾉｾﾄｳﾁﾚﾓﾝﾏｽﾀｰﾄﾞﾏﾘﾈ 1kgｲﾘ                                        ,   100, その他
     00005517, shiki2621                                                          , ｼｬｹｼｵﾔｷ 30g10ｷﾘｲﾘ                                                 ,    90, 魚介類
     00005518, shiki2622                                                          , ｴﾀﾞﾏﾒﾁｸｾﾞﾝｹﾞﾝﾏｲｱｹﾞ 36ｺｲﾘ                                          ,   100, その他
     00005519, shiki2623                                                          , ｱﾐｳﾁﾄｳｶﾞﾝ ﾁｭｳ 20ｺｲﾘ                                               ,   112, 加工野菜
     00005520, shiki2624                                                          , ｱﾏﾐｱｯｻﾘ ﾊｸﾄｳﾀﾞｲｽ 1.5kg                                            ,    93, 甘味
     00005521, shiki2625                                                          , ﾊﾔﾆｳﾄﾞﾝ 100gｶｹｳrｶｹﾙ5ﾀﾊﾞ                                           ,   107, 乾物
     00005522, shiki2626                                                          , ｶｷｺｵﾘﾖｳｼﾛｯﾌﾟ ﾌﾞﾙｰﾊﾜｲ 1800ﾐﾘﾘｯﾄﾙ                                   ,    93, 甘味
     00005523, shiki2627                                                          , ﾃﾘﾀﾞｼﾖｳﾀﾚ 1.2kg                                                   ,   121, 調味料
     00005524, shiki2628                                                          , ﾑｷｿﾗﾏﾒ 500gｲﾘ                                                     ,   112, 加工野菜
     00005525, shiki2629                                                          , ﾚｲﾄｳｺｰﾝｶｰﾈﾙ                                                       ,   112, 加工野菜
     00005526, shiki2630                                                          , ｺﾝｿﾒ(J)500gｲﾘ                                                     ,   121, 調味料
     00005527, shiki2631                                                          , ｶｲｿｳｻﾗﾀﾞﾏﾘﾝｾﾚｸｼｮﾝ 100gｲﾘ                                          ,   107, 乾物
     00005528, shiki2632                                                          , ﾌﾞﾙｰﾍﾞﾘｰｱﾝﾄﾞﾏｰｶﾞﾘﾝ 9gｶｹﾙ20ｺ                                       ,    93, 甘味
     00005529, shiki2639                                                          , ｷﾉｺﾄｺﾊﾞｼﾗﾉﾏﾂﾏｴﾌｳ 800gﾘ                                            ,    91, 前菜
     00005530, shiki2640                                                          , ｺﾊﾞｼﾗ 800gｲﾘ                                                      ,   100, その他
     00005531, shiki2641                                                          , ﾌﾞﾀﾅﾝｺﾂﾂﾐﾚ ﾔｸ55ｺ 1kgｲﾘ                                            ,   100, その他
     00005532, shiki2642                                                          , ﾌﾞﾀﾂﾐﾚ 1kgｲﾘ                                                      ,   100, その他
     00005533, shiki2647                                                          , ｶﾙﾋﾟｽ ｶﾐﾊﾟｯｸ1ﾘｯﾄﾙLｲﾘ                                              ,   110, 飲料品
     00005534, shiki2648                                                          , ﾄｯﾋﾟﾝｸﾞｿｰｽ ｶﾗﾒﾙ 560gｲﾘ                                            ,    93, 甘味
     00005535, shiki2649                                                          , 3ｼｭﾉﾍﾞﾘｰﾐｯｸｽ 500gｲﾘ                                               ,    88, その他果物
     00005536, shiki2650                                                          , ﾊﾅｶﾞﾀﾆﾝｼﾞﾝ 500gｲﾘ                                                 ,   112, 加工野菜
     00005537, shiki2651                                                          , ﾌｸｾﾝ ｼﾛ 170g                                                      ,   117, 練り製品
     00005538, shiki2653                                                          , ｼﾛﾈｷﾞ ﾅﾅﾒｷﾘ                                                       ,   112, 加工野菜
     00005539, shiki2654                                                          , ｷｬﾍﾞﾂｶｯﾄ                                                          ,   112, 加工野菜
     00005540, shiki2655                                                          , ﾔﾏ)ｱﾂｱｹﾞ                                                          ,    98, 豆腐類
     00005541, shiki2656                                                          , ｼﾞｭﾝｾｲｺﾞﾏｱﾌﾞﾗ 1650g                                               ,   121, 調味料
     00005542, shiki2657                                                          , ﾆﾝｼﾞﾝﾐｿﾂﾞｹ                                                        ,   118, 漬物
     00005543, shiki2672                                                          , ｽﾗｲｽﾀｸｱﾝ 3ﾐﾘ 1kgｲﾘ                                                ,   118, 漬物
     00005544, shiki2675                                                          , ｵｵﾑﾗ ｱﾀﾘｺﾞﾏ (ｼﾛ)300gｲﾘ                                            ,    96, 原材料
     00005545, shiki2676                                                          , ﾃﾊﾞｻｷﾘｿﾞｯﾄﾐﾆ(ﾜﾌｳﾐ)200gｲﾘ                                          ,   100, その他
     00005546, shiki2677                                                          , ｶｯﾎﾟｳｵﾀﾌｸﾏﾒ 700gｲﾘ                                                ,    93, 甘味
     00005547, shiki2678                                                          , ｵｰﾛﾗｴﾝﾎﾞｽ 15ｾﾝﾁ                                                   ,    99, 飾り物
     00005548, shiki2687                                                          , ﾜｶﾒｵｺﾜ 80g                                                        ,   100, その他
     00005549, shiki2690                                                          , ﾌｼﾞﾐﾉﾘﾌﾞﾄﾞｳ(ﾊｺ)                                                   ,    88, その他果物
     00005550, shiki2691                                                          , ｺﾒｺｳｼﾞ 200gｲﾘ                                                     ,   121, 調味料
     00005551, shiki2693                                                          , ﾆｺﾐﾌ ｱｼﾞﾅｼ 10ｲﾘ                                                   ,    96, 原材料
     00005552, shiki2694                                                          , ﾌｸﾞｺｿﾃﾞﾏｷ 2ﾎﾝｲﾘ                                                   ,    96, 原材料
     00005553, shiki2695                                                          , ﾚﾝｺﾝｳﾒｶﾂｵｱｴ 1kgｲﾘ                                                 ,    97, 袋物
     00005554, shiki2696                                                          , ｲﾛﾄﾞﾘｺﾞﾏｷﾝﾄﾝ(ﾐﾄﾞﾘｸｼ)30ｸｼ                                          ,   100, その他
     00005555, shiki2697                                                          , ｷﾝﾊﾟｸﾏﾂﾊﾞ 30ﾎﾝｲﾘ                                                  ,   100, その他
     00005556, shiki2698                                                          , ｷﾞｭｳﾆｸｻｻﾂﾂﾐ 20ｺｲﾘ                                                 ,   100, その他
     00005557, shiki2699                                                          , ﾉﾄﾞｸﾞﾛﾋﾛｼﾏﾅﾏｷ 4ﾎﾝｲﾘ                                               ,   100, その他
     00005558, shiki2701                                                          , ﾔﾏ)ﾄｳﾆｭｳ                                                          ,    98, 豆腐類
     00005559, 焼き海老伸ばし　15尾入                                             , ﾔｷｴﾋﾞﾉﾊﾞｼ 15ﾋﾞｲﾘ                                                  ,    90, 魚介類
     00005560, 葉にんにく                                                         , ﾊﾆﾝﾆｸ                                                             ,    17, その他葉物
     00005561, 紅茶鴨つくねボール　500g入                                         , ｺｳﾁｬｶﾓﾂｸﾈﾎﾞｰﾙ 500gｲﾘ                                              ,    90, 魚介類
     00005562, ステーキ和風おろし　1㍑                                            , ｽﾃｰｷﾜﾌｳｵﾛｼ 1ﾘｯﾄﾙ                                                  ,   121, 調味料
     00005563, 貝柱ムースのベーコン巻　290g                                       , ｶｲﾊﾞｼﾗﾑｰｽﾉﾍﾞｰｺﾝﾏｷ 290g                                            ,    90, 魚介類
     00005564, 合鴨とｵﾚﾝｼﾞｺﾝﾌｨのﾃﾘｰﾇ　約450ｇ                                     , ｱｲｶﾞﾓﾄｵﾚﾝｼﾞｺﾝﾌｨﾉﾃﾘｰﾇ ﾔｸ450g                                       ,    89, 肉類
     00005565, 豆腐ふんわりミニ枝豆　24g×30個                                    , ﾄｳﾌﾌﾝﾜﾘﾐﾆｴﾀﾞﾏﾒ 24gｶｹﾙ30ｺ                                          ,   100, その他
     00005566, 三角春巻・野菜　40g×12個                                          , ｻﾝｶｸﾊﾙﾏｷ･ﾔｻｲ 40gｶｹﾙ12ｺ                                            ,   100, その他
     00005567, 朝顔（食用）                                                       , ｱｻｶﾞｵ(ｼｮｸﾖｳ)                                                      ,   100, その他
     00005568, プレミアムクラッカー　40枚入                                       , ﾌﾟﾚﾐｱﾑｸﾗｯｶｰ                                                       ,   122, 菓子
     00005569, 曲がり胡瓜（本）                                                   , ﾏｶﾞﾘｷｭｳﾘ(ﾎﾝ)                                                      ,    21, 胡瓜
     00005570, 金目鯛セミドレス2㎏8尾                                             , ｷﾝﾒﾀﾞｲｾﾐﾄﾞﾚｽ2kg8ﾋﾞ                                                ,    90, 魚介類
     00005571, 特選うず巻麩　500g入                                               , ﾄｸｾﾝｳｽﾞﾏｷﾌ 500gｲﾘ                                                 ,   107, 乾物
     00005572, 味付なめこ　1㎏入（固形600g）                                      , ｱｼﾞﾂｷﾅﾒｺ 1kgﾘｲﾘ((ｺｹｲ600g)                                         ,   112, 加工野菜
     00005573, ごま団子　25g×25個入                                              , ｺﾞﾏﾀﾞﾝｺﾞ 25gｶｹﾙ25ｺｲﾘ                                              ,    93, 甘味
     00005574, 小松菜の信田和え　1㎏入                                            , ｺﾏﾂﾅﾉｼﾉﾀﾞｱｴ 1kgｲﾘ                                                 ,    97, 袋物
     00005575, 赤万願寺                                                           , ｱｶﾏﾝｶﾞﾝｼﾞｼｼﾄｳ                                                     ,    29, 青唐
     00005576, ホワイトソース　＃2                                                , ﾎﾜｲﾄｿｰｽ #2                                                        ,   121, 調味料
     00005577, 燻製茶豆　500g入                                                   , ｸﾝｾｲﾁｬﾏﾒ 500gｲﾘ                                                   ,   112, 加工野菜
     00005578, いかの糀漬ゆず　1㎏入                                              , ｲｶﾉｺｳｼﾞﾂﾞｹﾕｽﾞ 1kgｲﾘ                                               ,    90, 魚介類
     00005579, 琵琶湖小鮎　約6～8㎝　500g                                         , ﾋﾞﾜｺｺｱﾕ 500gﾔｸ6ｶﾗｶﾗ8ｾﾝﾁ                                           ,    90, 魚介類
     00005580, 栗甘露煮　M　1級2P瓶                                               , ｸﾘｶﾝﾛﾆ M 1ｷｭｳ2pﾋﾞﾝ                                                ,    93, 甘味
     00005581, ﾍﾙｼｰﾌｧｰﾑ野菜ブイヨン　500g入                                       , ﾍﾙｼｰﾌｧｰﾑﾔｻｲﾌﾞｲﾖﾝ 500gｲﾘ                                           ,   121, 調味料
     00005582, 栗                                                                 , ｸﾘ                                                                ,   100, その他
     00005583, 肉じゃが（細）1㎏入                                                , ﾆｸｼﾞｬｶﾞ(ﾎｿ)1kgｲﾘ                                                  ,   100, その他
     00005584, 柚子塩　300g入                                                     , ﾕｽﾞｼｵ 300gｲﾘ                                                      ,   121, 調味料
     00005585, 枝豆つみれ　1㎏入約100個                                           , ｴﾀﾞﾏﾒﾂﾐﾚ 1kgｲﾘﾔｸ100ｺ                                              ,   100, その他
     00005586, 刺身こんにゃく（白）                                               , ｻｼﾐｻｼﾐｺﾝﾆｬｸ (ｼﾛ)                                                  ,   101, こんにゃく類
     00005587, 色粉　緑　2g                                                       ,                                                                   ,   100, その他
     00005588, しこしこ焼きそば                                                   , ｼｺｼｵｺﾔｷｿﾊﾞ                                                        ,   120, 麺
     00005589, おーいお茶ﾌﾟﾚﾐｱﾑ　20P                                              , ｵｰｲｵﾁｬﾌﾟﾚﾐｱﾑ                                                      ,   100, その他
     00005590, 小巻麩　35g入                                                      , ｺﾏｷﾌ 35gｲﾘ                                                        ,   107, 乾物
     00005591, ピーナッツ粉　小                                                   , ﾋﾟｰﾅｯﾂｺ ｼｮｳ                                                       ,   100, その他
     00005593, シリカ水　2㍑                                                      , ｼﾘｶｼﾘｶ水 2ﾘｯﾄﾙ                                                    ,   110, 飲料品
     00005594, 苺ジャム                                                           , ｲﾁｺﾞｼﾞｬﾑ                                                          ,    93, 甘味
     00005595, 味ぽん　360ml                                                      , ｱｼﾞﾎﾟﾝ 360ﾐﾘﾘｯﾄﾙ                                                  ,   121, 調味料
     00010001, shiki 620                                                          , ﾊﾅｶﾂｵ ﾁｱｲﾇｷ 500gｲﾘ                                                ,    96, 原材料
     00010002, shiki 621                                                          , ｺｸｻﾝ ﾀﾞｲｺﾝｵﾛｼ500gｲﾘ                                               ,    96, 原材料
     00010003, shiki 622                                                          , ｱｶｺﾝﾆｬｸ 300ggｲﾘ                                                   ,    96, 原材料
     00010004, shiki 623                                                          , Aｸﾗ)ｷｮｳﾉﾄｳﾆｭｳ 1ﾘｯﾄﾙｲﾘ                                             ,    96, 原材料
     00010005, shiki 624                                                          , ﾄｸｷﾝﾋﾟﾗﾂｸﾈｸｼ 20ｸｼ                                                 ,    96, 原材料
     00010006, shiki 625                                                          , ｶｲｾﾝﾊﾟﾘﾊﾟﾘｱﾐﾊﾙﾏｷ50ｺ1kgｲﾘ                                          ,    96, 原材料
     00010007, shiki 626                                                          , ｴﾋﾞﾈｯﾄﾂﾂﾐｱｹﾞ 15g50ｺｲﾘ                                             ,    96, 原材料
     00010008, shiki 627                                                          , ﾜﾗﾋﾞﾓﾁ　ｷﾅｺ　1kgｲﾘ                                                ,    93, 甘味
     00010009, shiki 647                                                          , ﾛｸｼｭﾉﾌﾙｰﾂｷｭｰﾌﾞ                                                    ,    96, 原材料
     00010010, shiki 648                                                          , ｿｳﾘｮｳ                                                             ,   100, その他
     00010011, shiki 649                                                          , ｴｲﾍｲｼﾞﾉｻﾄｷｻﾞﾐｱｹﾞ1 1kgｲﾘ                                           ,    96, 原材料
     00010012, shiki 650                                                          , ｱﾜｼﾞｼﾏｻﾝﾀﾏﾈｷﾞｻﾂﾏﾋﾗﾃﾝ 50ｺｲﾘ                                        ,    96, 原材料
     00010013, shiki 651                                                          , ﾀｺﾃﾘﾔｷ2ﾎﾝｱｼﾀﾞｲ50ｲﾘ21ｶﾗ30                                          ,    96, 原材料
     00010014, shiki 652                                                          , OPｳﾝﾘｭｳｴﾎﾞｼ100ﾏｲｲﾘ((64571)                                        ,   100, その他
     00010015, shiki 653                                                          , ｷﾞｭｳﾋｸﾚｰﾌﾟｼﾛ 10ﾏｲｲﾘ                                               ,    96, 原材料
     00010016, shiki 654                                                          , ﾜﾗﾋﾞﾓﾁ ﾏｯﾁｬ 1kgｲﾘ                                                 ,    96, 原材料
     00010017, shiki 655                                                          , ｻﾄｲﾓﾛｯｶｸ M500gｲﾘ                                                  ,    96, 原材料
     00010018, shiki 656                                                          , ﾊﾅﾋﾞﾗﾕﾘﾈ 250gｲﾘ                                                   ,   100, その他
     00010019, shiki 657                                                          , ｺﾞｼｮｸｱﾗﾚ ｺｲ 500gｲﾘ                                                ,   100, その他
     00010020, shiki 658                                                          , ﾎﾀﾃﾒﾝﾀｲ 1kgｲﾘ                                                     ,   100, その他
     00010021, shiki 659                                                          , ｷﾉﾒﾐｿ 700gｲﾘ                                                      ,   100, その他
     00010022, shiki 660                                                          , ｶｯﾎﾟｳｺｳﾊｸｼｮｳｶﾞ 100ﾎﾝｲﾘ　ｺｳﾊｸﾊｼﾞｶﾐ                                 ,   100, その他
     00010023, shiki 661                                                          , ﾄﾝﾎﾟｰﾛｰ 1kgﾘｲﾘ 2ﾌﾞﾛｯｸ                                             ,    96, 原材料
     00010024, shiki 662                                                          , ｶｲｿｳﾒﾝ(5ｼｮｸﾐｯｸｽ) 1kgｲﾘ うみのほうせき                             ,   100, その他
     00010025, shiki 663                                                          , ﾄﾛﾛ(ﾂｸﾈ)1kgｲﾘ                                                     ,    96, 原材料
     00010026, shiki 682                                                          , ｶﾎﾞﾁｬｶﾎﾞﾁｬｶｸｷﾘ1kg20/25g                                           ,   100, その他
     00010027, shiki 683                                                          , ｸﾛﾏﾂﾏｴｺﾝﾌﾞ 19ｾﾝﾁｶｸ50ﾏｲｲﾘ                                          ,   100, その他
     00010028, shiki 684                                                          , ﾀﾁｳｵﾎﾈﾄﾘ F30/50g500gｲﾘ                                            ,    96, 原材料
     00010029, shiki 685                                                          , ｺｳﾁｬｶﾓｵﾚﾝｼﾞｿｰｽ1kg(200gｶｹﾙ5)                                       ,   100, その他
     00010030, shiki 686                                                          , ｶｯﾄｾﾞﾘｰﾔﾏｶﾞﾀｻﾝｻｸﾗﾝﾎﾞ1kgｲﾘ                                         ,   100, その他
     00010031, shiki 687                                                          , ﾅｺﾞﾐﾏｷﾅｺﾞﾐﾏｷﾎｳﾚﾝｿｳ 5ﾎﾝｲﾘ                                          ,   100, その他
     00010032, shiki 688                                                          , ｷﾞｭｳﾋｸﾚｰﾌﾟﾍﾞﾆ 10ﾏｲ                                                ,   100, その他
     00010033, shiki 689                                                          , ﾄﾝｼﾞﾙﾉｸﾞﾐｽﾞﾆ 1kgｲﾘﾌﾞﾀｼﾞﾙﾉｸﾞﾐｽﾞﾆ                                   ,    96, 原材料
     00010034, shiki 690                                                          , ｼﾝｶﾆｸﾞﾗﾀﾝ90g/4ｺｲﾘ                                                 ,   100, その他
     00010035, shiki 691                                                          , ｱｶｳｵｼﾛｺﾞﾏｺﾞﾏｼｵｺｳｼﾞﾂﾞｹ 40g/10ｷﾘ                                    ,    96, 原材料
     00010036, shiki 674                                                          , ｻｸkﾗｻｸﾗｱｶﾐｿ 2kgｲﾘ                                                 ,    94, 味噌類
     00010037, shiki 675                                                          , ｻｲｷｮｳﾐｿ 4kgｲﾘ                                                     ,    94, 味噌類
     00010038, shiki 676                                                          , ｻｸﾗｱｶﾐｿ 4kgｲﾘ                                                     ,    94, 味噌類
     00010039, shiki 677                                                          , ｺﾝﾆｬｸ 200gｲﾘ                                                      ,   101, こんにゃく類
     00010040, shiki 679                                                          , ｲﾄｺﾝﾆｬｸ 500gｲﾘ                                                    ,   101, こんにゃく類
     00010041, shiki 680                                                          , ｲﾄｺﾝﾆｬｸ 200gｲﾘ                                                    ,   101, こんにゃく類
     00010042, shiki 681                                                          , ﾄｸﾖｳｷﾝﾋﾟﾗｺﾝﾆｬｸ450gｲﾘ                                              ,   101, こんにゃく類
     00010043, shiki 692                                                          , ｱﾜｼﾞｻﾝﾀﾏﾈｷﾞﾄｸｼﾞｮｳﾈｷﾞｶﾞﾝﾓ 30ｺ ｲﾘ                                   ,    96, 原材料
     00010044, shiki 693                                                          , ﾊｯﾁｮｳﾐｿ ｹｼｮｳﾊﾞｺ2kgｲﾘ                                              ,    94, 味噌類
     00010045, shiki 694                                                          , ﾁｷﾝｻﾝｼｮｸﾏｷ 250gｲﾘ                                                 ,    96, 原材料
     00010046, shiki 695                                                          , ｱｲｶﾞﾓﾊﾟｽﾄﾗﾐ 1kgｲﾘ(5ﾎﾝ)                                            ,    96, 原材料
     00010047, shiki 696                                                          , ｻｼﾐｺﾝﾆｬｸ ｱｵﾉﾘ175gｲﾘ                                               ,    96, 原材料
     00010048, shiki 697                                                          , ｺｸｻﾝ)ﾄﾞｳﾐｮｳｼﾞ ｼﾛ 1kgｲﾘ                                            ,    96, 原材料
     00010049, shiki 698                                                          , ﾄﾘﾅﾝｺﾂﾅﾏﾂﾐﾚ 1kgﾔｸ55ｺｲﾘ                                            ,    96, 原材料
     00010050, shiki 699                                                          , ﾊﾅﾁﾗｼﾚﾝｺﾝ 800gｲﾘ                                                  ,    96, 原材料
     00010051, shiki 700                                                          , ﾅﾂﾔｻｲ5ｼｭﾉｲﾛﾄﾞﾘｱｴ 500gｲﾘ                                           ,   100, その他
     00010052, shiki 701                                                          , ｷｮｳﾅﾏｱﾜﾌ                                                          ,   100, その他
     00010053, shiki 702                                                          , ｴﾋﾞｲﾓﾛｯﾎﾟｳ 20ｺｲﾘ                                                  ,    96, 原材料
     00010054, shiki 703                                                          , ｶﾗｼｽﾐｿﾌｼﾞ ｶﾗｼｽﾐｿ 1kgｲﾘ                                            ,   100, その他
     00010055, shiki 704                                                          , ｱｼﾞﾂｷﾔｷﾊﾙﾀｹﾉｺ 120ｶﾀ                                               ,    96, 原材料
     00010056, shiki 705                                                          , ｶｹﾗﾓﾁ 500gｲﾘ                                                      ,   100, その他
     00010057, shiki 706                                                          , ﾅｶﾞﾌｷ                                                             ,    17, その他葉物
     00010058, shiki 707                                                          , ﾀﾞｲｽﾞﾓﾔｼ ﾀﾊﾞ                                                      ,   102, もやし
     00010059, shiki 708                                                          , ﾚﾝｺﾝﾐｽﾞﾆ                                                          ,    96, 原材料
     00010060, shiki 709                                                          , ﾀｼﾛ ｷﾇﾄｳﾌ 400gｲﾘ                                                  ,    98, 豆腐類
     00010061, shiki 710                                                          , ﾒｲｽｲﾓﾔｼ 200gｲﾘｶｹﾙ30P                                              ,   102, もやし
     00010062, shiki 711                                                          , ﾒｲｽｲﾓﾔｼ 200gｲﾘ ｶｹﾙ30Pｲﾘ DB                                        ,   102, もやし
     00010063, shiki 712                                                          , ﾒｲｽｲﾓﾔｼ(DB)200gｲﾘ                                                 ,   102, もやし
     00010064, shiki 713                                                          , ﾀﾞｲｽﾞﾓﾔｼ 200gｲﾘ                                                   ,   102, もやし
     00010065, shiki 714                                                          , ｱﾙﾌｧﾓﾔｼ 60gｲﾘ                                                     ,   102, もやし
     00010066, shiki 715                                                          , ﾓﾔｼ ﾊﾞﾗ                                                           ,   102, もやし
     00010067, shiki 716                                                          , ｱｶｺﾝﾆｬｸ                                                           ,     1, 水菜
     00010068, shiki 717                                                          , ﾈﾋﾞｷ                                                              ,   100, その他
     00010069, shiki 718                                                          , ﾚﾝｺﾝﾐｽﾞﾆ 1ﾎﾝｲﾘ                                                    ,    96, 原材料
     00010070, shiki 719                                                          , ﾑｾﾝﾏｲ                                                             ,   114, 米
     00010071, shiki 720                                                          , ﾋﾞﾀﾊﾞｧﾚｰ                                                          ,   100, その他
     00010072, shiki 721                                                          , ｻﾄｲﾓﾂﾐﾀﾞｼ                                                         ,    41, 里芋
     00010073, shiki 722                                                          , ﾊﾞｼﾞﾙ                                                             ,    73, その他ハーブ＆ローズ
     00010074, shiki 723                                                          , ﾄﾚﾋﾞﾂ                                                             ,   100, その他
     00010075, shiki 724                                                          , ﾓﾁｺﾞﾒ                                                             ,   100, その他
     00010076, shiki 725                                                          , TEST                                                              ,    97, 袋物
     00010077, shiki 726                                                          , ｲﾘｺ                                                               ,   107, 乾物
     00010078, shiki 727                                                          , ｸｺﾉﾐ                                                              ,   107, 乾物
     00010079, shiki 728                                                          , ｳｰﾛﾝﾁｬ                                                            ,   110, 飲料品
     00010080, shiki 729                                                          , ｺｳﾁｬ                                                              ,   100, その他
     00010081, shiki 730                                                          , ﾐﾝﾄ                                                               ,   109, 大分久保田
     00010082, shiki 731                                                          , ﾀﾞｲｺﾝﾉｹﾝ                                                          ,   112, 加工野菜
     00010083, shiki 732                                                          , ﾀﾞｼﾏｷﾀﾏｺﾞ ﾀﾞｲ                                                     ,   115, 玉子（加工品）
     00010084, shiki 733                                                          , ｱｼﾞﾂｷｽｼｱｹﾞ                                                        ,    98, 豆腐類
     00010085, shiki 734                                                          , ｶｯﾄﾈｷﾞ 100gｲﾘ                                                     ,    96, 原材料
     00010086, shiki 735                                                          , ﾀﾏｺﾞ M10kgｲﾘ                                                      ,   115, 玉子（加工品）
     00010087, shiki 736                                                          , ｶﾗｼﾚﾝｺﾝ                                                           ,   100, その他
     00010088, shiki 737                                                          , ﾛｯｶｸｻﾄｲﾓﾏﾝｼﾞｭｳ 24ｺｲﾘ                                              ,    93, 甘味
     00010089, shiki 738                                                          , ｶﾝｿｳｱｽﾞｷ                                                          ,   107, 乾物
     00010090, shiki 739                                                          , ｺｸｻﾝｻﾊﾞｱｻｼﾒ 120ｶﾗ140g                                             ,   100, その他
     00010091, shiki 740                                                          , ﾁﾝｹﾞﾝｻｲﾄｻﾂﾏｱｹﾞﾉﾆｼﾐ 1kgｲﾘ                                          ,   100, その他
     00010092, shiki 741                                                          , ﾋﾄｸﾁｶﾞﾝﾓ 100ｺｲﾘ                                                   ,   100, その他
     00010093, shiki 742                                                          , ｲﾝﾊﾞｸｽﾞ 4kgｲﾘ ﾎﾝｸｽﾞ                                               ,    96, 原材料
     00010094, shiki 743                                                          , ｶｲｿｳﾌﾟﾁﾏﾘﾝ 500gｲﾘ                                                 ,   111, 海藻類
     00010095, shiki 744                                                          , ﾎｳｼﾞﾁｬﾌﾟﾘﾝﾉﾓﾄ 250gｲﾘ                                              ,    93, 甘味
     00010096, shiki 745                                                          , ｼﾝﾄｸﾖｳｶｼﾜﾓﾁ 20ｺｲﾘ                                                 ,    93, 甘味
     00010097, shiki 746                                                          , ﾌｷﾐｿ8P(Pﾋﾞﾝ)450gｲﾘ                                                ,   100, その他
     00010098, shiki 747                                                          , ｱﾜｼﾞｼﾏｻﾝﾀﾏﾈｷﾞｽｰﾌﾟﾉﾓﾄ 180gｲﾘ                                       ,   100, その他
     00010099, shiki 748                                                          , ｺｳﾁｻﾝｼｮｳｶﾞﾉｻﾂﾏﾋﾗﾃﾝ 50ﾏｲｲﾘ                                         ,   100, その他
     00010100, shiki 749                                                          , ﾆﾝｼﾞﾝﾉｹﾝ                                                          ,   112, 加工野菜
     00010101, shiki 750                                                          , ﾄﾞﾗｲﾄﾏﾄｱｶﾜｲﾝﾆ 900gｲﾘ                                              ,   100, その他
     00010102, shiki 751                                                          , ｻﾂﾏｲﾓﾚﾓﾝﾆ ｼｮｳ740gｲﾘ                                               ,    96, 原材料
     00010103, shiki 752                                                          , ﾘｮｳﾃｲﾀﾞｼﾏｷ 320ggｲﾘ                                                ,    91, 前菜
     00010104, shiki 753                                                          , ﾐｶﾞｷｺﾞﾏ ｼﾛ 500gｲﾘ                                                 ,    96, 原材料
     00010105, shiki 754                                                          , ﾕｳｾﾞﾝﾜｼ2.5ｽﾝ 100ﾏｲｲﾘ                                              ,   113, 料理小道具
     00010106, shiki 755                                                          , ﾖﾝｽﾝｼｷｶﾐ(ｱｼﾞｻｲ)100ﾏｲｲﾘ                                            ,   113, 料理小道具
     00010107, shiki 756                                                          , ﾖﾝｽﾝｳﾝﾘｭｳ(ｱﾕ)100ﾏｲｲﾘ                                              ,   113, 料理小道具
     00010108, shiki 757                                                          , ﾖﾝｽﾝｳﾝﾘｭｳ(ﾎｳｽﾞｷ)100ﾏｲｲﾘ                                           ,   113, 料理小道具
     00010109, shiki 758                                                          , ﾖﾝｽﾝｼｷｶﾐ(ﾌｼﾞ)100ﾏｲｲﾘ                                              ,   113, 料理小道具
     00010110, shiki 759                                                          , ﾖﾝｽﾝｼｷｶﾐ(ｼｮｳﾌﾞ)100ﾏｲｲﾘ                                            ,   113, 料理小道具
     00010111, shiki 760                                                          , ｱｼﾞﾂｷｶﾝﾋﾟｮｳ                                                       ,   107, 乾物
     00010112, shiki 761                                                          , ｴﾋﾞﾚﾝｺﾝﾏﾝｼﾞｭｳ                                                     ,    93, 甘味
     00010113, shiki 762                                                          , ｷﾇｼﾀﾃ 3ｺｸﾐ                                                        ,    98, 豆腐類
     00010114, shiki 763                                                          , ｻｻﾀﾞﾝｺﾞﾁｬｷﾝ 50ｺｲﾘ                                                 ,    93, 甘味
     00010115, shiki 764                                                          , ﾀｹﾉｺﾐｽﾞﾆ 1kgｲﾘ                                                    ,    96, 原材料
     00010116, shiki 765                                                          , ﾚｲﾄｳﾎﾂｷﾀｹﾉｺﾎｰﾙ 1kgｲﾘ                                              ,    96, 原材料
     00010117, shiki 766                                                          , ｲｯｷｭｳ)ﾄｸｼﾛﾐｿ 4kgｲﾘ                                                ,    94, 味噌類
     00010118, shiki 767                                                          , ｲｯｷｭｳ)ﾄｸｼﾛﾐｿ 1kｲﾘ                                                 ,    94, 味噌類
     00010119, shiki 768                                                          , ﾀﾏｺﾞ M10ｺｲﾘ                                                       ,   115, 玉子（加工品）
     00010120, shiki 769                                                          , ｸﾏﾓﾄﾓﾘﾉｸﾏｻﾝ ﾊｸﾏｲ5kgｲﾘ                                             ,   114, 米
     00010121, shiki 770                                                          , ﾔﾏﾘ)ｼﾛﾐｿ 2kkgｲﾘ                                                   ,    94, 味噌類
     00010122, shiki 771                                                          , ﾔﾏﾘ)ｼﾞｮｳﾂﾌﾞﾐｿ 21kgｲﾘ                                              ,    94, 味噌類
     00010123, shiki 772                                                          , ｵﾊﾅｷﾘﾀﾞｲｺﾝ 1kgｲﾘ                                                  ,   107, 乾物
     00010124, shiki 773                                                          , ﾎｼｼｲ ﾁｭｳｺﾞｸｻﾝ500gｲﾘ                                               ,   107, 乾物
     00010125, shiki 774                                                          , ｵｸﾞﾆﾝﾀﾏｺﾞ 10ｺｲﾘ                                                   ,   115, 玉子（加工品）
     00010126, shiki 775                                                          , ｶﾗｼﾚﾝｺﾝ(ﾊﾝｹﾞﾂ)                                                    ,   100, その他
     00010127, shiki 776                                                          , ｶﾗｼﾚﾝｺﾝ(ｺﾛﾓﾅｼ)                                                    ,   100, その他
     00010128, shiki 777                                                          , ｶﾗｼﾚﾝｺﾝ(ﾁｭｳﾚﾝ)                                                    ,   100, その他
     00010129, shiki 778                                                          , ﾏﾙｶ）ｱﾜｾﾐｿ 1kgｲﾘ                                                  ,    94, 味噌類
     00010130, shiki 779                                                          , ﾔﾏｱ)ｺﾒﾐｿ 5kgｲﾘ(ﾊｺ)                                                ,    94, 味噌類
     00010131, shiki 780                                                          , ﾔﾏｱ)ｱﾜｾﾐｿ 2kgｲﾘ                                                   ,    94, 味噌類
     00010132, shiki 781                                                          , ﾕｽﾞﾎﾟﾝｽ 900ﾐﾘﾘｯﾄﾙ                                                 ,   116, 醤油（酢）
     00010133, shiki 782                                                          , ﾔﾏｱ)ｺﾒﾐｿ 500gｲﾘ                                                   ,    94, 味噌類
     00010134, shiki 783                                                          , ﾔﾏｱ)ｷｭｳｼｭｳｳｽｸﾁﾏﾙﾀﾞｲｽﾞ 900ﾐﾘﾘｯﾄﾙｲﾘ                                 ,   116, 醤油（酢）
     00010135, shiki 784                                                          , ﾔﾏｱ)ﾏﾙﾀﾞｲｽﾞ 900ﾐﾘﾘｯﾄﾙｲﾘ                                           ,   116, 醤油（酢）
     00010136, shiki 785                                                          , ﾀﾞｲﾁﾉｵｸﾘﾓﾉ 500gｲﾘ                                                 ,    94, 味噌類
     00010137, shiki 786                                                          , ﾔﾏ)ﾆｶﾞﾘﾄｳﾌ((ｷﾇ)                                                   ,    98, 豆腐類
     00010138, shiki 787                                                          , ﾔﾏ)ｷﾇﾄｳﾌ                                                          ,    98, 豆腐類
     00010139, shiki 788                                                          , ﾆｶﾞﾘﾔﾏ)ﾆｶﾞﾘﾄｳﾌ(ﾓﾒﾝ)                                               ,    98, 豆腐類
     00010140, shiki 789                                                          , ﾔﾏ)ﾓﾒﾝﾄｳﾌ                                                         ,    98, 豆腐類
     00010141, shiki 790                                                          , ﾔﾏ)ﾖｾﾄｳﾌ                                                          ,    98, 豆腐類
     00010142, shiki 791                                                          , ﾔﾏ))ｵｼ(ｼﾎﾞﾘﾄｳﾌ)                                                   ,    98, 豆腐類
     00010143, shiki 792                                                          , ﾔﾏ)ﾔｷﾄｳﾌ                                                          ,    98, 豆腐類
     00010144, shiki 793                                                          , ﾕﾔﾏﾔﾏ)ﾔｷﾄｳﾌ ﾀﾞｲ                                                   ,    98, 豆腐類
     00010145, shiki 794                                                          , ﾔﾏ)ｵｶﾗ                                                            ,    98, 豆腐類
     00010146, shiki 795                                                          , ﾀﾏｺﾞ M5kgｲﾘ                                                       ,   115, 玉子（加工品）
     00010147, shiki 796                                                          , ｻｻｶﾞｷｺﾞﾎﾞｳ                                                        ,   112, 加工野菜
     00010148, shiki 797                                                          , ﾃﾝﾌﾟﾗﾖｳﾀﾗﾉﾒﾐｽﾞﾆS 700gｲﾘ                                           ,    96, 原材料
     00010149, shiki 798                                                          , ｹｼﾉﾐ 100gｲﾘ                                                       ,    96, 原材料
     00010150, shiki 799                                                          , ﾂｸﾈ 20gｶｹﾙ100ｺｲﾘ ｼﾖｳｷﾝｼ                                           ,    96, 原材料
     00010151, shiki 800                                                          , ﾊﾔﾊﾔｶﾝﾛﾆ S1kgｲﾘ                                                   ,    90, 魚介類
     00010152, shiki 801                                                          , 3SBﾉﾊﾞｼｴﾋﾞ16ｶﾗ20 15ﾋﾞｲﾘ                                           ,    90, 魚介類
     00010153, shiki 802                                                          , ﾔﾏｳﾁ ｼｵｺｳｼﾞ 1kgｲﾘ                                                 ,    96, 原材料
     00010154, shiki 803                                                          , ﾅﾎﾟﾚｵﾝﾁｪﾘｰ 2P                                                     ,   100, その他
     00010155, shiki 804                                                          , ｷｮｳﾅﾏﾖﾓｷﾞﾌ                                                        ,   100, その他
     00010156, shiki 805                                                          , ﾘｼﾞﾘｺﾝﾌﾞ　ﾀﾞｼｺﾝﾌﾞ                                                 ,   111, 海藻類
     00010157, shiki 806                                                          , ｺﾝﾌﾞｺﾝﾌﾞｼﾒﾖｳｺﾝﾌﾞ 60gｲﾘ                                            ,   111, 海藻類
     00010158, shiki 807                                                          , ｱｼﾞﾂｷﾉﾘ 100ﾀﾊﾞｲﾘ                                                  ,   111, 海藻類
     00010159, shiki 808                                                          , ﾛｰﾙﾀﾏｺﾞ　ﾀﾞｼﾏｷ                                                    ,   115, 玉子（加工品）
     00010160, shiki 809                                                          , ｻｻｶﾞｷｺﾞﾎﾞｳ                                                        ,   112, 加工野菜
     00010161, shiki 810                                                          , ｷﾘｺﾞﾎﾞｳ                                                           ,   112, 加工野菜
     00010162, shiki 811                                                          , ｾﾝｷﾞﾘｺﾞﾎﾞｳ                                                        ,   112, 加工野菜
     00010163, shiki 812                                                          , ｶｯﾄｵｵﾈｷﾞ                                                          ,   112, 加工野菜
     00010164, shiki 813                                                          , ｶｯﾄｵｵﾈｷﾞ 100gｲﾘ                                                   ,   112, 加工野菜
     00010165, shiki 814                                                          , ｶｯﾄｺﾈｷﾞ                                                           ,   112, 加工野菜
     00010166, shiki 815                                                          , ｶｯﾄｺﾈｷﾞ 100gｲﾘ                                                    ,   112, 加工野菜
     00010167, shiki 816                                                          , ｼﾗｶﾞﾈｷﾞ                                                           ,   112, 加工野菜
     00010168, shiki 817                                                          , ｾﾝｷﾞﾘﾆﾝｼﾞﾝ 2ﾐﾘ                                                    ,   112, 加工野菜
     00010169, shiki 818                                                          , ﾀﾞｲｺﾝｵﾛｼ                                                          ,   112, 加工野菜
     00010170, shiki 819                                                          , ﾀﾞｲｺﾝﾀﾝｻﾞｸ ｱﾂ                                                     ,   112, 加工野菜
     00010171, shiki 820                                                          , ﾆﾝｼﾞﾝﾀﾝｻﾞｸ ｱﾂ                                                     ,   112, 加工野菜
     00010172, shiki 821                                                          , ﾊｸｻｲｽﾗｲｽ                                                          ,   112, 加工野菜
     00010173, shiki 822                                                          , ﾀﾏﾈｷﾞｽﾗｲｽ 2ﾐﾘ                                                     ,   112, 加工野菜
     00010174, shiki 823                                                          , ｼﾛﾈｷﾞﾐｼﾞﾝｷﾘ                                                       ,   112, 加工野菜
     00010175, shiki 824                                                          , ｼﾗｶﾞﾈｷﾞ 100gｲﾘ                                                    ,   112, 加工野菜
     00010176, shiki 825                                                          , ﾌｼﾞｶﾏ(ｱｶ)                                                         ,   117, 練り製品
     00010177, shiki 826                                                          , ﾋﾅｸﾞﾁｸﾜ 3ﾎﾝｲﾘ                                                     ,   117, 練り製品
     00010178, shiki 827                                                          , ｷﾌﾞﾝ)ﾊﾝﾍﾟﾝ                                                        ,   117, 練り製品
     00010179, shiki 828                                                          , ﾗｸﾉｳｷﾞｭｳﾆｭｳ 1ﾘｯﾄﾙｲﾘ                                               ,   108, 乳製品
     00010180, shiki 845                                                          , ﾍﾞﾝﾘ ｻｻ(50ﾏｲｶｹﾙ2ﾀﾊﾞ)                                              ,    99, 飾り物
     00010181, shiki 849                                                          , ﾒｲｽｲﾓﾔｼ(HP)200gｲﾘ                                                 ,   102, もやし
     00010182, shiki 872                                                          , ｷｼｭｳｻﾝﾊﾞｲﾆｸ ｼﾛ 280gｲﾘ                                             ,   100, その他
     00010183, shiki 873                                                          , ﾂﾌﾞｼｺﾞﾏ 600gｲﾘ                                                    ,   100, その他
     00010184, shiki 874                                                          , ｺｳﾔﾄｳﾌ 10ｺｲﾘ                                                      ,   100, その他
     00010185, shiki 875                                                          , ﾍﾞｯﾀﾗﾂﾞｹﾂﾞｹ                                                       ,   118, 漬物
     00010186, shiki 876                                                          , ｼｮｳｶﾞﾐｿﾂﾞｹ 1kgｲﾘ                                                  ,   118, 漬物
     00010187, shiki 877                                                          , ﾑﾗｻｷﾊﾅﾏﾒｱﾔﾆ 1.5kgﾘｲﾘ                                              ,   100, その他
     00010188, shiki 878                                                          , ﾅﾏｽﾘﾜｻﾋﾞ300gｲﾘ                                                    ,    95, わさび類
     00010189, shiki 879                                                          , ｷﾝｻﾞﾝｼﾞﾜｻﾋﾞ 400gｲﾘ                                                ,    65, その他
     00010190, shiki 880                                                          , ｲﾀﾅｼｱｶｶﾏﾎﾞｺ　ｱｶﾅｶﾞ                                                ,   117, 練り製品
     00010191, shiki 881                                                          , ｺﾌﾞﾁｬ 80gｲﾘ                                                       ,    65, その他
     00010192, shiki 882                                                          , ｻｼﾐｼｮｳﾕ 100ｺｲﾘ                                                    ,   116, 醤油（酢）
     00010194, shiki 884                                                          , ｶｶﾏｱｹﾞｻｸﾗｴﾋﾞ 500gｲﾘ                                               ,   100, その他
     00010195, shiki 885                                                          , ｲﾛﾄﾞﾘｷﾇﾀﾏｷ 2ﾎﾝｲﾘ                                                  ,   100, その他
     00010196, shiki 886                                                          , ｱｹﾞｺﾅｽ(ｶﾉｺ)500ggｲﾘ                                                ,   112, 加工野菜
     00010197, shiki 887                                                          , ﾌｷﾉｺﾞﾏﾐｿｼﾞﾀﾃ 1kgｲﾘ                                                ,    91, 前菜
     00010198, shiki 888                                                          , ﾚｲﾄｳﾁｱﾕ 20ﾋﾞIQF                                                   ,    90, 魚介類
     00010199, shiki 889                                                          , ﾎﾈﾅｼｻﾜﾗｻｲｷｮｳﾔｷ 20g10ｷﾘ                                            ,    90, 魚介類
     00010200, shiki 890                                                          , ﾁｮｳｼｻﾝﾔﾜﾗｶｲﾜｼｼｮｳｶﾞﾆ 12450g12ﾋﾞ                                    ,    90, 魚介類
     00010201, shiki 891                                                          , ﾌｸｼﾞﾝﾂﾞｹ 500gｲﾘ                                                   ,   118, 漬物
     00010202, shiki 892                                                          , ﾋｺﾞｸﾞﾘｰﾝﾒﾛﾝ                                                       ,    88, その他果物
     00010203, shiki 893                                                          , ｸﾞﾘｰﾝｱｽﾊﾟﾗ(ﾎﾝ)                                                    ,     9, アスパラ
     00010204, shiki 894                                                          , ｱｵﾀｶﾅﾂｹ                                                           ,   118, 漬物
     00010205, shiki 895                                                          , ﾉﾊﾞｼｴﾋﾞ 21/2520ﾋﾞｲﾘ                                               ,    65, その他
     00010206, shiki 896                                                          , ﾃﾞｨﾙ                                                              ,   109, 大分久保田
     00010207, shiki 897                                                          , ﾒｰｸｲﾝ(ﾊｺ)                                                         ,    45, その他根菜類
     00010208, shiki 898                                                          , ｱﾝﾃﾞｨｰﾌﾞ                                                          ,    17, その他葉物
     00010209, shiki 899                                                          , ﾐ)モメントウフ 400gｲﾘ                                             ,    98, 豆腐類
     00010210, shiki 900                                                          , ｼﾞｬﾝﾎﾞｸﾞﾘｰﾝｱｽﾊﾟﾗ                                                  ,     9, アスパラ
     00010211, shiki 901                                                          , ｱｵﾓﾐｼﾞﾌ                                                           ,   100, その他
     00010212, shiki 902                                                          , ｷｬﾍﾞﾂ(ﾊｺ)                                                         ,     7, キャベツ
     00010213, shiki 904                                                          , ｻﾗﾀﾞﾅ　ﾊﾚﾀｽ                                                       ,     6, レタス
     00010214, shiki 905                                                          , ﾋｽｲｳﾒ 2Pﾋﾞﾝ                                                       ,    93, 甘味
     00010215, shiki 906                                                          , ﾆﾝｼﾞﾝﾐｿﾂﾞｹ                                                        ,   118, 漬物
     00010216, shiki 907                                                          , ﾜｶﾄﾘﾄﾘﾝｺﾞﾉｺｳｿｳﾖｾ                                                  ,    91, 前菜
     00010217, shiki 908                                                          , ｶﾆﾐｿ 80gｲﾘ                                                        ,    92, 珍味
     00010218, shiki 909                                                          , ﾊﾅﾗｯｷｮｳ 150g0gｲﾘ                                                  ,   118, 漬物
     00010219, shiki 910                                                          , ｺｳﾊｸﾁｶ S45ﾎﾝｲﾘ　ﾊｼﾞｶﾐ                                             ,   100, その他
     00010220, shiki 911                                                          , ﾘｰｷ　ﾎﾟｱﾛ                                                         ,    15, ネギ
     00010221, shiki 912                                                          , ｵｵﾑﾗ ｱﾀﾘｺﾞﾏ (ｼﾛ)300gｲﾘ                                            ,    96, 原材料
     00010222, shiki 913                                                          , ﾏｯﾁｬﾌﾟﾘﾝﾉﾓﾄ 250gｲﾘ                                                ,    93, 甘味
     00010223, shiki 914                                                          , ｼﾞｬｶﾞｲﾓﾍﾟｰｽﾄ 1kgｲﾘ                                                ,    96, 原材料
     00010224, shiki 915                                                          , ﾁｭｳｺﾞｸﾅﾒｺ(S)4ｺﾞｳｶﾝ                                                ,    96, 原材料
     00010225, shiki 916                                                          , ﾁｭｳｺﾞｸｻﾝ)ﾄﾝﾌﾞﾘ 250gｲﾘﾋﾞﾝ                                          ,    96, 原材料
     00010226, shiki 917                                                          , ｲｹｼﾒｱﾜﾋﾞ50/60g1 1kg                                               ,    96, 原材料
     00010227, shiki 918                                                          , ﾓﾛﾐｺﾝﾌﾞﾏｷ 1kgｲﾘ(ﾔｸ70ﾎﾝ)                                           ,   100, その他
     00010228, shiki 919                                                          , ｻｸﾗﾝﾎﾞｸﾞﾗｯｾ 1kgｲﾘ                                                 ,    93, 甘味
     00010229, shiki 920                                                          , ｻｻｶﾞｷｼﾉﾀﾞ 5ﾎﾝｲﾘ                                                   ,   100, その他
     00010230, shiki 921                                                          , ﾀﾞｲｵｳﾕﾘﾈ 1kgｲﾘ                                                    ,    96, 原材料
     00010231, shiki 922                                                          , ｱｲｶﾞﾓｽﾓｰｸ (1kg/5ﾎﾝｲﾘ)                                             ,    89, 肉類
     00010232, shiki 923                                                          , ﾏﾂ)ﾀﾞｲｺﾝｾﾝｷﾞﾘ                                                     ,   112, 加工野菜
     00010233, shiki 924                                                          , ﾏﾂ)ﾀﾏﾈｷﾞｽﾗｲｽ 2ﾐﾘ                                                  ,   112, 加工野菜
     00010234, shiki 925                                                          , ﾏﾂ)ﾆﾝｼﾞﾝｾﾝｷﾞﾘ                                                     ,   112, 加工野菜
     00010235, shiki 926                                                          , ﾚｯﾄﾞｷｬﾍﾞﾂｽﾗｲｽ                                                     ,   112, 加工野菜
     00010236, shiki 927                                                          , ﾑｷﾀﾏﾈｷﾞﾏﾂ)                                                        ,   112, 加工野菜
     00010237, shiki 928                                                          , ﾏﾂ)ﾏﾂ)ﾀﾏﾈｷﾞｽﾗｲｽ 5ﾐﾘ                                               ,   112, 加工野菜
     00010238, shiki 929                                                          , ﾏﾂ)ﾀﾏﾈｷﾞﾐｼﾞﾝ                                                      ,   112, 加工野菜
     00010239, shiki 930                                                          , ｱｶﾀﾏﾈｷﾞ ｽﾗｲｽ 1ﾐﾘ                                                  ,   112, 加工野菜
     00010240, shiki 931                                                          , ｾﾝｻﾞｷｶﾏﾎﾞｺ ｼﾛ                                                     ,   117, 練り製品
     00010241, shiki 932                                                          , ﾀﾞﾌﾞﾙｿﾌﾄ(2)                                                       ,   119, パン
     00010242, shiki 933                                                          , ﾛｲﾔﾙﾊﾞﾀｰﾛｰﾙ(6)                                                    ,   119, パン
     00010243, shiki 934                                                          , ﾎｯｶｲﾄﾞｳﾊﾞﾀｰﾛｰﾙ                                                    ,   119, パン
     00010244, shiki 935                                                          , ｳｽｶﾜﾀﾏｺﾞﾊﾟﾝ(4)                                                    ,   119, パン
     00010245, shiki 936                                                          , ﾁｮｺﾁｯﾌﾟｽﾅｯｸ(7)                                                    ,   119, パン
     00010246, shiki 937                                                          , 5ﾂﾆｷｯﾀﾛｰﾙｹｰｷ(ﾁｮｺ)                                                 ,   119, パン
     00010247, shiki 938                                                          , ﾗﾝﾁﾊﾟｯｸ(ﾂﾅﾏﾖﾈｰｽﾞ                                                  ,   119, パン
     00010248, shiki 939                                                          , ﾐﾆｵｸﾞﾗﾊﾟﾝ(5)                                                      ,   119, パン
     00010249, shiki 940                                                          , ﾛｲﾔﾙﾌﾞﾚｯﾄﾞ(8)                                                     ,   119, パン
     00010250, shiki 941                                                          , ﾓｰﾆﾝｸﾞｽﾀｰ(6)                                                      ,   119, パン
     00010251, shiki 942                                                          , 5ﾂﾆｷｯﾀﾛｰﾙｹｰｷ(ﾊﾞﾆﾗ)                                                ,   119, パン
     00010252, shiki 943                                                          , ﾗﾝﾁﾊﾟｯｸ(ﾀﾏｺﾞ)                                                     ,   119, パン
     00010253, shiki 944                                                          , ﾛｲﾔﾙﾌﾞﾚｯﾄﾞ(10)                                                    ,   119, パン
     00010254, shiki 945                                                          , ﾛｲﾔﾙﾌﾞﾚｯﾄﾞｻﾝﾄﾞｲｯﾁﾖｳ(12)                                           ,   119, パン
     00010255, shiki 946                                                          , ｳｽｶﾜｸﾘｰﾑﾊﾟﾝ(6)4                                                   ,   119, パン
     00010256, shiki 947                                                          , ｺｯﾍﾟﾊﾟﾝ(ﾂﾌﾞｱﾝｱﾝﾄﾞﾏｰｶﾞﾘﾝ)                                          ,   119, パン
     00010257, shiki 948                                                          , ｵｷﾅﾜｺｸﾄｳｲﾘﾃｰﾌﾞﾙﾛｰﾙ(6)                                             ,   119, パン
     00010258, shiki 949                                                          , ﾊﾞﾅﾅｽﾍﾟｼｬﾙ                                                        ,   119, パン
     00010259, shiki 950                                                          , ﾚｰｽﾞﾝﾛｰﾙ(6)                                                       ,   119, パン
     00010260, shiki 951                                                          , ｳｽｶﾜﾁｮｺﾊﾟﾝ(4)                                                     ,   119, パン
     00010261, shiki 952                                                          , ｽﾅｯｸｽﾃｨｯｸ(7)                                                      ,   119, パン
     00010262, shiki 953                                                          , ｺｸﾄｳﾌｰｸﾚｴ                                                         ,   119, パン
     00010263, shiki 954                                                          , ﾗﾝﾁﾊﾟｯｸ(ﾋﾟｰﾅｯﾂ)                                                   ,   119, パン
     00010264, shiki 955                                                          , ｸｽﾞﾏﾝｼﾞｭｳ(ﾎｯｶｲｵﾂﾞﾄﾞｳｻﾝｱｽﾞｷｼﾖｳ)                                    ,   119, パン
     00010265, shiki 956                                                          , ｾﾙﾌｨｰﾕ                                                            ,    66, 久保田農園
     00010266, shiki 958                                                          , Bﾄﾏﾄ                                                              ,    18, トマト
     00010267, shiki 959                                                          , ﾐﾃﾞｨﾄﾏﾄ(kg)                                                       ,    18, トマト
     00010268, shiki 960                                                          , ﾏﾂ)ﾀﾏﾈｲﾈｷﾞｽﾗｲｽ 1ﾐﾘ                                                ,   112, 加工野菜
     00010269, shiki 961                                                          , ﾀﾗﾉﾒﾐｽﾞﾆ 1kgｲﾘ                                                    ,   112, 加工野菜
     00010270, shiki 962                                                          , ﾄｳﾌﾉｲｿﾍﾞｱｹﾞ 50ｺｲﾘ                                                 ,   100, その他
     00010271, shiki 963                                                          , ﾊﾝﾊﾟｺﾝﾎﾟｳﾋ                                                        ,   100, その他
     00010272, shiki 964                                                          , ﾔｷﾅｽﾏﾝｼﾞｭｳ 15ｺｲﾘ                                                  ,    93, 甘味
     00010273, shiki 965                                                          , ﾎｳﾊﾞﾐｿ 800gｲﾘ                                                     ,    94, 味噌類
     00010274, shiki 966                                                          , ﾜｺｳﾁｬﾌﾟﾘﾝﾌﾟﾘﾝﾉﾓﾄ 250gｲﾘ                                           ,    93, 甘味
     00010275, shiki 967                                                          , ｷﾅｺﾌﾟﾘﾝﾉﾓﾄ 250gｲﾘ                                                 ,    93, 甘味
     00010276, shiki 968                                                          , ﾎﾞｲﾙｽﾞﾜｲﾎﾞｳﾆｸﾐｯｸｽ 300gｲﾘ                                          ,   100, その他
     00010277, shiki 969                                                          , ﾚｲﾄｳﾆﾝｼﾞﾝﾈｼﾞﾘｳﾒ 3.8ｾﾝﾁ50ｺｲﾘ                                       ,    96, 原材料
     00010278, shiki 970                                                          , ｱﾂｱｹﾞ ﾐｼﾏ)                                                        ,    98, 豆腐類
     00010279, shiki 971                                                          , ｺﾞﾏﾄｳﾌﾐｼﾏ)                                                        ,    98, 豆腐類
     00010280, shiki 972                                                          , ﾐｼﾏ)ｽｼｱｹﾞ 8ﾏｲｲﾘ                                                   ,    98, 豆腐類
     00010281, shiki 973                                                          , ﾐｼﾏ)ﾋﾟｰﾅｯﾂﾄｳﾌ                                                     ,    98, 豆腐類
     00010282, shiki 974                                                          , ﾐｼﾏ)ﾔｷﾄｳﾌ 250gｲﾘ                                                  ,    98, 豆腐類
     00010283, shiki 975                                                          , ﾐｼﾏ)ｷﾇﾄｳﾌ 400gｲﾘ                                                  ,    98, 豆腐類
     00010284, shiki 976                                                          , ﾍﾞﾀｱｹﾞ                                                            ,    98, 豆腐類
     00010285, shiki 977                                                          , ﾐｼﾏ)ｼﾎﾞﾘﾄｳﾌ                                                       ,    98, 豆腐類
     00010286, shiki 978                                                          , ﾄﾘﾐﾝﾁ                                                             ,    89, 肉類
     00010287, shiki 979                                                          , ﾊｰﾌﾞﾄﾘﾓﾓ                                                          ,    89, 肉類
     00010288, shiki 980                                                          , ﾄﾘﾓﾓｺﾏｷﾘ                                                          ,    89, 肉類
     00010289, shiki 982                                                          , ｶﾗｲﾓ(ｶﾝﾀｶﾝﾀｸﾝ)(ﾊｺ)                                                ,    40, 唐芋
     00010290, shiki 983                                                          , ｴﾋﾞｽﾅﾝｷﾝ(ﾊｺ)                                                      ,    22, 南瓜
     00010291, shiki 984                                                          , ﾄﾏﾄ(P)                                                            ,    18, トマト
     00010292, shiki 985                                                          , ｵｶﾗ ﾐｼﾏ                                                           ,    98, 豆腐類
     00010293, shiki 986                                                          , ﾗﾝﾁﾊﾟｯｸ（ﾊﾑ＆ﾏﾖﾈｰｽﾞ）                                             ,   119, パン
     00010294, shiki 987                                                          , ｱﾔﾒﾌ                                                              ,   100, その他
     00010295, shiki 988                                                          , ﾖﾓｷﾞﾌﾖﾓｷﾞﾌ(ﾀﾞｲ)                                                   ,   100, その他
     00010296, shiki 989                                                          , ｶｯﾎﾟｳﾅｽﾂﾞｹ 15gｲﾘ                                                  ,   118, 漬物
     00010297, shiki 990                                                          , ｸﾆﾄﾐｼﾎﾞﾘ                                                          ,   118, 漬物
     00010298, shiki 991                                                          , ﾅﾗﾂﾞｹ                                                             ,   118, 漬物
     00010299, shiki 992                                                          , ｱﾌﾞﾗｲﾀﾒ 1800ｲﾘ ﾌｸﾛ                                                ,   118, 漬物
     00010300, shiki 993                                                          , ｱﾌﾞﾗｲﾀﾒ(kg)                                                       ,   118, 漬物
     00010301, shiki 994                                                          , ﾅﾗﾂﾞｹ(ﾀﾞｲ)                                                        ,   118, 漬物
     00010302, shiki 995                                                          , ﾊｸｻｲﾂﾞｹ  (kg)                                                     ,   118, 漬物
     00010303, shiki 996                                                          , ｷｼｭｳｳｽｼｵｳﾒ 125gｲﾘ                                                 ,   118, 漬物
     00010304, shiki 997                                                          , ﾌｸｼﾞﾝﾂﾞｹ 500gｲﾘ                                                   ,   118, 漬物
     00010305, shiki 998                                                          , ﾅﾏｽﾘ 200gｲﾘ                                                       ,    39, わさび
     00010306, shiki 999                                                          , ｱｵﾘﾝｺﾞｾﾞﾘｰ ｸﾛﾚﾗ                                                   ,   100, その他
     00010307, shiki1000                                                          , ﾛｲﾔﾙﾌﾞﾚｯﾄﾞ(6)                                                     ,   119, パン
     00010308, shiki1001                                                          , ﾗﾝﾁﾊﾟｯｸ(ﾒﾝﾁｶﾂ)                                                    ,   119, パン
     00010309, shiki1002                                                          , ﾏｲｸﾛｸﾞﾘｰﾝ30g                                                      ,    70, 佐賀グッドリーフ
     00010310, shiki1005                                                          , ﾄｹﾅｲﾓﾁ 1kgｲﾘ                                                      ,   100, その他
     00010311, shiki1006                                                          , ｱﾜﾌ(ﾀﾞｲ)                                                          ,   100, その他
     00010312, shiki1007                                                          , ﾄｹﾅｲﾓﾁ (ｱｶ)1kgｲﾘ                                                  ,   100, その他
     00010313, shiki1008                                                          , ﾄｯｶ ｽﾚﾝｺﾝ 1kgｲﾘ                                                   ,    97, 袋物
     00010314, shiki1010                                                          , ｳﾗｺﾞｼﾕﾘﾈ 1kgｲﾘ                                                    ,   100, その他
     00010315, shiki1011                                                          , ｷﾝ)ｴﾋﾞｽﾘﾐ 500gｲﾘ                                                  ,    90, 魚介類
     00010316, shiki1012                                                          , ｴﾋﾞｲﾓﾍﾟｰｽﾄ 1kgｲﾘ                                                  ,    96, 原材料
     00010317, shiki1013                                                          , ﾔｷﾒﾓﾁﾏﾙﾓﾁ 18g/30ｺ                                                 ,   100, その他
     00010318, shiki1014                                                          , ﾉｼｳﾒ 5ﾏｲｲﾘ                                                        ,   100, その他
     00010319, shiki1015                                                          , ｶｯﾎﾟｳｻｻ ｼﾞｸﾂｷ 200ﾏｲ                                               ,    99, 飾り物
     00010320, shiki1016                                                          , ｻﾝｼｮｸｶｷﾊｶﾀ                                                        ,   100, その他
     00010321, shiki1017                                                          , ｷｻﾞﾐｷﾑﾁ(kg)                                                       ,   118, 漬物
     00010322, shiki1018                                                          , ｷｼｭｳﾊﾁﾐﾂｳﾒ                                                        ,   118, 漬物
     00010323, shiki1019                                                          , ｶﾚｰﾌｸｼﾞﾝﾂﾞｹ 180gｲﾘ                                                ,   118, 漬物
     00010324, shiki1020                                                          , ｻｼﾐｺﾝﾆｬｸ ﾕｽﾞ                                                      ,   101, こんにゃく類
     00010325, shiki1021                                                          , ﾃﾆｷﾞﾘﾁｸﾜ                                                          ,   117, 練り製品
     00010326, shiki1022                                                          , ｶｸﾃﾝ 3ﾏｲｲﾘ                                                        ,   117, 練り製品
     00010327, shiki1023                                                          , ｼｵｻｲｶﾏﾎﾞｺ                                                         ,   117, 練り製品
     00010328, shiki1024                                                          , ﾌｸ))ｶﾗｼﾚﾝｺﾝ                                                       ,   100, その他
     00010329, shiki1025                                                          , ｺｹｲﾈﾝﾘｮｳ 25Gｲﾘ                                                    ,   100, その他
     00010330, shiki1026                                                          , ｺｹｲﾈﾝﾘｮｳ 30gｲﾘｶｹﾙ10ﾌｸﾛ                                            ,   100, その他
     00010331, shiki1027                                                          , ｺｹｲﾈﾝﾘｮｳ 35gｲﾘ                                                    ,   100, その他
     00010332, shiki1028                                                          , ﾆﾄﾘﾙﾆﾄﾘﾙｸﾞﾛｰﾌﾞ L                                                  ,   100, その他
     00010333, shiki1029                                                          , ﾃｰﾌﾞﾙﾏｯﾄ                                                          ,   100, その他
     00010334, shiki1030                                                          , ﾃｰﾌﾞﾙﾏｯﾄ ﾑｼﾞ                                                      ,   100, その他
     00010335, shiki1031                                                          , ﾍﾟｰﾊﾟｰﾘﾋﾞｰ(ｷｯﾁﾝﾍﾟｰﾊﾟｰ)                                            ,   100, その他
     00010336, shiki1032                                                          , ﾊﾝﾄﾞﾘｰｴﾝﾎﾞｽ                                                       ,   100, その他
     00010337, shiki1033                                                          , ｷｸﾛﾝｷｸﾛﾝﾀﾜｼ                                                       ,   100, その他
     00010338, shiki1034                                                          , ｼﾝｸｳﾌｸﾛ X-2635                                                    ,     1, 水菜
     00010339, shiki1035                                                          , ｼﾝｸｳﾌｸﾛ X-1625                                                    ,   100, その他
     00010340, shiki1036                                                          , ﾃﾞﾝｶﾞｸｸｼ 12ｾﾝﾁ100ﾎﾝｲﾘ                                             ,   100, その他
     00010341, shiki1037                                                          , ｺﾞﾐﾌｸﾛ 70ﾘｯﾄﾙ                                                     ,   100, その他
     00010342, shiki1038                                                          , ﾃｯﾎﾟｳｸｼ 12ｾﾝﾁ 100ﾎﾝｲﾘ                                             ,   100, その他
     00010343, shiki1039                                                          , PCﾃﾞｻﾞｰﾄｽﾌﾟｰﾝ10ｾﾝﾁ100ﾎﾝｲﾘ                                         ,   100, その他
     00010344, shiki1040                                                          , ﾌｼﾞｽｰﾊﾟｰﾆﾄﾘﾙ ｸﾛ                                                   ,   100, その他
     00010345, shiki1041                                                          , 5ｽﾝｸﾞﾙﾒｼｷｼ                                                        ,   100, その他
     00010346, shiki1042                                                          , ﾊﾞｲﾄﾚｱﾝ                                                           ,    17, その他葉物
     00010347, shiki1043                                                          , ﾅﾝｶﾝｱｹﾞ ﾀﾞｲ3ﾏｲｲﾘ                                                  ,   100, その他
     00010348, shiki1044                                                          , ﾅﾏﾁｮｺｷｬﾗﾒﾙﾛｰﾙ                                                     ,    93, 甘味
     00010349, shiki1045                                                          , ﾓｰﾆﾝｸﾞｽﾀｰ(5)                                                      ,   119, パン
     00010350, shiki1046                                                          , ｲﾁｺﾞｽﾍﾟｼｬﾙ                                                        ,   119, パン
     00010351, shiki1047                                                          , ﾗﾝﾁﾊﾟｯｸ(ﾒﾝﾁｶﾂﾄｶﾚｰ)                                                ,   119, パン
     00010352, shiki1048                                                          , ｸｲﾝｼｰﾒﾛﾝ                                                          ,    80, 瓜類
     00010353, shiki1049                                                          , ﾉｳｺｳﾗｲﾁﾌﾟﾘﾝ 1kg                                                   ,    93, 甘味
     00010354, shiki1050                                                          , ﾁｮｺ)ﾅﾏｷﾅﾏｷｬﾗﾒﾙﾛｰﾙ 2ﾎﾝｲﾘ                                           ,    93, 甘味
     00010355, shiki1051                                                          , ﾊﾞﾝﾉｳﾕﾊﾞ 450gｲﾘ                                                   ,    96, 原材料
     00010356, shiki1052                                                          , ﾅﾏﾎﾀﾃﾕｽﾞ 1kgｲﾘ                                                    ,    90, 魚介類
     00010357, shiki1053                                                          , ﾌﾀﾊﾞ)ｾﾝｷﾞﾘｷｬﾍﾞﾂ                                                   ,   112, 加工野菜
     00010358, shiki1054                                                          , ﾚｲﾄｳﾌﾞﾙｰﾍﾞﾘｰ                                                      ,   103, 冷凍　野菜
     00010359, shiki1055                                                          , ﾀﾞｼｺﾝﾌﾞ 50gｲﾘ                                                     ,   107, 乾物
     00010360, shiki1057                                                          , ﾚｲﾄｳｶﾜｴﾋﾞ L500gｲﾘ                                                 ,    96, 原材料
     00010361, shiki1058                                                          , ｻﾝｻｲﾐｯｸｽﾐｽﾞﾆ 1kgｲﾘ                                                ,    96, 原材料
     00010362, shiki1059                                                          , ﾄｸｼﾞｮｳｸﾞﾘｰﾝｼﾞｭﾝｻｲ 500gｲﾘ                                          ,    91, 前菜
     00010363, shiki1060                                                          , ﾘﾝｺﾞ(ｻﾝﾌｼﾞ)                                                       ,    88, その他果物
     00010364, shiki1061                                                          , ﾃﾅｶﾞｴﾋﾞﾕｽﾞﾆ 200gﾔｸ45ﾋﾞ                                            ,    90, 魚介類
     00010365, shiki1062                                                          , ｸﾘｰﾑﾁｰｽﾞﾀﾏﾘｼｮｳｼｮｳﾕﾂｹ 150gｲﾘ                                       ,   100, その他
     00010366, shiki1063                                                          , ｺﾚﾊｳﾏｲｳﾄﾞﾝ 180gｲﾘ                                                 ,   100, その他
     00010367, shiki1064                                                          , ﾄﾛﾕﾊﾞ 500gｲﾘ                                                      ,   100, その他
     00010368, shiki1065                                                          , ﾘｮｳﾒﾝOPﾁﾝﾐﾊｸｳﾝﾘｭｳ ｼｮｳ                                             ,    99, 飾り物
     00010369, shiki1066                                                          , ﾊﾗｸﾞﾁ)ﾌﾞﾘﾃﾘﾔｷ 25g10ｷﾘ                                             ,    90, 魚介類
     00010370, shiki1067                                                          , ﾋﾟｰﾅｯﾂﾄｳﾌﾉﾓﾄ 1kgｲﾘ                                                ,    96, 原材料
     00010371, shiki1076                                                          , ﾀｶﾁﾎﾑｴﾝﾊﾞﾀｰ 450gｲﾘ                                                ,   108, 乳製品
     00010372, shiki1082                                                          , ﾀﾞｲｽﾞﾐｽﾞﾆ(ｺｸｻﾝ)1kgｲﾘ                                              ,    30, 豆
     00010373, shiki1083                                                          , ﾚｲﾄｳｼﾗﾀﾏ (M)1kgｲﾘ                                                 ,   100, その他
     00010374, shiki1084                                                          , ﾚｲﾄｳｿﾗﾏﾒ L500gｲﾘ                                                  ,    30, 豆
     00010375, shiki1085                                                          , ﾚｲﾄｳｻﾄｲﾓ S500gｲﾘ                                                  ,   100, その他
     00010376, shiki1086                                                          , ｶｯﾄﾜｶﾒ 500gｲﾘ                                                     ,   107, 乾物
     00010377, shiki1087                                                          , ｶﾝｻﾞｷｿｳﾒﾝ 100gｲﾘｶｹﾙ5                                              ,   100, その他
     00010378, shiki1088                                                          , ｽﾃｨｯｸﾁｰｽﾞ 10gｶｹﾙ20ﾎﾝｲﾘ                                            ,   108, 乳製品
     00010379, shiki1089                                                          , ﾋﾟｰﾁｾﾞﾘｰﾉﾓﾄ 600gｲﾘ                                                ,    93, 甘味
     00010380, shiki1090                                                          , ﾚｯﾄﾞﾁｪﾀﾞｰｲﾘﾐｯｸｽﾁｰｽﾞ 500gﾘｲﾘ                                       ,   108, 乳製品
     00010381, shiki1091                                                          , ﾓﾁﾌ 500gｲﾘ                                                        ,   107, 乾物
     00010382, shiki1092                                                          , ﾄﾚｰﾅｯﾄｳ(ｺﾂﾌﾞ)500gｲﾘ                                               ,    10, クレソン
     00010383, shiki1093                                                          , CPｺﾞｰﾙﾄﾞ(ﾕｳｴﾝ)450gｲﾘ                                              ,   108, 乳製品
     00010384, shiki1094                                                          , ｷﾅｺ 500gｲﾘ                                                        ,   100, その他
     00010385, shiki1095                                                          , ﾘｮｸﾄｳﾊﾙｻﾒ(9ｾﾝﾁ)500gｲﾘ                                             ,   107, 乾物
     00010386, shiki1096                                                          , ﾃﾞﾐｸﾞﾗｽｿｰｽ                                                        ,   100, その他
     00010387, shiki1097                                                          , ｸﾚｰﾌﾟ(ｽﾄﾛﾍﾞﾘｰ)30gｶｹﾙ10ﾎﾝｲﾘ                                        ,   100, その他
     00010388, shiki1098                                                          , ｸﾚｰﾌﾟ(ﾁｮｺ)30gｶｹﾙ10ﾎﾝｲﾘ                                            ,   100, その他
     00010389, shiki1099                                                          , ﾌﾘｶｹ(ﾜｻﾋﾞﾌｳﾐ)500gｲﾘ                                               ,   100, その他
     00010390, shiki1101                                                          , ﾊﾞｰﾓﾝﾄｶﾚｰﾌﾚｰｸ                                                     ,   100, その他
     00010391, shiki1102                                                          , ｱｶﾓﾐｼﾞﾌ                                                           ,   100, その他
     00010392, shiki1103                                                          , ﾕｳｴﾝﾊﾞﾀｰ 450g                                                     ,   108, 乳製品
     00010393, shiki1104                                                          , ｸﾁﾅｼﾉﾐ 200gｲﾘ                                                     ,   107, 乾物
     00010394, shiki1105                                                          , ﾁｬｰﾋﾞﾙ                                                            ,   109, 大分久保田
     00010395, shiki1106                                                          , ﾗﾝﾁﾊﾟｯｸ(ﾌﾞﾙｰﾍﾞﾘｰｼﾞｬﾑ&ﾏｰｶﾞﾘﾝ)                                      ,   119, パン
     00010396, shiki1107                                                          , 5ﾂﾆｷｯﾀﾛｰﾙｹｰｷ(ｺｰﾋｰ)                                                ,   119, パン
     00010397, shiki1108                                                          , ﾗﾝﾁﾊﾟｯｸ(ﾘﾝｺﾞｶｽﾀｰﾄﾞ)                                               ,   119, パン
     00010398, shiki1109                                                          , ﾜﾗﾋﾞ                                                              ,    64, その他香味つま物類
     00010399, shiki1110                                                          , ｶﾆｶﾏｲｿﾍﾞｱｹﾞ(ﾁｰｽﾞ)ﾔｸ50ｺｲﾘ                                          ,   100, その他
     00010400, shiki1111                                                          , ﾏｽｶﾙﾎﾟｰﾈﾁｰｽﾞﾌﾟﾘﾝ 1kgｲﾘ                                            ,    93, 甘味
     00010401, shiki1112                                                          , ﾅｽﾌｸﾒﾆ                                                            ,   100, その他
     00010402, shiki1113                                                          , ﾅｽﾉｱｯｻﾘﾄﾏﾄﾆ 1kgｲﾘ                                                 ,   100, その他
     00010403, shiki1114                                                          , ｴﾋﾞﾎﾞｲﾙﾁｭｳﾑｷS 45ﾋﾞ                                                ,   100, その他
     00010404, shiki1115                                                          , ﾜﾘｻｲｻｲ(ﾎｼｽﾞｲｷ)                                                    ,   100, その他
     00010405, shiki1119                                                          , ﾊﾟｲﾝｱｯﾌﾟﾙ(ﾁﾋﾞｯﾄ)#11/6                                             ,    88, その他果物
     00010406, shiki1120                                                          , ﾄﾚｰﾅｯﾄｳ(ﾋｷﾜﾘ)                                                     ,    30, 豆
     00010407, shiki1121                                                          , ｸﾞﾚｰﾌﾟ 100ﾊﾟｰｾﾝﾄ                                                  ,    88, その他果物
     00010408, shiki1122                                                          , ﾚｲﾄｳｾﾝｷﾞﾘﾀｹﾉｺ 1kgｲﾘ                                               ,   112, 加工野菜
     00010409, shiki1124                                                          , ﾚｲﾄｳｻﾇｷｳﾄﾞﾝ 200gｶｹﾙ5                                              ,   100, その他
     00010410, shiki1125                                                          , ｱｿﾀｶﾅｱﾌﾞﾗｲﾀﾒﾌｳ                                                    ,   118, 漬物
     00010411, shiki1166                                                          , ｱﾃﾅｽｲｶ                                                            ,    80, 瓜類
     00010412, shiki1167                                                          , ﾁｬﾘﾑ 400gｲﾘ                                                       ,   107, 乾物
     00010413, shiki1168                                                          , ｺﾅｻﾝｼｮｳ 18gｲﾘ                                                     ,   100, その他
     00010414, shiki1169                                                          , ｳｽｶﾜﾂﾌﾞｱﾝﾊﾟﾝ(4)                                                   ,   119, パン
     00010415, shiki1170                                                          , ﾗﾝﾁﾊﾟｯｸ(ﾊﾑ&ｴｯｸﾞ)                                                  ,   119, パン
     00010416, shiki1171                                                          , ｶﾆﾒﾝ　ｶﾆｺｳﾗ                                                       ,   113, 料理小道具
     00010417, shiki1172                                                          , ﾅﾏｼﾞｭﾝｻｲ 500gｲﾘ                                                   ,   100, その他
     00010418, shiki1181                                                          , ﾎﾞｳﾌｳ                                                             ,   100, その他
     00010419, shiki1183                                                          , ｵﾚﾝｼﾞﾊｰﾄﾒﾛﾝ                                                       ,    80, 瓜類
     00010420, shiki1216                                                          , ｱﾏﾅｶﾞｸﾞﾘｰﾝ                                                        ,    29, 青唐
     00010421, shiki1217                                                          , ﾚｲﾄｳｸﾞﾘｰﾝﾋﾟｰｽ 1kgｲﾘ                                               ,   112, 加工野菜
     00010422, shiki1218                                                          , ﾑｽﾋﾞﾕﾊﾞ 200ｺｲﾘ                                                    ,   107, 乾物
     00010423, shiki1219                                                          , ﾚﾝｺﾝｶﾂﾗﾑｷ 1kgﾘｲﾘ                                                  ,   112, 加工野菜
     00010424, shiki1220                                                          , ｷｼｭｳｻﾝﾊﾞｲﾆｸ ｱｶ 280gｲﾘ                                             ,   100, その他
     00010425, shiki1221                                                          , ｶｲｾﾝﾅｽﾊｻﾐｱｹﾞ 1kg50ｺｲﾘ                                             ,   100, その他
     00010426, shiki1222                                                          , ｱﾗｲﾓｽﾞｸ 1(ﾌﾄ)1kgｲﾘ                                                ,   100, その他
     00010427, shiki1223                                                          , ｸﾙﾐﾊｰﾌｶﾜﾅｼ 500gｲﾘ                                                 ,    96, 原材料
     00010428, shiki1224                                                          , ｶｯﾄｹｰｷﾌﾞﾗｳﾆｰ 36ｺ                                                  ,    93, 甘味
     00010429, shiki1225                                                          , ﾋｶﾞｼﾉｳﾋﾉｷ8ﾏｽ (12273)                                              ,    99, 飾り物
     00010430, shiki1226                                                          , ﾊﾝﾅﾏﾕﾊﾞ 20ﾏｲ                                                      ,   100, その他
     00010431, shiki1227                                                          , ｿﾊﾞｰｼﾞｭｱｽﾊﾟﾗ                                                      ,     9, アスパラ
     00010432, shiki1228                                                          , ﾌｪｲｼﾞｮｱﾉﾊﾅ                                                        ,    99, 飾り物
     00010433, shiki1229                                                          , ﾎﾈｷﾞﾘﾊﾓﾃﾝﾌﾟﾗﾖｳ                                                    ,    90, 魚介類
     00010434, shiki1230                                                          , ﾔﾏｶﾞﾀｻﾝﾌﾞﾀｶﾀﾛｰｽﾐｿﾂﾞｹ                                              ,    89, 肉類
     00010435, shiki1232                                                          , ﾅﾏﾀﾞﾏﾒ ｴﾀﾞﾏﾒ                                                      ,    30, 豆
     00010436, shiki1233                                                          , ﾊﾅﾖﾒﾓﾓ                                                            ,    88, その他果物
     00010437, shiki1293                                                          , ｵｲｼｲﾑﾁｮｳｾｲﾄｳﾆｭｳ 1000ﾐﾘﾘｯﾄﾙ                                        ,   108, 乳製品
     00010438, shiki1294                                                          , ﾄｳﾆｭｳｲﾘﾎｲｯﾌﾟ 200ﾐﾘﾘｯﾄﾙ                                            ,   108, 乳製品
     00010439, shiki1295                                                          , ｷｭｳｼｭｳﾉｵｲｼｲﾁｬﾝﾎﾟﾝ150g                                             ,   100, その他
     00010440, shiki1296                                                          , ｱﾝﾊﾟﾝﾔｻｲﾄﾘﾝｺﾞ125ﾐﾘﾘｯﾄﾙｶｹﾙ3                                        ,   110, 飲料品
     00010441, shiki1297                                                          , ｱﾂｱｹﾞ 250gｲﾘ                                                      ,    98, 豆腐類
     00010442, shiki1298                                                          , ﾖｰｸﾞﾙﾄｹﾝｺｳ3ｺﾊﾟｯｸ                                                  ,   108, 乳製品
     00010443, shiki1299                                                          , ﾌﾟﾁﾔｷｲﾓ 50ｺｲﾘ                                                     ,    93, 甘味
     00010444, shiki1300                                                          , ｲﾌﾞﾘｶﾞｯｺ ﾅｶﾑﾗ                                                     ,   118, 漬物
     00010445, shiki1301                                                          , ｻｲｼﾞｮｳ ﾀﾞｲﾀﾞｲｽ 1.8ﾘｯﾄﾙ                                            ,   116, 醤油（酢）
     00010446, shiki1302                                                          , ﾜﾗﾋﾞｵﾋﾀｼ                                                          ,    97, 袋物
     00010447, shiki1303                                                          , ﾔﾏｸﾗｹﾞｷﾞﾝｼﾞｮｳ 1kgｲﾘ                                               ,    97, 袋物
     00010448, shiki1321                                                          , ﾁﾖﾋﾒﾓﾓ                                                            ,    88, その他果物
     00010449, shiki1356                                                          , ﾊﾞｲﾆｸ ｱｶ 300gｲﾘ                                                   ,   100, その他
     00010450, shiki1357                                                          , ｷﾇﾕﾊﾞﾄｳﾌ ｴﾀﾞﾏﾒﾌｳﾐ 540gｲﾘ                                          ,   100, その他
     00010451, shiki1358                                                          , ｼﾞｭﾝ ｷﾞﾝﾌﾟﾝ 1gｲﾘ ｷﾞﾝﾊﾟｸ                                           ,    99, 飾り物
     00010452, shiki1359                                                          , ﾔｷﾈｷﾞｱｵﾄｳﾐｿ 1kgｲﾘ                                                 ,   100, その他
     00010453, shiki1361                                                          , ｱｵｻｲﾘｺﾂﾌﾞﾂﾐﾚ 1KGｲﾘ                                                ,   100, その他
     00010454, shiki1362                                                          , ﾐﾆｶｼﾜﾉﾊ                                                           ,    99, 飾り物
     00010455, shiki1363                                                          , ｶｼﾜﾉﾊ 100ﾏｲｲｲﾘｲﾘ                                                  ,    99, 飾り物
     00010456, shiki1364                                                          , ﾕｽﾞｺｼｮｳ 150gｲﾘ                                                    ,   121, 調味料
     00010457, shiki1365                                                          , ｾﾞﾝﾏｲﾐｽﾞﾆ 1kgｲﾘ                                                   ,    96, 原材料
     00010458, shiki1366                                                          , ﾂﾎﾞﾂﾞｹｽﾗｲｽ(ﾀﾏﾘ)1kgｲﾘ                                              ,   118, 漬物
     00010459, shiki1367                                                          , ｷｾﾗｲﾝｹﾞﾝ                                                          ,    30, 豆
     00010460, shiki1371                                                          , ﾗﾝﾁﾊﾟｯｸ(ｺﾛｯｹﾄﾋﾞｰﾌｼﾁｭｰ)                                            ,   119, パン
     00010461, shiki1372                                                          , ﾀﾏﾈｷﾞｽﾗｲｽ3ﾐﾘ                                                      ,   112, 加工野菜
     00010462, shiki1375                                                          , ﾔﾏﾓﾓ Pﾋﾞﾝ                                                         ,   100, その他
     00010463, shiki1376                                                          , ｽﾞﾝﾀﾞﾒﾝ 180gｲﾘ                                                    ,   107, 乾物
     00010464, shiki1403                                                          , ｶﾝｿｳﾀﾞｲｽﾞ 1kgｲﾘ                                                   ,   107, 乾物
     00010465, shiki1404                                                          , ｲﾛｺ 2gｲﾘ                                                          ,   100, その他
     00010466, shiki1472                                                          , ﾖｼﾉｳﾒ                                                             ,   100, その他
     00010467, shiki1473                                                          , ﾔｷﾉﾘ ｾﾞﾝｹｲ100ﾏｲｲﾘ                                                 ,   111, 海藻類
     00010468, shiki1475                                                          , ｶﾎﾞｽｶｼﾞｭｳ 500ﾐﾘﾘｯﾄﾙ                                               ,   121, 調味料
     00010469, shiki1488                                                          , ｳﾅｷﾞｵｺﾜｻｻﾂﾂﾐ 15ｺｲﾘ                                                ,   100, その他
     00010470, shiki1489                                                          , ｱｵｳﾒﾁｰｽﾞ                                                          ,    93, 甘味
     00010471, shiki1490                                                          , ﾎﾝｶﾗｽﾐ 70g                                                        ,   100, その他
     00010472, shiki1491                                                          , ｶﾘｶﾘｳﾒ 85g                                                        ,   118, 漬物
     00010473, shiki1521                                                          , ｱｵﾘﾝｺﾞ                                                            ,    88, その他果物
     00010474, shiki1523                                                          , ｱｵﾎｵﾊﾞ ﾁｭｳ20ﾏｲｲﾘ                                                  ,    99, 飾り物
     00010475, shiki1524                                                          , ﾉｼｳﾒｱｼﾞｻｲ 15ｺﾘｲﾘ                                                  ,    93, 甘味
     00010476, shiki1525                                                          , ﾅﾀﾏﾒﾉﾊﾅｺｳﾊｸ 50ｺｲﾘ                                                 ,   100, その他
     00010477, shiki1528                                                          , ﾋﾗｸｼ 15ｾﾝﾁ 100ﾎﾝｲﾘ                                                ,    99, 飾り物
     00010478, shiki1529                                                          , ｻﾄｳ                                                               ,   121, 調味料
     00010479, shiki1530                                                          , ﾂﾏｻｻ 100ﾏｲｲﾘ                                                      ,    99, 飾り物
     00010480, shiki1531                                                          , ｱｶﾀﾏｺﾞ M10ｺｲﾘ                                                     ,   115, 玉子（加工品）
     00010481, shiki1532                                                          , ｼﾝｼｮｳｶﾞﾉﾂｸﾀﾞﾆ 500gﾘｲﾘ                                             ,   118, 漬物
     00010482, shiki1533                                                          , ｶﾗﾂｷｷｱｻﾘ L250g/2                                                  ,    90, 魚介類
     00010483, shiki1534                                                          , ﾄｳﾌﾉｲｿﾍﾞｱｹﾞ 50ｺ1kgｲﾘ                                              ,   100, その他
     00010484, shiki1538                                                          , ｼﾞｬﾝﾎﾞﾅﾏｼｲﾀｹ                                                      ,    46, 椎茸
     00010485, shiki1540                                                          , ﾀﾃﾞｽ                                                              ,   121, 調味料
     00010486, shiki1541                                                          , ｲﾄｶﾂｵ                                                             ,   107, 乾物
     00010487, shiki1544                                                          , ﾚｲﾄｳｷｳｲｶｯﾄ                                                        ,   103, 冷凍　野菜
     00010488, shiki1677                                                          , ｺｯﾍﾟﾊﾟﾝ(ｼﾞｬﾑ&ﾏｰｶﾞﾘﾝ)                                              ,   119, パン
     00010489, shiki1678                                                          , Tﾛｰﾙﾁｬﾝ(ﾎｲｯﾌﾟｸﾘｰﾑ)                                                ,   119, パン
     00010490, shiki1778                                                          , ｱﾒﾘｶｲﾁｺﾞ                                                          ,    88, その他果物
     00010491, shiki1779                                                          , ﾄｳﾌﾐｿﾂﾞｹ                                                          ,    98, 豆腐類
     00010492, shiki1780                                                          , ﾇﾚﾎｳｼｮｼ(ｱｼﾞｻｲ) 100ﾏｲｲﾘ                                            ,    99, 飾り物
     00010493, shiki1830                                                          , ｶｰﾎﾞﾛﾈｯﾛ                                                          ,    17, その他葉物
     00010494, shiki1831                                                          , ｻｶﾞﾗﾌ ﾋﾟﾝｸ                                                        ,   100, その他
     00010495, shiki1832                                                          , ｳﾒﾁﾘﾒﾝ 500gｲﾘ                                                     ,    97, 袋物
     00010496, shiki1837                                                          , ﾊﾞﾝﾉｳｽﾗｲｽﾄｳﾓﾛｺｼ                                                   ,   112, 加工野菜
     00010497, shiki1838                                                          , ｻｸﾋﾒﾓﾓ                                                            ,    81, その他瓜類
     00010498, shiki1839                                                          , ｲｶｺｳｼﾞﾂﾞｹﾕｽﾞ 1kgｲﾘ                                                ,    90, 魚介類
     00010499, shiki1840                                                          , ｶﾘｯﾄﾜｶｻｷﾞ 500gｲﾘ                                                  ,    90, 魚介類
     00010500, shiki1843                                                          , ｶﾂｵｼｭﾄｳ 500g                                                      ,    92, 珍味
     00010501, shiki1844                                                          , ﾜｻﾋﾞﾌｳｷｸﾗｹﾞ 1kgｲﾘ                                                 ,   107, 乾物
     00010502, shiki1847                                                          , ﾂｸﾈ 20gｶｹﾙ50ｺｲﾘ                                                   ,    89, 肉類
     00010503, shiki1849                                                          , ﾏﾙﾃﾝ 2ﾏｲｲﾘ                                                        ,   117, 練り製品
     00010504, shiki1850                                                          , ﾌﾙﾀｶﾅﾂｹ                                                           ,   118, 漬物
     00010505, shiki1852                                                          , ｲﾀﾘｱﾝﾊﾟｾﾘ                                                         ,    16, パセリ
     00010506, shiki1866                                                          , ｽｲｰﾄｺｰﾝ                                                           ,    20, とうもろこし
     00010507, shiki1867                                                          , ｴﾒﾘｺｰﾝ                                                            ,    20, とうもろこし
     00010508, shiki1868                                                          , ﾐｮｳﾊﾞﾝ 500gｲﾘ                                                     ,   100, その他
     00010509, shiki1869                                                          , ｱﾅｺﾞﾔﾊﾀﾏｷ                                                         ,   100, その他
     00010510, shiki1873                                                          , ﾓﾓ                                                                ,    88, その他果物
     00010511, shiki1874                                                          , ﾐﾆﾌｪﾝﾈﾙ                                                           ,    65, その他
     00010512, shiki1875                                                          , ｼﾞｬﾝﾎﾞﾆﾝﾆｸ                                                        ,    64, その他香味つま物類
     00010513, shiki1876                                                          , ｲｷｲｷｱｵﾀｶﾅﾐｯｸｽ 1kgｲﾘ                                               ,   118, 漬物
     00010514, shiki1877                                                          , ｷｮｳﾘｮｸｺﾑｷﾞｺ 1kgｲﾘ                                                 ,   100, その他
     00010515, shiki1888                                                          , ﾌﾟﾁｱﾏﾗﾝｻｽ                                                         ,    64, その他香味つま物類
     00010516, shiki1889                                                          , ﾃﾞｶﾊﾞﾝｺﾝﾆｬｸ 400gｲﾘ                                                ,   101, こんにゃく類
     00010517, shiki1891                                                          , ﾓﾛﾐﾄｳﾌ                                                            ,    98, 豆腐類
     00010518, shiki1945                                                          , ｸｰﾙﾋﾞﾝ                                                            ,   100, その他
     00010519, shiki1956                                                          , ｺﾓﾁｱﾕ 40/53 1kgｲﾘ                                                 ,    90, 魚介類
     00010520, shiki1957                                                          , ﾓﾐｼﾞｵﾛｼ 360gｲﾘ                                                    ,   100, その他
     00010521, shiki1960                                                          , ｽﾘｺﾞﾏ ｼﾛ90gｲﾘ                                                     ,   100, その他
     00010522, shiki1987                                                          , ﾁｬﾝﾎﾟﾝﾒﾝ 150gｲﾘ                                                   ,   120, 麺
     00010523, shiki2005                                                          , ﾊﾟｲﾝｶﾝ #3340gｲﾘ                                                   ,   100, その他
     00010524, shiki2021                                                          , ｶﾗｼﾚﾝｺﾝ                                                           ,   100, その他
     00010525, shiki2026                                                          , ｸﾘﾕﾀｶｶﾎﾞﾁｬ                                                        ,    22, 南瓜
     00010526, shiki2067                                                          , ﾏｯﾁｬｼｵ 300gｲﾘ                                                     ,   121, 調味料
     00010527, shiki2068                                                          , 300gｲﾘ                                                            ,    98, 豆腐類
     00010528, shiki2069                                                          , ｱｽﾞｷﾓﾅｶ 6ｺｲﾘ                                                      ,   100, その他
     00010529, shiki2071                                                          , ﾅﾂﾕｳﾋﾞﾓﾓ                                                          ,    76, 柑橘類
     00010530, shiki2094                                                          , ﾌﾞﾙｶﾞﾘｱﾖｰｸﾞﾙﾄ 400gｲﾘ                                              ,   108, 乳製品
     00010531, shiki2095                                                          , ﾊﾂｶﾞｹﾞﾝﾏｲﾌﾚｰｸ 500gｲﾘ                                              ,   100, その他
     00010532, shiki2096                                                          , ｻｶｷ                                                               ,   100, その他
     00010533, shiki2098                                                          , ｱｱｲｱｶｵﾛｼ 150gｲﾘ                                                   ,    65, その他
     00010534, shiki2099                                                          , ｺｵﾘ                                                               ,   100, その他
     00010535, shiki2100                                                          , ｻｸﾗﾂｹ 1kgｲﾘ                                                       ,   118, 漬物
     00010536, shiki2101                                                          , ｶﾗｼﾚﾝｺﾝﾌ                                                          ,   100, その他
     00010537, shiki2102                                                          , ﾚｲﾄｳﾒﾝﾄﾘｶﾎﾞﾁｬ 1kgｲﾘ                                               ,   103, 冷凍　野菜
     00010538, shiki2103                                                          , ﾄｯｶ ﾆﾝｼﾞﾝﾐｿﾂﾞｹ                                                    ,   118, 漬物
     00010539, shiki2104                                                          , ｶﾗﾂｷﾏｶﾀﾞﾐｱﾅｯﾂ 500gｲﾘ                                              ,   100, その他
     00010540, shiki2116                                                          , ﾅﾒｼ 16gｲﾘ                                                         ,   100, その他
     00010541, shiki2120                                                          , ｱﾏﾄｳｶﾞﾗｼ                                                          ,    29, 青唐
     00010542, shiki2121                                                          , フンタイシヤク                                                    ,   100, その他
     00010543, shiki2122                                                          , ｷｯﾁﾆｽﾀﾗｯﾌﾟ 30ｾﾝﾁ100m                                              ,   100, その他
     00010544, shiki2123                                                          , キッチニスタラップ                                                ,   100, その他
     00010545, shiki2124                                                          , ｼﾛｶﾞﾘ 1kgｲﾘ                                                       ,   118, 漬物
     00010546, shiki2125                                                          , ﾜﾗﾋﾞﾓﾁﾄﾞｰﾅﾂ 1kgｲﾘ                                                 ,   100, その他
     00010547, shiki2126                                                          , ﾅﾝｶﾝｱｹﾞ ｼｮｳ3ﾏｲｲﾘ                                                  ,    98, 豆腐類
     00010548, shiki2127                                                          , ﾄｳﾓﾛｺｼｺｰﾝ                                                         ,    20, とうもろこし
     00010549, shiki2129                                                          , ｶｯﾄｶﾎﾞﾁｬ                                                          ,    22, 南瓜
     00010550, shiki2130                                                          , ﾊﾟﾜｰｷｯｽﾞｷｯｽﾞﾋｷﾜﾘﾅｯﾄｳ 3ｺｸﾐ                                         ,   100, その他
     00010551, shiki2133                                                          , BSﾍﾞﾝﾄｳ(ｸﾛ)ﾄｳﾒｲﾌﾀｾｯﾄ 100ｺｲﾘ                                       ,   100, その他
     00010552, shiki2134                                                          , ﾄﾞﾝﾌﾞﾘﾎﾜｲﾄ 50ｺｲﾘ                                                  ,   100, その他
     00010553, shiki2135                                                          , ﾄﾞﾝﾌﾞﾘﾎﾜｲﾄ((ﾌﾀ)50ｺｲﾘ                                              ,   100, その他
     00010554, shiki2136                                                          , ﾌﾀﾂｷﾂｷﾂｷｽｰﾌﾟｶｯﾌﾟｽｰﾌﾟ 270ﾐﾘﾘｯﾄﾙ100ｺｲﾘ                              ,   100, その他
     00010555, shiki2137                                                          , ﾌﾟﾗｶｯﾌﾟ 100ｺｲﾘ                                                    ,   100, その他
     00010556, shiki2138                                                          , ｼﾝｸｳﾌｸrｼﾝｸｳﾌｸﾛ 100ﾏｲｲﾘ                                            ,   100, その他
     00010557, shiki2139                                                          , ﾃｯﾎﾟｳｸｼ 8ｾﾝﾁ                                                      ,   100, その他
     00010558, shiki2140                                                          , ｷｮｳｾﾝﾎﾞﾝﾕｽﾞ 100gｲﾘ                                                ,   100, その他
     00010559, shiki2141                                                          , ﾊﾁﾐﾂｷｼｭｳｳﾒ                                                        ,   118, 漬物
     00010560, shiki2142                                                          , ｼﾛﾎﾞｳ 10ﾎﾝｲﾘ                                                      ,   100, その他
     00010561, shiki2153                                                          , ｵｲｼｲｷﾞｭｳﾆｭｳ 900mlｲﾘ                                               ,   108, 乳製品
     00010562, shiki2154                                                          , ﾌｰﾄﾞﾊﾟｯｸ ｵｵｱｻSE100ﾏｲｲﾘ                                            ,   100, その他
     00010563, shiki2155                                                          , ﾕﾒｸﾛｺﾀﾞﾏｽｲｶ                                                       ,    88, その他果物
     00010564, shiki2156                                                          , ﾄｺﾛﾃﾝﾀﾚﾅｼ 800gｲﾘ                                                  ,   100, その他
     00010565, shiki2157                                                          , ﾛｯｸｱｲｽ 4kｲﾘ                                                       ,   100, その他
     00010566, shiki2158                                                          , ﾃｯﾎﾟｳｸｼ 12ｾﾝﾁ                                                     ,   100, その他
     00010567, shiki2159                                                          , ﾋﾉﾃﾞﾐﾘﾝ 1.8ﾘｯﾄﾙｲﾘ                                                 ,   121, 調味料
     00010568, shiki2160                                                          , ﾋﾉﾃﾞﾘｮｳﾘｼｭ 1.8ﾘｯﾄﾙｲﾘ                                              ,   121, 調味料
     00010569, shiki2164                                                          , ｺｰﾝｸﾘｰﾑｶﾝ #1                                                      ,   100, その他
     00010570, shiki2165                                                          , ﾁｮｳｺﾞｳｺﾞﾏｱﾌﾞﾗ 1.8ﾘｯﾄﾙｲﾘ                                           ,   100, その他
     00010571, shiki2166                                                          , ｶﾜﾑｷｶﾗｲﾓ                                                          ,    40, 唐芋
     00010572, shiki2167                                                          , ｺｳﾄｳﾄﾞﾀｸﾐﾊﾞﾅﾅ                                                     ,    88, その他果物
     00010573, shiki2168                                                          , ﾏｲｸﾛﾎﾟﾉﾋﾟﾉﾐｯｸｽ                                                    ,    66, 久保田農園
     00010574, shiki2169                                                          , ﾏｲｸﾛｾﾙﾌｨｰﾕ                                                        ,    66, 久保田農園
     00010575, shiki2170                                                          , ｱﾏﾗﾝｻｽ                                                            ,    66, 久保田農園
     00010576, shiki2171                                                          , ｲﾝｹﾞﾝ                                                             ,    30, 豆
     00010577, shiki2172                                                          , ﾔｷﾆｸﾉﾀﾚ 1.55ﾘｯﾄﾙｲﾘ                                                ,   121, 調味料
     00010578, shiki2173                                                          , ｲﾛｺ ｱｵ2gｲﾘ                                                        ,   100, その他
     00010579, shiki2174                                                          , ｻﾝﾄﾞｲｯﾁﾖｳﾊﾟﾝ 12ﾏｲｲﾘ                                               ,   100, その他
     00010580, shiki2175                                                          , ﾄﾞﾗｲﾊﾟｾﾘﾂﾒｶｴﾖｳ 3.5gｲﾘ                                             ,   100, その他
     00010581, shiki2176                                                          , ﾚｲﾄｳﾁｱﾕ 500gﾔｸ60ﾋﾞｲﾘ                                              ,   100, その他
     00010582, shiki2177                                                          , ﾚｲﾄｳﾎｳｽﾞｷ 20ｺｲﾘ                                                   ,   100, その他
     00010583, shiki2178                                                          , ｻｸﾗﾊﾅﾂｹ ｾｷﾔﾏS1kgｲﾘ                                                ,   100, その他
     00010584, shiki2185                                                          , ﾊﾞｰﾑｸｰﾍﾝ　10ｺｲﾘ                                                   ,   100, その他
     00010585, shiki2187                                                          , ｷﾚﾃﾙｶｽﾃﾗｶｽﾃﾗｵｳｼﾞ                                                  ,   100, その他
     00010586, shiki2188                                                          , ｶﾆｶﾏﾌﾚｰｸﾏﾘｱｰｼﾞｭ 130gｲﾘ                                            ,   117, 練り製品
     00010587, shiki2189                                                          , ﾓｽﾞｸ                                                              ,    96, 原材料
     00010588, shiki2190                                                          , ﾅｽｶﾗｼﾂｹ 140gｲﾘ                                                    ,   118, 漬物
     00010589, shiki2191                                                          , ﾀﾞｲｺﾝｷﾑﾁ 180gｲﾘ                                                   ,   118, 漬物
     00010590, shiki2192                                                          , ｱｯﾊﾟﾚｼﾎﾞﾘｷｭｳﾘ 200gｲﾘ                                              ,   118, 漬物
     00010591, shiki2193                                                          , ﾕｽﾞﾊｸｻｲﾂｹ 200gｲﾘ                                                  ,   118, 漬物
     00010592, shiki2194                                                          , ﾕｶﾘ 200gｲﾘ                                                        ,   100, その他
     00010593, shiki2197                                                          , ｱﾂｱｹﾞ 3ｺｲﾘ                                                        ,    98, 豆腐類
     00010594, shiki2198                                                          , ｵｲｽﾀｰｿｰｽ 120mlｲﾘ                                                  ,   121, 調味料
     00010595, shiki2199                                                          , ﾔｷｿﾊﾞﾒﾝ 150gｲﾘ                                                    ,   120, 麺
     00010596, shiki2202                                                          , ﾛｰｽﾊﾑ 3pｲﾘ                                                        ,   100, その他
     00010597, shiki2203                                                          , ﾄﾘﾄｼｮｳｶﾞﾂｸﾀﾞﾆﾉ 500g                                               ,   100, その他
     00010598, shiki2204                                                          , ｺｳﾔﾄｳﾌ 20ｺｺｲﾘ                                                     ,   100, その他
     00010599, shiki2205                                                          , ｼｶｸﾏﾒｳｲﾝｸﾞﾋﾞｰﾝ                                                    ,    30, 豆
     00010600, shiki2206                                                          , ｷﾞｮｳﾑﾖｳﾓｰﾙﾄﾞﾎﾞｳﾙ 15cm 50ｺｲﾘ                                       ,   100, その他
     00010601, shiki2209                                                          , ﾓﾐｼﾞﾏﾝｼﾞｭｳ 8ｺｲﾘ                                                   ,   100, その他
     00010602, shiki2210                                                          , ﾎｰﾙﾄﾏﾄｶﾝ #4                                                       ,   100, その他
     00010603, shiki2223                                                          , ﾛｸｼﾞｮｳｵｵﾑｷﾞﾑｷﾞﾁｬ 52ｺｲﾘ                                            ,   100, その他
     00010604, shiki2224                                                          , ｽｼｽﾞ 500mlｲﾘ                                                      ,   121, 調味料
     00010605, shiki2225                                                          , ｷｯﾁﾆｽﾀﾗｯﾌﾟ 15ｾﾝﾁｶ100mｾﾝﾁ                                          ,   100, その他
     00010606, shiki2226                                                          , ﾊﾞﾀｰﾛｰﾙ 6ｺｲﾘ                                                      ,   100, その他
     00010607, shiki2227                                                          , ｼｮｸﾊﾟﾝ 6ﾏｲｲﾘ                                                      ,   100, その他
     00010608, shiki2228                                                          , ﾉｰｽﾗﾝﾄﾞﾚｯﾄﾞｱｶﾆｸﾒﾛﾝ                                                ,    88, その他果物
     00010609, shiki2229                                                          , ﾏｸﾞﾛ                                                              ,    90, 魚介類
     00010610, shiki2230                                                          , ﾀｲ 3ﾏｲｵﾛｼ                                                         ,    90, 魚介類
     00010611, shiki2231                                                          , ﾘﾄｳﾚｲﾄｳﾐｯｸｽﾍﾞﾘｰ 500g                                              ,   103, 冷凍　野菜
     00010612, shiki2232                                                          , ｼﾝｸｳﾌｸﾛ 100ﾏｲｲﾘ                                                   ,   100, その他
     00010613, shiki2233                                                          , ﾒｰﾌﾟﾙｼﾛｯﾌﾟ 200mlml                                                ,   121, 調味料
     00010614, shiki2236                                                          , ｶﾗｼﾒﾝﾀｲｺ 1kｲﾘ                                                     ,    92, 珍味
     00010615, shiki2243                                                          , ｶﾀｸﾘｺ 1kｲﾘ                                                        ,   100, その他
     00010616, shiki2244                                                          , ﾔｷｿﾊﾞﾒﾝ 3ｼｮｸｲﾘ                                                    ,   120, 麺
     00010617, shiki2245                                                          , ﾁｬｯｶﾏﾝ                                                            ,   100, その他
     00010618, shiki2246                                                          , ｶｸﾃﾝ 3ﾏｲｲﾘ                                                        ,   117, 練り製品
     00010619, shiki2247                                                          , ｷｻﾞﾐﾕﾊﾞ 50 gｲﾘ                                                    ,    65, その他
     00010620, shiki2248                                                          , ﾋﾓﾂｷﾋﾞﾆｰﾙﾌｸﾛ #11                                                  ,   100, その他
     00010621, shiki2249                                                          , ﾁｸﾖｳﾅｽ (ﾌｸﾛ)                                                      ,    26, 茄子
     00010622, shiki2252                                                          , ﾎﾜｲﾛﾎﾜｲﾄｴﾝﾀﾞｲﾌﾞ                                                   ,    17, その他葉物
     00010623, shiki2253                                                          , ﾐﾙｸﾄﾞｰﾅﾂ 9ｺｲﾘ                                                     ,   100, その他
     00010624, shiki2254                                                          , ｸﾏﾉﾒｸﾞﾐﾖｰｸﾞﾙﾄ                                                     ,   108, 乳製品
     00010625, shiki2256                                                          , ｼｰﾁｷﾝﾏｲﾙﾄﾞ 140gｲﾘ                                                 ,    90, 魚介類
     00010626, shiki2257                                                          , ﾊｰﾌﾏﾖﾈｰｽﾞ 400gｲﾘ                                                  ,   121, 調味料
     00010627, shiki2259                                                          , ﾊﾞｻｼ ｼﾓﾌﾘ ﾅﾐﾅﾐ                                                    ,    89, 肉類
     00010628, shiki2260                                                          , ﾊﾞｻｼ ｱｶﾐ ﾅﾐ                                                       ,    89, 肉類
     00010629, shiki2261                                                          , ﾊﾞｻｼ ﾌﾀｴｺﾞ                                                        ,    89, 肉類
     00010630, shiki2262                                                          , ﾊﾞｻｼ ｺｰﾈ (ﾀﾃｶﾞﾐ)                                                  ,    89, 肉類
     00010631, shiki2263                                                          , ﾑｽﾋﾞｲﾄｺﾝﾆｬｸ 5ｺｲﾘ                                                  ,   101, こんにゃく類
     00010632, shiki2266                                                          , ｶﾀｸﾘｺ 500gｲﾘ                                                      ,   100, その他
     00010633, shiki2274                                                          , ﾑﾁｬｸｼｮｸﾀﾗｺ 1kｲﾘ                                                   ,    90, 魚介類
     00010634, shiki2275                                                          , ﾌﾙﾀｶﾅﾂｹ                                                           ,   118, 漬物
     00010635, shiki2276                                                          , ﾔｷｿﾊﾞﾒﾝ                                                           ,   100, その他
     00010636, shiki2278                                                          , ｵｺﾉﾐｿｰｽ 300ﾐﾘﾘｯﾄﾙｲﾘ                                               ,   100, その他
     00010637, shiki2285                                                          , ｻﾗﾀﾞｱﾌﾞﾗ 1.5ﾘｯﾄﾙｲﾘ                                                ,   100, その他
     00010638, shiki2286                                                          , ﾄﾏﾄﾋﾟｭｰﾚｶｯﾄﾄﾏﾄ #4                                                 ,   100, その他
     00010639, shiki2287                                                          , ｵｳﾄｳｶﾝﾊｰﾌｶﾝ #1                                                    ,   100, その他
     00010640, shiki2288                                                          , ﾊﾟｲﾝｱｯﾌﾟﾙｽﾗｲｽ #1                                                  ,   100, その他
     00010641, shiki2289                                                          , ｱｿﾊﾞｼﾞﾙﾄﾞﾚｯｼﾝｸﾞ 1ﾘｯﾄﾙｲﾘ                                           ,   121, 調味料
     00010642, shiki2290                                                          , ﾄｳﾌﾓﾃﾞｷﾏｽﾕｳｷﾄｳﾆｭｳ                                                 ,    98, 豆腐類
     00010643, shiki2291                                                          , ｱｰﾓﾝﾄﾞﾐﾙｸ 200ml                                                   ,   108, 乳製品
     00010644, shiki2292                                                          , ﾚｲﾄｳｺｸｻﾝｶｷﾉﾊﾓﾐｼﾞ ﾓﾐｼﾞ 50ﾏｲｲﾘ                                      ,   100, その他
     00010645, shiki2293                                                          , ﾏﾀﾞｲﾕｳｱﾝﾔｷ 20ｺｲﾘ                                                  ,    90, 魚介類
     00010646, shiki2294                                                          , ｻｸﾗﾝﾎﾞ                                                            ,    88, その他果物
     00010647, shiki2295                                                          , ｽｲｰﾃｨｵﾊﾟｲﾝ                                                        ,    83, その他熱帯フルーツ類
     00010648, shiki2296                                                          , ｷﾝﾄｷﾆﾏﾒ 240gｲﾘ                                                    ,   100, その他
     00010649, shiki2297                                                          , ﾎｳｼﾞﾁｬ 200gｲﾘ                                                     ,   100, その他
     00010650, shiki2298                                                          , ﾕｽﾞｺｼｮｳ 40gｲﾘ                                                     ,   121, 調味料
     00010651, shiki2300                                                          , ﾋﾓﾂｷﾊﾝﾄｳﾒｲﾋﾞﾆｰﾙﾌﾞｸﾛ　#11                                          ,   100, その他
     00010652, shiki2301                                                          , ｻﾗﾝﾗｯﾌﾟ 30ｾﾝﾁｾﾝﾁｶ50m                                              ,   100, その他
     00010653, shiki2302                                                          , ﾋﾓﾂｷﾋﾞﾆｰﾙﾌﾞｸﾛ #15                                                 ,   100, その他
     00010654, shiki2303                                                          , ﾋﾓﾂｷﾋﾞﾆｰﾙﾌﾞｸﾛ #14                                                 ,   100, その他
     00010655, shiki2304                                                          , ｱｶﾜｲﾝ　180ml                                                      ,   100, その他
     00010656, shiki2305                                                          , ﾎｼｼｲﾀｹ 500gｲﾘ                                                     ,   107, 乾物
     00010657, shiki2306                                                          , ｿｰｾｰｼﾞ 150gｲﾘ                                                     ,    89, 肉類
     00010658, shiki2307                                                          , ｺﾞｰﾙﾃﾞﾝﾋﾟｰﾁ　ﾓﾓ                                                   ,    88, その他果物
     00010659, shiki2308                                                          , ﾍﾞﾆｼｮｳｶﾞ 60gｲﾘ                                                    ,   118, 漬物
     00010660, shiki2309                                                          , ﾎｲｯﾌﾟ 200mlｲﾘ                                                     ,   108, 乳製品
     00010661, shiki2310                                                          , ｸﾛﾎﾞｳ 10ﾎﾝｲﾘ                                                      ,   100, その他
     00010662, shiki2311                                                          , ｺﾝﾃﾞﾝｽﾐﾙｸ ﾚﾝﾆｭｳ130g入                                             ,   108, 乳製品
     00010663, shiki2312                                                          , ﾍﾞｰｷﾝｸﾞﾊﾟｳﾀﾞｰ 2kgｲﾘ                                               ,   100, その他
     00010664, shiki2313                                                          , ｳﾒﾎﾞｼ                                                             ,   118, 漬物
     00010665, shiki2314                                                          , ﾍﾞﾆｼｮｳｶﾞ 100gｲﾘ                                                   ,    65, その他
     00010666, shiki2315                                                          , ﾏｷｽｼﾉﾀﾈ 1kgｲﾘ                                                     ,   100, その他
     00010667, shiki2316                                                          , ｷﾇﾗｯｶｾｲ 340Gｲﾘ                                                    ,   100, その他
     00010668, shiki2317                                                          , ﾗｲﾃﾞﾝﾒﾛﾝ                                                          ,    80, 瓜類
     00010669, shiki2318                                                          , ﾋﾓﾂｷﾋﾞﾆｰﾙﾌｸﾛ #13                                                  ,   100, その他
     00010670, shiki2319                                                          , ﾋﾓﾂｷﾋﾞﾆｰﾙﾌﾞｸﾛ #10                                                 ,   100, その他
     00010671, shiki2320                                                          , ｻﾊﾞﾌﾞｼ 1KGｲﾘ                                                      ,   107, 乾物
     00010672, shiki2328                                                          , ﾄｲﾚｯﾄﾍﾟｰﾊﾟｰ W                                                     ,   100, その他
     00010673, shiki2329                                                          , ｷﾝｼｼｰﾄ 10ﾏｲｲﾘ                                                     ,   115, 玉子（加工品）
     00010674, shiki2330                                                          , ﾁｸｾﾞﾝﾆﾐｽﾞﾆ 1kｲﾘkgｲﾘ                                               ,   100, その他
     00010675, shiki2332                                                          , ﾃﾝﾌﾟﾗﾖｳｷﾞﾝｱﾅｺﾞﾋﾗｷ 30g10ﾋﾞｲﾘ                                       ,    90, 魚介類
     00010676, shiki2333                                                          , ｱﾅｺﾞﾆｺｺﾞﾘ 500gｲﾘ                                                  ,   100, その他
     00010677, shiki2334                                                          , ｿﾊﾞｺ 360gｲﾘ                                                       ,   100, その他
     00010678, shiki2337                                                          , ﾁｬｰｼｭｰ                                                            ,   100, その他
     00010679, shiki2341                                                          , ﾅｶｶﾌﾞﾒﾝﾄﾘｼｱｹﾞ 120ｺ                                                ,   112, 加工野菜
     00010680, shiki2346                                                          , ｺｳﾔﾄｳﾌ ﾊﾞﾗ                                                        ,    98, 豆腐類
     00010681, shiki2348                                                          , ｱｦﾊﾀﾏｰﾏﾚｰﾄﾞ 400gｲﾘ                                                ,   100, その他
     00010682, shiki2349                                                          , ﾋﾟｺﾗ(ﾁｮｺ)                                                         ,   100, その他
     00010683, shiki2350                                                          , ﾀﾞｲｺﾝﾐｿﾂﾞｹ                                                        ,   118, 漬物
     00010684, shiki2353                                                          , ｿﾊﾞﾉﾐ 300gｲﾘ                                                      ,   100, その他
     00010685, shiki2354                                                          , ﾌｼﾞｽｰﾊﾟｰﾆﾄﾘﾙ　ｸﾛM                                                 ,   100, その他
     00010686, shiki2355                                                          , ﾊﾟｰﾙｵﾆｵﾝ                                                          ,    31, その他果菜
     00010687, shiki2357                                                          , ﾃﾞﾘｼｬｽﾒﾛﾝ                                                         ,    88, その他果物
     00010688, shiki2358                                                          , ｷﾇﾄｳﾌ 400gｲﾘ                                                      ,    98, 豆腐類
     00010689, shiki2360                                                          , ﾏﾙｶｼﾞﾘｶﾙﾊﾟｽ 40gｲﾘ                                                 ,    89, 肉類
     00010690, shiki2361                                                          , ｵﾆｶﾗｼ 200g                                                        ,   121, 調味料
     00010691, shiki2369                                                          , ﾃｻｹﾞﾋﾞﾆｰﾙﾌﾞｸﾛﾄｸﾀﾞﾈﾊﾟｯｸ　L                                         ,   100, その他
     00010692, shiki2370                                                          , ﾋﾞﾆｰﾙﾌﾞｸﾛﾊﾝﾄｳﾒｲ　#13                                              ,   100, その他
     00010693, shiki2371                                                          , ﾎﾟｯｶﾚﾓﾝ 300mlｲﾘ                                                   ,   100, その他
     00010694, shiki2372                                                          , ﾌｼﾞﾐﾂｶﾆｶﾏﾌﾚｰｸ                                                     ,   117, 練り製品
     00010695, shiki2373                                                          , ｷﾋﾞｻﾄｳ 750g                                                       ,   121, 調味料
     00010696, shiki2374                                                          , ﾎｼｻﾝｼﾗｷﾞｸｼｮｳﾕ1.8L                                                 ,   121, 調味料
     00010697, shiki2375                                                          , ｲｽﾞﾜｻﾋﾞﾏﾖﾈｰｽﾞ 130gｲﾘ                                              ,   121, 調味料
     00010698, shiki2397                                                          , ｸﾐﾝﾊﾟｳﾀﾞｰ 15gｲﾘ                                                   ,   121, 調味料
     00010699, shiki2405                                                          , ﾌﾀﾊﾞﾎﾝｶﾞﾂｵﾀﾞｼﾊﾟｯｸ                                                 ,   121, 調味料
     00010700, shiki2406                                                          , ﾄｳﾊﾞﾝｼﾞｬﾝ 100gｲﾘ                                                  ,   121, 調味料
     00010701, shiki2407                                                          , ｺﾞｸｼﾞｮｳｼﾗﾀﾏｺ                                                      ,   100, その他
     00010702, shiki2408                                                          , ﾀｺｲﾄ ﾎﾞﾋﾞﾝﾏｷ#12 85m                                               ,   100, その他
     00010703, shiki2409                                                          , ﾑｷﾞﾐｿﾀｸｱﾝ                                                         ,   100, その他
     00010704, shiki2410                                                          , ｽｶｼｺﾉﾊ M100ﾏｲｲﾘ                                                   ,   100, その他
     00010705, shiki2411                                                          , ﾑｷｱｶﾀﾏﾈｷﾞ                                                         ,    31, その他果菜
     00010706, shiki2414                                                          , ｶﾃｲﾌ 60gｲﾘ                                                        ,   100, その他
     00010707, shiki2416                                                          , ｱｶﾜｲﾝ 300mlｲﾘ                                                     ,   100, その他
     00010708, shiki2418                                                          , ｶﾗｼｽﾐｿ                                                            ,   100, その他
     00010709, shiki2422                                                          , ﾌﾞﾙｰﾍﾞﾘｰｼﾞｬﾑ 400gｲﾘ                                               ,   100, その他
     00010710, shiki2423                                                          , ｵｳﾄｳ                                                              ,    88, その他果物
     00010711, shiki2424                                                          , ﾊﾟﾜｰｷﾑﾁｶﾗｸﾁ 200gｲﾘ                                                ,   118, 漬物
     00010712, shiki2425                                                          , ｺｲﾜｲｼﾞｭﾝｽｲﾌﾞﾄﾞｳｼﾞｭｰｽ                                              ,   100, その他
     00010713, shiki2428                                                          , ｻｸﾗﾃﾞﾝﾌﾟ 1kgｲﾘ                                                    ,   100, その他
     00010714, shiki2429                                                          , ｺﾅｾﾞﾗﾁﾝ (ﾐﾄﾞﾘ)300gｲﾘ                                              ,   100, その他
     00010715, shiki2431                                                          , ﾎﾟｯﾌﾟｺｰﾝ                                                          ,   100, その他
     00010716, shiki2434                                                          , ﾚｲﾄｳﾎｲｯﾌﾟ                                                         ,   108, 乳製品
     00010717, shiki2453                                                          , ｵｳﾄｳｶﾝ #4                                                         ,   100, その他
     00010718, shiki2455                                                          , ﾓﾐｼﾞｵﾛｼ 40gｲﾘ                                                     ,   121, 調味料
     00010719, shiki2456                                                          , ｵｷｻﾘｽ                                                             ,    67, その他久保田農園
     00010720, shiki2469                                                          , ﾌﾞﾙｶﾞﾘｱﾖｰｸﾞﾙﾄ 400gｲﾘ                                              ,   108, 乳製品
     00010721, shiki2470                                                          , ｶｯﾌﾟﾖｰｸﾞﾙﾄ                                                        ,   108, 乳製品
     00010722, shiki2471                                                          , ｼﾛｱﾝ                                                              ,   100, その他
     00010723, shiki2472                                                          , ｱｶﾀﾏｺﾞ M10kgｲﾘ                                                    ,   115, 玉子（加工品）
     00010724, shiki2474                                                          , ｼﾁｭｰｼﾁｭｰﾐｯｸｽｸﾘｰﾑ  170g                                            ,   100, その他
     00010725, shiki2475                                                          , ﾎｰﾑｹｰｷﾐｯｸｽ 1k ｲﾘ                                                  ,    97, 袋物
     00010726, shiki2478                                                          , ﾌｼﾞｶﾏﾎﾞｺ                                                          ,   117, 練り製品
     00010727, shiki2479                                                          , ﾍﾞﾋﾞｰﾀﾞﾉﾝ ﾌﾞﾄﾞｳｱｼﾞ                                                ,   108, 乳製品
     00010728, shiki2480                                                          , ﾘｯﾂ 13ﾏｲｲﾘ3p                                                      ,   122, 菓子
     00010729, shiki2482                                                          , ﾏｼｭﾏﾛ                                                             ,    93, 甘味
     00010730, shiki2488                                                          , ｼｵｺｳｼﾞ                                                            ,   100, その他
     00010731, shiki2493                                                          , ﾎｯｶｲﾄﾞｳｷﾞｭｳﾆｭｳ 1ﾘｯﾄﾙｲﾘ                                            ,   108, 乳製品
     00010732, shiki2494                                                          , ﾅｶﾞｼｶﾝﾃﾝ ｱｶ250gｲﾘ                                                 ,   100, その他
     00010733, shiki2495                                                          , ｽﾘｺﾞﾏ ｼﾛ100gｲﾘ                                                    ,   100, その他
     00010734, shiki2496                                                          , ﾐﾂﾔｻｲﾀﾞｰ 1.5ﾘｯﾄﾙｲﾘ                                                ,   100, その他
     00010735, shiki2497                                                          , ﾚｲﾄｳｸﾞﾘｰﾝﾋﾟｰｽ                                                     ,   103, 冷凍　野菜
     00010736, shiki2498                                                          , ﾀﾍﾞﾙｲﾘｺ 50g                                                       ,    90, 魚介類
     00010737, shiki2499                                                          , ｲﾘｺﾀﾍﾞﾙｲﾘｺ 50g                                                    ,    90, 魚介類
     00010738, shiki2500                                                          , ｺｲｸﾁｼｮｳﾕ                                                          ,   121, 調味料
     00010739, shiki2501                                                          , ｼｮｸｴﾝ 1kｲﾘ                                                        ,   121, 調味料
     00010740, shiki2502                                                          , ﾏｷﾊﾞｶｯﾌﾟﾖｰｸﾞﾙﾄ 3ｺｲﾘ                                               ,   108, 乳製品
     00010741, shiki2503                                                          , CCﾚﾓﾝ 500ml                                                       ,   110, 飲料品
     00010742, shiki2506                                                          , ﾊﾓｽﾘﾐ                                                             ,    90, 魚介類
     00010743, shiki2507                                                          , ｺﾒﾋｼﾞｷ                                                            ,   111, 海藻類
     00010744, shiki2508                                                          , ｱｼﾞﾐｿ                                                             ,   121, 調味料
     00010745, shiki2509                                                          , ｹｰｷｼﾛｯﾌﾟ 200g                                                     ,    93, 甘味
     00010746, shiki2510                                                          , ｷﾘﾎﾞｼﾀﾞｲｺﾝ                                                        ,   107, 乾物
     00010747, shiki2511                                                          , ﾐｯｸｽﾁｰｽﾞ 1kｲﾘ                                                     ,   108, 乳製品
     00010748, shiki2512                                                          , ﾎｰﾑﾊﾟｲ 38ﾏｲｲﾘ                                                     ,   100, その他
     00010749, shiki2513                                                          , ｷｻﾞﾐﾀｶﾅﾂｹ 400gｲﾘ                                                  ,   118, 漬物
     00010750, shiki2517                                                          , ﾊﾔﾕﾃﾞﾏｶﾛﾆ 240g                                                    ,   100, その他
     00010751, shiki2519                                                          , ﾀﾞﾝｺﾞｺ                                                            ,    97, 袋物
     00010752, shiki2520                                                          , ﾐﾄﾞﾘﾃｲｼﾎﾞｳｷﾞｭｳﾆｭｳ 1ﾘｯﾄﾙｲﾘ                                         ,   108, 乳製品
     00010753, shiki2521                                                          , ﾚｲﾄｳﾎｰﾙｺｰﾝ 270g                                                   ,   103, 冷凍　野菜
     00010754, shiki2524                                                          , ﾀｺﾔｷｺ 500gｲﾘ                                                      ,   100, その他
     00010755, shiki2525                                                          , ﾀｺﾔｷｿｰｽ 300gｲﾘｵﾀﾌｸ                                                ,   121, 調味料
     00010756, shiki2526                                                          , ｶﾞｰﾅﾐﾙｸﾁｮｺ 50gｲﾘ                                                  ,   100, その他
     00010757, shiki2527                                                          , ﾋﾞｰﾌﾝ 300g                                                        ,   100, その他
     00010758, shiki2528                                                          , ﾎｼｼｲﾀｹ                                                            ,   107, 乾物
     00010759, shiki2529                                                          , ｺﾞｼﾞﾙﾉﾓﾄ                                                          ,   100, その他
     00010760, shiki2530                                                          , ﾐﾄﾞﾘﾖｰｸﾞﾙﾄ                                                        ,   108, 乳製品
     00010761, shiki2531                                                          , ﾔｷｿﾊﾞ ｿｰｽﾂｷ                                                       ,   120, 麺
     00010762, shiki2532                                                          , ﾃｲｼﾎﾞｳﾎｲｯﾌﾟ 200g                                                  ,   108, 乳製品
     00010763, shiki2535                                                          , ｹﾞﾝｷｶｯﾌﾟ 3ｺｸﾐ                                                     ,   100, その他
     00010764, shiki2536                                                          , ﾁｬﾝﾎﾟﾝﾒﾝ                                                          ,   120, 麺
     00010765, shiki2537                                                          , ｲﾘｺﾞﾏ 60g                                                         ,   100, その他
     00010766, shiki2538                                                          , ﾁｭｳｶｱｼﾞ 50gｲﾘ                                                     ,   121, 調味料
     00010767, shiki2539                                                          , ﾕｷﾉﾔﾄﾞ 20ﾏｲｲﾘ                                                     ,    93, 甘味
     00010768, shiki2540                                                          , ﾏﾙﾃﾝﾌﾟﾗ 3ﾏｲｲﾘ                                                     ,   117, 練り製品
     00010769, shiki2541                                                          , ﾁﾘﾒﾝｼﾞｬｺ                                                          ,    90, 魚介類
     00010770, shiki2542                                                          , ﾏﾖﾈｰｽﾞ 450gｲﾘ                                                     ,   121, 調味料
     00010771, shiki2543                                                          , ﾏﾖﾈｰｽﾞ 1kｲﾘ                                                       ,   121, 調味料
     00010772, shiki2544                                                          , ｷﾅｺ 200gｲﾘ                                                        ,   121, 調味料
     00010773, shiki2545                                                          , ﾏﾝﾅﾋﾞｽｹｯﾄ 43g                                                     ,    93, 甘味
     00010774, shiki2546                                                          , ﾊｲﾊｲﾝﾌﾟﾚｰﾝ 40gｲﾘ                                                  ,    93, 甘味
     00010775, shiki2547                                                          , ｺｸｻﾝﾅｯﾄｳ 35g 3ｺｸﾞﾐ                                                ,   100, その他
     00010776, shiki2548                                                          , ｺｸｻﾝﾋｷﾜﾘﾅｯﾄｳ 35g 3ｺｸﾞﾐ                                            ,   100, その他
     00010777, shiki2549                                                          , ｲﾅｱｶﾞｰ 250g                                                       ,   100, その他
     00010778, shiki2550                                                          , ﾎﾟｯｶﾚﾓﾝ 70ml                                                      ,   100, その他
     00010779, shiki2551                                                          , ﾏﾝﾅｳｴﾊｰｽ                                                          ,    93, 甘味
     00010780, shiki2557                                                          , ｸﾘｰﾑｺｰﾝ ｶﾝ #4                                                     ,   100, その他
     00010781, shiki2558                                                          , ﾁｭｳｶｱｼﾞ 1kgｲﾘ                                                     ,   121, 調味料
     00010782, shiki2559                                                          , ｸﾏﾗｸﾉｳｷﾞｭｳﾆｭｳ 200ml                                               ,   108, 乳製品
     00010783, shiki2560                                                          , ｵｲｼｲﾁｸﾜﾁｸﾜ 3ﾎﾝｲﾘ                                                  ,   117, 練り製品
     00010784, shiki2562                                                          , ｷﾞｭｳﾆｭｳ 500ml                                                     ,   108, 乳製品
     00010785, shiki2563                                                          , ﾍﾞﾀｱｹﾞ                                                            ,    98, 豆腐類
     00010786, shiki2564                                                          , ｷｸﾗｹﾞ 50gｲﾘ                                                       ,   107, 乾物
     00010787, shiki2565                                                          , ﾌﾞﾀｶｸｱｶﾐｿｼﾞﾀﾃ 35ｺｲﾘｷﾚｲﾘ                                           ,   100, その他
     00010788, shiki2566                                                          , ｹﾁｬｯﾌﾟ 500gｲﾘ                                                     ,   121, 調味料
     00010789, shiki2568                                                          , ｻｯﾎﾟﾛﾎﾟﾃﾄ BBQｱｼﾞ                                                  ,    93, 甘味
     00010790, shiki2571                                                          , ﾅｼ(ｼｭｳﾚｲ)                                                         ,    88, その他果物
     00010791, shiki2576                                                          , ｺﾂﾌﾞﾎﾟﾃｺ ｳﾏｼｵｱｼﾞ 14gｶｹﾙ4                                          ,    93, 甘味
     00010792, shiki2577                                                          , ﾏﾙﾁｬﾝﾜﾝﾀﾝｽｰﾌﾟ                                                     ,   120, 麺
     00010793, shiki2578                                                          , ﾏｰﾏﾚｰﾄﾞｼﾞｬﾑ                                                       ,   121, 調味料
     00010794, shiki2579                                                          , ｺﾂﾌﾞｯｺ 25gｶｹﾙ4p                                                   ,    93, 甘味
     00010795, shiki2580                                                          , ｺﾞｰﾙﾃﾞﾝﾊﾔｼﾙｰSB 193g                                               ,   100, その他
     00010796, shiki2581                                                          , ﾋﾄｸﾁﾄﾞｳﾌﾞﾂｴﾝｾﾞﾘｰ                                                  ,    93, 甘味
     00010797, shiki2582                                                          , ｹﾞﾝｼﾞﾊﾟｲ                                                          ,    93, 甘味
     00010798, shiki2583                                                          , ﾎﾟﾀﾎﾟﾀﾔｷ                                                          ,    93, 甘味
     00010799, shiki2584                                                          , ｵﾚｵ 3ﾏｲｶｹﾙ8pｲﾘ                                                    ,    93, 甘味
     00010800, shiki2585                                                          , ﾄﾏﾄﾋﾟｭｰﾚﾊﾟｳﾁ 200g                                                 ,   112, 加工野菜
     00010801, shiki2586                                                          , ｶｺﾞﾒｳｽﾀｰｿｰｽ 500ml                                                 ,   121, 調味料
     00010802, shiki2587                                                          , ﾎﾈﾆｶﾙｼｳﾑｳｴﾊｰｽ                                                     ,    93, 甘味
     00010803, shiki2588                                                          , ﾋﾞｽｺﾌｧﾐﾘｰﾊﾟｯｸ                                                     ,    93, 甘味
     00010804, shiki2589                                                          , ﾑｰﾝﾗｲﾄｸｯｷｰ                                                        ,    93, 甘味
     00010805, shiki2590                                                          , ﾂﾏﾖｳｼﾞ                                                            ,   100, その他
     00010806, shiki2591                                                          , ｱｼﾞﾂｷﾏ 100gｲﾘ                                                     ,   100, その他
     00010807, shiki2594                                                          , ﾑｷｱｽﾊﾟﾗ                                                           ,     9, アスパラ
     00010808, shiki2596                                                          , ｼｿｺﾝﾌﾞ 1kgｲﾘ                                                      ,   100, その他
     00010809, shiki2597                                                          , ﾎﾞｸｼﾞｮｳﾉﾒｸﾞﾐｷﾞｭｳﾆｭｳ　1L                                           ,   108, 乳製品
     00010810, shiki2598                                                          , ｵｲｼｲﾒｸﾞﾐﾙｸｷﾞｭｳﾆｭｳ                                                 ,   108, 乳製品
     00010811, shiki2599                                                          , ﾃｲｼﾎﾞｳｷﾞｭｳﾆｭｳ 1ﾘｯﾄﾙｲﾘ                                             ,   108, 乳製品
     00010812, shiki2602                                                          , ｻﾗﾀﾞﾆﾅｲｽｶﾆﾎﾞｳ(ｻﾗﾀﾞﾆﾅｲｽ) 4ﾎﾝ60gｲﾘ                                  ,   117, 練り製品
     00010813, shiki2604                                                          , ｽｼｶﾞﾘ 1kgｲﾘ                                                       ,   100, その他
     00010814, shiki2608                                                          , ﾌﾚﾝﾁﾄﾞﾚｯｼﾝｸﾞ ｼﾛ180ml                                              ,   121, 調味料
     00010815, shiki2616                                                          , ｸﾘｰﾑﾁｰｽﾞ 200g                                                     ,   108, 乳製品
     00010816, shiki2617                                                          , ｸﾘｰﾑﾁｰｽﾞ 1kgｲﾘ                                                    ,   108, 乳製品
     00010817, shiki2618                                                          , ﾊﾔｼﾌﾚｰｸ 1kｲﾘ                                                      ,   121, 調味料
     00010818, shiki2619                                                          , ｼﾗｽ 40gｲﾘ                                                         ,    90, 魚介類
     00010819, shiki2620                                                          , ﾋﾞﾋﾀｽﾖｰｸﾞﾙﾄ 400gｲﾘ                                                ,   108, 乳製品
     00010820, shiki2633                                                          , ｸﾏﾗｸﾉｳｷﾞｭｳﾆｭｳ 1Lｲﾘ                                                ,   108, 乳製品
     00010821, shiki2634                                                          , ｼﾞｮﾝｶﾞｷﾑﾁ 320gｲﾘ                                                  ,   118, 漬物
     00010822, shiki2636                                                          , ｳﾒｼｿｿｰﾒﾝ 110gｲﾘ                                                   ,   107, 乾物
     00010823, shiki2637                                                          , ﾒﾛﾝ                                                               ,    80, 瓜類
     00010824, shiki2638                                                          , ﾖﾝｽﾝｼｷｶﾞﾐ 100ﾏｲｲﾘ                                                 ,    99, 飾り物
     00010825, shiki2643                                                          , ｴﾝｾｷﾎｾﾝｼ 100ﾏｲｲﾘ                                                  ,   100, その他
     00010826, shiki2644                                                          , ﾅﾝﾃﾝ                                                              ,   100, その他
     00010827, shiki2645                                                          , ｶｯﾄﾜｶﾒ 25gｲﾘ                                                      ,   107, 乾物
     00010828, shiki2646                                                          , ﾌｸｼﾞﾝﾂｹ 160gｲﾘ                                                    ,   118, 漬物
     00010829, shiki2652                                                          , N-1ﾖｰｸﾞﾙﾄ 380gｲﾘ                                                  ,   108, 乳製品
     00010830, shiki2658                                                          , ﾒｲｼﾞｵｲｼｲｷﾞｭｳﾆｭｳ 200ml                                             ,   108, 乳製品
     00010831, shiki2659                                                          , ｸﾞﾗﾆｭｰﾄｳ 500gｲﾘ                                                   ,   121, 調味料
     00010832, shiki2660                                                          , ﾀｶﾅｱﾌﾞﾗｲﾀﾒ 125g ｲﾘ                                                ,   118, 漬物
     00010833, shiki2661                                                          , ｺｳﾔﾄﾞｳﾌ 100ｺｲﾘ                                                    ,   100, その他
     00010834, shiki2662                                                          , ｶｵﾘｶｵﾙﾑｷﾞﾁｬ 45ﾌｸﾛｲﾘｲﾄｳｴﾝ                                          ,   110, 飲料品
     00010835, shiki2663                                                          , ｼﾞｬｺｷﾌﾞﾝｾﾝﾍﾞｲ                                                     ,    93, 甘味
     00010836, shiki2664                                                          , ｱﾝﾊﾟﾝﾏﾝﾍﾞﾋﾞｰｾﾝﾍﾞｲ                                                 ,    93, 甘味
     00010837, shiki2665                                                          , ｷﾅｺﾓﾁｾﾝﾍﾞｲ                                                        ,    93, 甘味
     00010838, shiki2666                                                          , ｻﾗｽﾊﾟ 160gｲﾘ                                                      ,   100, その他
     00010839, shiki2667                                                          , ｸﾏﾗｸﾉｳｷﾞｭｳﾆｭｳ 500ml                                               ,   108, 乳製品
     00010840, shiki2668                                                          , ﾋﾞｽｺ 5ﾏｲｶｹﾙ3pｲﾘ                                                   ,    93, 甘味
     00010841, shiki2670                                                          , ﾘｯﾂ 25ﾏｲｶｹﾙ3pｲﾘ                                                   ,   122, 菓子
     00010842, shiki2671                                                          , ｲﾘｺﾞﾏ ｼﾛ150gｲﾘ                                                    ,   100, その他
     00010843, shiki2673                                                          , ｽｰﾊﾟｰｶｯﾌﾟﾐﾆ 6ｺｲﾘ                                                  ,   100, その他
     00010844, shiki2679                                                          , ｸﾘｰﾑｼﾁｭｰﾉﾓﾄｶﾘｭｳ                                                   ,   121, 調味料
     00010845, shiki2680                                                          , ｳｽｸﾁｼｮｳﾕ 500mlｲﾘ                                                  ,   121, 調味料
     00010846, shiki2681                                                          , ﾓﾒﾝﾄｳﾌ 400gｲﾘ                                                     ,    98, 豆腐類
     00010847, shiki2682                                                          , ｷﾇﾄｳﾌ 400gｲﾘ                                                      ,    98, 豆腐類
     00010848, shiki2683                                                          , ﾏｯｼｭﾙｰﾑｶﾝ 185gｲﾘ                                                  ,   100, その他
     00010849, shiki2684                                                          , ｷｭｳｼｭｳﾎﾝｼﾞｺﾐﾅｯﾄｳ 40g3ｺｸﾐ                                          ,    30, 豆
     00010850, shiki2685                                                          , ﾃﾞﾝｶﾞｸﾐｿ 700Gｲﾘ                                                   ,    94, 味噌類
     00010851, shiki2686                                                          , ｷｼｭｳﾅﾝｺｳｳﾒ 100gｲﾘ                                                 ,   118, 漬物
     00010852, shiki2688                                                          , ﾔｷｿﾊﾞﾒﾝﾒﾝ 3ｼｮｸｲﾘ                                                  ,   120, 麺
     00010853, shiki2689                                                          , ﾃﾞｨﾙ                                                              ,    65, その他
     00010854, shiki2692                                                          , ﾌﾞﾙｶﾞﾘｱﾖｰｸﾞﾙﾄ                                                     ,   108, 乳製品
     00010855, shiki2702                                                          , ｵｶﾜｶﾒ                                                             ,    17, その他葉物
     00010856, shiki2703                                                          , ﾔﾏｷﾒﾝﾂﾕ 500mlｲﾘ                                                   ,   121, 調味料
     00010857, shiki2704                                                          , ｴﾝﾎﾞｽﾃﾌﾞｸﾛﾌﾞﾙｰ M100ﾏｲｲﾘ                                           ,   100, その他
     00010858, shiki2705                                                          , ｳｽﾞﾗﾉﾀﾏｺﾞﾐｽﾞﾆ 15ｺｲﾘ                                               ,   115, 玉子（加工品）
     00010859, コーンスターチ　250g                                               , ｺｰﾝｽﾀｰﾁ 250g                                                      ,   100, その他
     00010860, 薄口醤油　光　1.8L入                                               , ｳｽｸﾁｼｮｳﾕ  ﾋｶﾘ 1.8lｲﾘ                                              ,   121, 調味料
     00010861, 干椎茸　500g                                                       , ﾎｼｼｲﾀｹ 500g                                                       ,   107, 乾物
     00010862, ストロベリーソース　150g入                                         , ｽﾄﾛﾍﾞﾘｰｿｰｽ 150gｲﾘ                                                 ,   100, その他
     00010863, 一味唐辛子　17g入                                                  , ｲﾁﾐﾄｳｶﾞﾗｼ 17gｲﾘ                                                   ,   121, 調味料
     00010864, アーモンドミルク　1L                                               , ｱｰﾓﾝﾄﾞﾐﾙｸ 1L                                                      ,   108, 乳製品
     00010865, 刻み高菜　1kg入                                                    , ｷｻﾞﾐﾀｶﾅ 1kgｲﾘ                                                     ,   118, 漬物
     00010866, 松葉串　8㎝100本入                                                 , ﾏtﾊﾞﾞｸｼ 8ｾﾝﾁ100ﾎﾝｲﾘ                                               ,   100, その他
     00010867, 淡雪麩　63g入                                                      , ｱﾜﾕｷﾌ 63gｲﾘ                                                       ,   100, その他
     00010868, 国産鶏皮ポン酢　500g入                                             , ｺｸｻﾝﾄﾘｶﾜﾎﾟﾝｽﾞ 500gｲﾘ                                              ,   100, その他
     00010869, 素焼きアーモンド　170g入                                           , ｽﾔｷｱｰﾓﾝﾄﾞ 170gｲﾘ                                                  ,   100, その他
     00010870, ﾊﾟﾜｰｷｯｽﾞ納豆　30g×3個組                                           , ﾊﾟﾜｰｷｯｽﾞﾅｯﾄｳ 30gｶｹﾙ3ｺｸﾞﾐ                                          ,   100, その他
     00010871, 生とんぶり                                                         , ﾅﾏﾄﾝﾌﾞﾘ                                                           ,    65, その他
     00010872, しそ昆布佃煮　105g                                                 , ｼｿｺﾝﾌﾞﾂｸﾀﾞﾆ 105g                                                  ,   118, 漬物
     00010873, みかん缶　＃1                                                      , ﾐｶﾝｶﾝ #1                                                          ,   100, その他
     00010874, みかん缶　＃2                                                      , ﾐｶﾝｶﾝ #2                                                          ,   100, その他
     00010875, オリーブオイルピュア　200ml                                        , ｵﾘｰﾌﾞｵｲﾙﾋﾟｭｱ 200ml                                                ,   100, その他
     00010876, アルトバイエルン　409g入                                           , ｱﾙﾄﾊﾞｲｴﾙﾝ                                                         ,   100, その他
     00010877, アルトバイエルン　136g入                                           , ｱﾙﾄﾊﾞｲｴﾙﾝ 136gｲﾘ                                                  ,   100, その他
     00010878, カルピス原液　470ml入                                              , ｶﾙﾋﾟｽｹﾞﾝｴｷ 470mlｲﾘ                                                ,   110, 飲料品
     00010879, 干椎茸　50g入                                                      , ﾎｼｼｲﾀｹ 50gｲﾘ                                                      ,   107, 乾物
     00010880, 苺ジャム　700g入                                                   , ｲﾁｺﾞｼﾞｬﾑ 700gｲﾘ                                                   ,   121, 調味料
     00010881, カニカマ　4本　60g入                                               , ｻﾗﾀﾞﾆﾅｲｽ ｶﾆｶﾏ 4ﾎﾝ 60gｲﾘ                                           ,   117, 練り製品
     00010882, ホールコーン缶　＃4　250g                                          , ﾎｰﾙｺｰﾝｶﾝ #4                                                       ,   112, 加工野菜
     00010883, 黒砂糖　500g入                                                     , ｸﾛｻﾄｳ 500gｲﾘ                                                      ,   121, 調味料
     00010884, オリーブオイルピュア　400ml                                        , ｵﾘｰﾌﾞｵｲﾙﾋﾟｭｱ 400ml                                                ,   100, その他
     00010885, 薄口醤油　1.8L                                                     , ｳｽｸﾁｼｮｳﾕ 1.8l                                                     ,   121, 調味料
     00010886, なよろイエローコーン                                               , ﾅﾖﾛｲｴﾛｰｺｰﾝ                                                        ,    20, とうもろこし
     00010887, 塩っぺ　小                                                         , ｼｵｯﾍﾟｼｮｳ                                                          ,   100, その他
     00010888, ゆかり　小                                                         , ﾕｶﾘ ｼｮｳ                                                           ,   100, その他
     00010889, 栗甘露　M中2P瓶　                                                  , ｸﾘｶﾝﾛ Mﾁｭｳ2pﾋﾞﾝ                                                   ,    93, 甘味
     00010890, 渋皮栗甘露　M小2P瓶                                                , ｼﾌﾞｶﾜｸﾘｶﾝﾛ Mｼｮｳ2pﾋﾞﾝ                                              ,    93, 甘味
     00010891, フルーツ盛り合わせ                                                 , ﾌﾙｰﾂﾓﾘｱﾜｾ                                                         ,    88, その他果物
     00010892, 焼きそばソース　500ml入                                            , ﾔｷｿﾊﾞｿｰｽ 500mlｲﾘ                                                  ,   121, 調味料
     00010893, 焼きそばソース　300ml入                                            , ﾔｷｿﾊﾞｿｰｽ 300mlｲﾘ                                                  ,   121, 調味料
     00010894, ミルクチョコレート　200g入                                         , ﾐﾙｸﾁｮｺﾚｰﾄ 200gｲﾘ                                                  ,   100, その他
     00010895, 練り辛子　175g入                                                   , ﾈﾘｶﾗｼ 175gｲﾘ                                                      ,   121, 調味料
     00010896, 食パン　5枚切                                                      , ｼｮｸﾊﾟﾝ 5ﾏｲｷﾞﾘ                                                     ,   100, その他
     00010897, 焼きそば麺　150g入                                                 , ﾔｷｿﾊﾞﾒﾝ 150gｲﾘ                                                    ,   120, 麺
     00010898, イカリウスターソース　300ml入                                      , ｲｶﾘｳｽﾀｰｿｰｽ　300mlｲﾘ                                               ,   121, 調味料
     00010899, サンド用パン　12枚入                                               , ｻﾝﾄﾞﾖｳﾊﾟﾝ 12ﾏｲｲﾘ                                                  ,   100, その他
     00010900, 古高菜漬　220g入                                                   , ﾌﾙﾀｶﾅﾂﾞｹ 220gｲﾘ                                                   ,   118, 漬物
     00010901, おにぎりせんべい　ﾌｧﾐﾘｰﾊﾟｯｸ                                        , ｵﾆｷﾞﾘｾﾝﾍﾞｲ ﾌｧﾐﾘｰﾊﾟｯｸ                                              ,    93, 甘味
     00010902, 1才からのかっぱえびせん                                            , 1ｻｲｶﾗﾉｶｯﾊﾟｴﾋﾞｾﾝ                                                   ,   122, 菓子
     00010903, パン粉　400g入                                                     , ﾊﾟﾝｺ 400gｲﾘ                                                       ,    97, 袋物
     00010904, 刻み紅生姜　60g入                                                  , ｷｻﾞﾐﾍﾞﾆｼｮｳｶﾞ 60gｲﾘ                                                ,   100, その他
     00010905, チョイスビスケット                                                 , ﾁｮｲｽﾋﾞｽｹｯﾄ                                                        ,    93, 甘味
     00010906, 北海道産冷凍ホールコーン　1k入                                     , ﾎｯｶｲﾄﾞｳｻﾝﾚｲﾄｳﾎｰﾙｺｰﾝ 1kｲﾘ                                          ,   103, 冷凍　野菜
     00010907, うまかLたくあん                                                    , ｳﾏｶLﾀｸｱﾝ                                                          ,   118, 漬物
     00010908, 甘酢生姜　60g                                                      , ｱﾏｽﾞｼｮｳｶﾞ 60g                                                     ,   118, 漬物
     00010909, キムチの素　1kg入                                                  , ｷﾑﾁﾉﾓﾄ 1kgｲﾘ                                                      ,   100, その他
     00010910, くれない塩　500g入                                                 , ｸﾚﾅｲｼｵ 500gｲﾘ                                                     ,   121, 調味料
     00010911, 小豆最中　6個入                                                    , ｱｽﾞｷﾓﾅｶ 6ｺｲﾘ                                                      ,   100, その他
     00010912, 紅葉饅頭　8個入                                                    , ﾓﾐｼﾞﾏﾝｼﾞｭｳ 8ｺｲﾘ                                                   ,   100, その他
     00010913, 焼妙版                                                             , ﾔｷﾐｮｳﾊﾞﾝ                                                          ,   100, その他
     00010914, いきなり団子                                                       , ｲｷﾅﾘﾀﾞﾝｺﾞ                                                         ,   100, その他
     00010915, オールスパイス　16g入                                              , ｵｰﾙｽﾊﾟｲｽ 16gｲﾘ                                                    ,   121, 調味料
     00010916, 久木野そば                                                         , ｸｷﾞﾉｿﾊﾞ                                                           ,   120, 麺
     00010917, 洗いもずく　110g                                                   , ｱﾗｲﾓｽﾞｸ 110g                                                      ,   111, 海藻類
     00010918, アーモンドスライス                                                 , ｱｰﾓﾝﾄﾞｽﾗｲｽ                                                        ,   100, その他
     00010919, キムチ　1kg入                                                      , ｷﾑﾁ                                                               ,   118, 漬物
     00010920, リードペーパー　中2本入                                            , ﾘｰﾄﾞﾍﾟｰﾊﾟｰ ﾁｭｳ2ﾎﾝｲﾘ                                               ,   100, その他
     00010921, 当りごま　黒300g入                                                 , ｱﾀﾘｺﾞﾏ ｸﾛ300gｲﾘ                                                   ,   100, その他
     00010922, トマトピューレ　1kg入                                              , ﾄﾏﾄﾋﾟｭｰﾚ 1kgｲﾘ                                                    ,   112, 加工野菜
     00010923, スパゲティ　1.6㎜ 300g入                                           , ｽﾊﾟｹﾞﾃｨ 1.6mm  300gｲﾘ                                             ,   120, 麺
     00010924, マヨネーズ　350g入                                                 , ﾏﾖﾈｰｽﾞ 350gｲﾘ                                                     ,   121, 調味料
     00010925, コーンフレークプレーン 180g                                        , ｺｰﾝﾌﾚｰｸﾌﾟﾚｰﾝ                                                      ,   100, その他
     00010926, つる麦　1kg入                                                      ,                                                                   ,   100, その他
     00010927, 調整豆乳　200ml                                                    , ﾁｮｳｾｲﾄｳﾆｭｳ 200ml                                                  ,   110, 飲料品
     00010928, コーングリッツ　1kg入                                              , ｺｰﾝｸﾞﾘｯﾂ 1kgｲﾘ                                                    ,   100, その他
     00010929, 一食用海苔佃煮　5g×40個入                                         , ｲｯｼｮｸﾖｳﾉﾘﾂｸﾀﾞﾆ 5gｶ40ｺｲﾘ                                           ,   100, その他
     00010930, ハヤシライスソース　190g入                                         , ﾊﾔｼﾗｲｽｿｰｽ 190gｲﾘ                                                  ,   100, その他
     00010931, シスコーンフロスト 220g入                                          , ｼｽｺｰﾝﾌﾛｽﾄ  220gｲﾘ                                                 ,   100, その他
     00010932, 人参ペースト　1㎏入                                                , ﾆﾝｼﾞﾝﾍﾟｰｽﾄ 1kgｲﾘ                                                  ,   112, 加工野菜
     00010933, テスト25                                                           , ﾃｽﾄ25                                                             ,    13, ブロッコリー
     00010934, ０８２６テスト                                                     , 0826ﾃｽﾄ                                                           ,     5, チンゲン菜
     00010935, new line                                                           , ﾃｽﾄ9ｶﾞﾂ                                                           ,     6, レタス
